trial,variant,producer_dt,consumer_dt,producer_blocks,consumer_blocks,device,compute_capability,auto_select,selection_target,selected_implementation,selection_confidence,predicted_kernel_ms,selection_reason,backend,stage_space,stage_handoff,flow_tile_log,data_space,role_stages,target_ctas_per_sm,data_time,token_interleave,pipeline_buffers,dataflow_layout,dataflow_state,compute_unit,word_bits,logN,N,batch,modulus,modulus_bits,n1_log,rows_per_block,threads_per_block,hierarchical_core,stage_partition,segment_cores,segment_threads,segment_units,segment_data_space,segment_data_time,segment_role_stages,segment_token_interleave,segment_coefficient_reuse_stages,segment_cta_weights,boundary_storage,boundary_buffers,ready_window,inverse,warmup,repeat,h2d_ms,kernel_ms,timed_region_wall_ms,host_timing_overhead_ms,appt_producer_weight,appt_tail_weight,appt_writer_weight,appt_fragment_width,appt_writer_tiles,appt_data_time_roles,input_order,output_order,appt_layout_id,d2h_ms,kernel_ntt_s,end_to_end_ntt_s,kernel_points_s,cross_twiddle,mod_multiply,correct
1,v06,1,1,91,69,"Tesla V100-SXM2-16GB",7.0,0,"v100-sm70","hierarchical-dataflow-wave-10x10-resident-radix4","experimental",0.000000,"transform-wave readiness with the generated resident radix-4 core",hierarchical-dataflow,0,named-barrier,0,0,0,4,0,0,0,hermes-xor,inplace,radix4,32,20,1048576,16,998244353,30,0,0,0,dataflow-radix4,"10+10","dataflow-radix4+dataflow-radix4","256+256","1+1","0+0","1+1","0+0","0+0","0+0","17+13","full-scratch","1",8,0,5,30,10.887872,1.583206,1.583452,0.000246,0,0,0,0,0,7,natural,natural,"",10.122688,10106.073249,708.159927,10596985863.104137,fused,shoup,-1
1,d7,1,1,85,75,"Tesla V100-SXM2-16GB",7.0,0,"v100-sm70","hierarchical-dataflow-homogeneous-warp128-vector-radix4-static-io-10x10","experimental",0.000000,"warp-parallel subgraphs with dependency-wave readiness",hierarchical-dataflow,0,named-barrier,0,0,0,2,0,0,0,hermes-xor,inplace,radix4,32,20,1048576,16,998244353,30,0,0,0,dataflow-radix4,"10+10","homogeneous-warp128-vector-radix4-static-io+homogeneous-warp128-vector-radix4-static-io","256+256","8+8","4+4","1+1","0+0","0+0","7+7","85+75","full-scratch","1",8,0,5,30,10.881376,1.262251,1.262517,0.000267,0,0,0,0,0,7,natural,natural,"",10.109824,12675.770735,718.989604,13291508974.462357,fused,shoup,-1
1,lane32,1,1,72,88,"Tesla V100-SXM2-16GB",7.0,0,"v100-sm70","hierarchical-dataflow-homogeneous-warp128-vector-radix4-packed-stage6-distributed-static-io-10x10","experimental",0.000000,"all 32 lanes issue aligned stage-6 coefficient pairs from a prepacked side table",hierarchical-dataflow,0,named-barrier,0,0,0,2,0,0,0,hermes-xor,inplace,radix4,32,20,1048576,16,998244353,30,0,0,0,dataflow-radix4,"10+10","homogeneous-warp128-vector-radix4-packed-stage6-distributed-static-io+homogeneous-warp128-vector-radix4-packed-stage6-distributed-static-io","256+256","8+8","4+4","1+1","0+0","0+0","6+6","72+88","full-scratch","1",8,0,5,30,10.882400,1.368849,1.369072,0.000223,0,0,0,0,0,7,natural,natural,"",10.113280,11688.651957,715.418602,12256439914.881626,fused,shoup,-1
1,lane32,1,1,74,86,"Tesla V100-SXM2-16GB",7.0,0,"v100-sm70","hierarchical-dataflow-homogeneous-warp128-vector-radix4-packed-stage6-distributed-static-io-10x10","experimental",0.000000,"all 32 lanes issue aligned stage-6 coefficient pairs from a prepacked side table",hierarchical-dataflow,0,named-barrier,0,0,0,2,0,0,0,hermes-xor,inplace,radix4,32,20,1048576,16,998244353,30,0,0,0,dataflow-radix4,"10+10","homogeneous-warp128-vector-radix4-packed-stage6-distributed-static-io+homogeneous-warp128-vector-radix4-packed-stage6-distributed-static-io","256+256","8+8","4+4","1+1","0+0","0+0","6+6","74+86","full-scratch","1",8,0,5,30,10.887936,1.360623,1.360892,0.000269,0,0,0,0,0,7,natural,natural,"",10.130144,11759.320089,714.965486,12330540821.821295,fused,shoup,-1
1,lane32,1,1,76,84,"Tesla V100-SXM2-16GB",7.0,0,"v100-sm70","hierarchical-dataflow-homogeneous-warp128-vector-radix4-packed-stage6-distributed-static-io-10x10","experimental",0.000000,"all 32 lanes issue aligned stage-6 coefficient pairs from a prepacked side table",hierarchical-dataflow,0,named-barrier,0,0,0,2,0,0,0,hermes-xor,inplace,radix4,32,20,1048576,16,998244353,30,0,0,0,dataflow-radix4,"10+10","homogeneous-warp128-vector-radix4-packed-stage6-distributed-static-io+homogeneous-warp128-vector-radix4-packed-stage6-distributed-static-io","256+256","8+8","4+4","1+1","0+0","0+0","6+6","76+84","full-scratch","1",8,0,5,30,10.879328,1.253342,1.253615,0.000273,0,0,0,0,0,7,natural,natural,"",10.118080,12765.870056,719.076891,13385984959.884890,fused,shoup,-1
1,lane32,1,1,78,82,"Tesla V100-SXM2-16GB",7.0,0,"v100-sm70","hierarchical-dataflow-homogeneous-warp128-vector-radix4-packed-stage6-distributed-static-io-10x10","experimental",0.000000,"all 32 lanes issue aligned stage-6 coefficient pairs from a prepacked side table",hierarchical-dataflow,0,named-barrier,0,0,0,2,0,0,0,hermes-xor,inplace,radix4,32,20,1048576,16,998244353,30,0,0,0,dataflow-radix4,"10+10","homogeneous-warp128-vector-radix4-packed-stage6-distributed-static-io+homogeneous-warp128-vector-radix4-packed-stage6-distributed-static-io","256+256","8+8","4+4","1+1","0+0","0+0","6+6","78+82","full-scratch","1",8,0,5,30,10.880640,1.234330,1.234597,0.000268,0,0,0,0,0,7,natural,natural,"",10.124640,12962.502271,719.437074,13592168781.100269,fused,shoup,-1
1,lane32,1,1,80,80,"Tesla V100-SXM2-16GB",7.0,0,"v100-sm70","hierarchical-dataflow-homogeneous-warp128-vector-radix4-packed-stage6-distributed-static-io-10x10","experimental",0.000000,"all 32 lanes issue aligned stage-6 coefficient pairs from a prepacked side table",hierarchical-dataflow,0,named-barrier,0,0,0,2,0,0,0,hermes-xor,inplace,radix4,32,20,1048576,16,998244353,30,0,0,0,dataflow-radix4,"10+10","homogeneous-warp128-vector-radix4-packed-stage6-distributed-static-io+homogeneous-warp128-vector-radix4-packed-stage6-distributed-static-io","256+256","8+8","4+4","1+1","0+0","0+0","6+6","80+80","full-scratch","1",8,0,5,30,10.875712,1.197090,1.197334,0.000244,0,0,0,0,0,7,natural,natural,"",10.133760,13365.743603,720.507717,14014997964.067429,fused,shoup,-1
1,lane32,1,1,82,78,"Tesla V100-SXM2-16GB",7.0,0,"v100-sm70","hierarchical-dataflow-homogeneous-warp128-vector-radix4-packed-stage6-distributed-static-io-10x10","experimental",0.000000,"all 32 lanes issue aligned stage-6 coefficient pairs from a prepacked side table",hierarchical-dataflow,0,named-barrier,0,0,0,2,0,0,0,hermes-xor,inplace,radix4,32,20,1048576,16,998244353,30,0,0,0,dataflow-radix4,"10+10","homogeneous-warp128-vector-radix4-packed-stage6-distributed-static-io+homogeneous-warp128-vector-radix4-packed-stage6-distributed-static-io","256+256","8+8","4+4","1+1","0+0","0+0","6+6","82+78","full-scratch","1",8,0,5,30,10.879008,1.195657,1.195900,0.000243,0,0,0,0,0,7,natural,natural,"",10.122048,13381.769339,720.827442,14031802166.137348,fused,shoup,-1
1,lane32,1,1,84,76,"Tesla V100-SXM2-16GB",7.0,0,"v100-sm70","hierarchical-dataflow-homogeneous-warp128-vector-radix4-packed-stage6-distributed-static-io-10x10","experimental",0.000000,"all 32 lanes issue aligned stage-6 coefficient pairs from a prepacked side table",hierarchical-dataflow,0,named-barrier,0,0,0,2,0,0,0,hermes-xor,inplace,radix4,32,20,1048576,16,998244353,30,0,0,0,dataflow-radix4,"10+10","homogeneous-warp128-vector-radix4-packed-stage6-distributed-static-io+homogeneous-warp128-vector-radix4-packed-stage6-distributed-static-io","256+256","8+8","4+4","1+1","0+0","0+0","6+6","84+76","full-scratch","1",8,0,5,30,10.867072,1.180604,1.180863,0.000259,0,0,0,0,0,7,natural,natural,"",10.109568,13552.388005,722.111485,14210708804.852205,fused,shoup,-1
1,lane32,1,1,85,75,"Tesla V100-SXM2-16GB",7.0,0,"v100-sm70","hierarchical-dataflow-homogeneous-warp128-vector-radix4-packed-stage6-distributed-static-io-10x10","experimental",0.000000,"all 32 lanes issue aligned stage-6 coefficient pairs from a prepacked side table",hierarchical-dataflow,0,named-barrier,0,0,0,2,0,0,0,hermes-xor,inplace,radix4,32,20,1048576,16,998244353,30,0,0,0,dataflow-radix4,"10+10","homogeneous-warp128-vector-radix4-packed-stage6-distributed-static-io+homogeneous-warp128-vector-radix4-packed-stage6-distributed-static-io","256+256","8+8","4+4","1+1","0+0","0+0","6+6","85+75","full-scratch","1",8,0,5,30,10.868768,1.195759,1.195989,0.000230,0,0,0,0,0,7,natural,natural,"",10.112576,13380.623369,721.464863,14030600529.723740,fused,shoup,-1
1,lane32,1,1,86,74,"Tesla V100-SXM2-16GB",7.0,0,"v100-sm70","hierarchical-dataflow-homogeneous-warp128-vector-radix4-packed-stage6-distributed-static-io-10x10","experimental",0.000000,"all 32 lanes issue aligned stage-6 coefficient pairs from a prepacked side table",hierarchical-dataflow,0,named-barrier,0,0,0,2,0,0,0,hermes-xor,inplace,radix4,32,20,1048576,16,998244353,30,0,0,0,dataflow-radix4,"10+10","homogeneous-warp128-vector-radix4-packed-stage6-distributed-static-io+homogeneous-warp128-vector-radix4-packed-stage6-distributed-static-io","256+256","8+8","4+4","1+1","0+0","0+0","6+6","86+74","full-scratch","1",8,0,5,30,10.871392,1.170944,1.171152,0.000208,0,0,0,0,0,7,natural,natural,"",10.108800,13664.189180,722.310580,14327940833.866425,fused,shoup,-1
1,lane32,1,1,88,72,"Tesla V100-SXM2-16GB",7.0,0,"v100-sm70","hierarchical-dataflow-homogeneous-warp128-vector-radix4-packed-stage6-distributed-static-io-10x10","experimental",0.000000,"all 32 lanes issue aligned stage-6 coefficient pairs from a prepacked side table",hierarchical-dataflow,0,named-barrier,0,0,0,2,0,0,0,hermes-xor,inplace,radix4,32,20,1048576,16,998244353,30,0,0,0,dataflow-radix4,"10+10","homogeneous-warp128-vector-radix4-packed-stage6-distributed-static-io+homogeneous-warp128-vector-radix4-packed-stage6-distributed-static-io","256+256","8+8","4+4","1+1","0+0","0+0","6+6","88+72","full-scratch","1",8,0,5,30,10.868704,1.205965,1.206188,0.000224,0,0,0,0,0,7,natural,natural,"",10.110560,13267.385541,721.200577,13911862061.468317,fused,shoup,-1
1,lane32,1,1,90,70,"Tesla V100-SXM2-16GB",7.0,0,"v100-sm70","hierarchical-dataflow-homogeneous-warp128-vector-radix4-packed-stage6-distributed-static-io-10x10","experimental",0.000000,"all 32 lanes issue aligned stage-6 coefficient pairs from a prepacked side table",hierarchical-dataflow,0,named-barrier,0,0,0,2,0,0,0,hermes-xor,inplace,radix4,32,20,1048576,16,998244353,30,0,0,0,dataflow-radix4,"10+10","homogeneous-warp128-vector-radix4-packed-stage6-distributed-static-io+homogeneous-warp128-vector-radix4-packed-stage6-distributed-static-io","256+256","8+8","4+4","1+1","0+0","0+0","6+6","90+70","full-scratch","1",8,0,5,30,10.881312,1.269419,1.269667,0.000249,0,0,0,0,0,7,natural,natural,"",10.123872,12604.194182,718.306857,13216455518.454910,fused,shoup,-1
1,lane32,1,2,72,88,"Tesla V100-SXM2-16GB",7.0,0,"v100-sm70","hierarchical-dataflow-homogeneous-warp128-vector-radix4-packed-stage6-distributed-static-io-10x10","experimental",0.000000,"all 32 lanes issue aligned stage-6 coefficient pairs from a prepacked side table",hierarchical-dataflow,0,named-barrier,0,0,0,2,0,0,0,hermes-xor,inplace,radix4,32,20,1048576,16,998244353,30,0,0,0,dataflow-radix4,"10+10","homogeneous-warp128-vector-radix4-packed-stage6-distributed-static-io+homogeneous-warp128-vector-radix4-packed-stage6-distributed-static-io","256+256","8+8","4+4","1+2","0+0","0+0","6+6","72+88","full-scratch","1",8,0,5,30,10.866592,1.302221,1.302462,0.000241,0,0,0,0,0,7,natural,natural,"",10.114464,12286.702637,718.027244,12883541504.284033,fused,shoup,-1
1,lane32,1,2,74,86,"Tesla V100-SXM2-16GB",7.0,0,"v100-sm70","hierarchical-dataflow-homogeneous-warp128-vector-radix4-packed-stage6-distributed-static-io-10x10","experimental",0.000000,"all 32 lanes issue aligned stage-6 coefficient pairs from a prepacked side table",hierarchical-dataflow,0,named-barrier,0,0,0,2,0,0,0,hermes-xor,inplace,radix4,32,20,1048576,16,998244353,30,0,0,0,dataflow-radix4,"10+10","homogeneous-warp128-vector-radix4-packed-stage6-distributed-static-io+homogeneous-warp128-vector-radix4-packed-stage6-distributed-static-io","256+256","8+8","4+4","1+2","0+0","0+0","6+6","74+86","full-scratch","1",8,0,5,30,10.868256,1.286246,1.286483,0.000237,0,0,0,0,0,7,natural,natural,"",10.110432,12439.296051,718.618803,13043547296.059610,fused,shoup,-1
1,lane32,1,2,76,84,"Tesla V100-SXM2-16GB",7.0,0,"v100-sm70","hierarchical-dataflow-homogeneous-warp128-vector-radix4-packed-stage6-distributed-static-io-10x10","experimental",0.000000,"all 32 lanes issue aligned stage-6 coefficient pairs from a prepacked side table",hierarchical-dataflow,0,named-barrier,0,0,0,2,0,0,0,hermes-xor,inplace,radix4,32,20,1048576,16,998244353,30,0,0,0,dataflow-radix4,"10+10","homogeneous-warp128-vector-radix4-packed-stage6-distributed-static-io+homogeneous-warp128-vector-radix4-packed-stage6-distributed-static-io","256+256","8+8","4+4","1+2","0+0","0+0","6+6","76+84","full-scratch","1",8,0,5,30,10.867648,1.265562,1.265772,0.000210,0,0,0,0,0,7,natural,natural,"",10.108384,12642.608819,719.372906,13256736184.483107,fused,shoup,-1
1,lane32,1,2,78,82,"Tesla V100-SXM2-16GB",7.0,0,"v100-sm70","hierarchical-dataflow-homogeneous-warp128-vector-radix4-packed-stage6-distributed-static-io-10x10","experimental",0.000000,"all 32 lanes issue aligned stage-6 coefficient pairs from a prepacked side table",hierarchical-dataflow,0,named-barrier,0,0,0,2,0,0,0,hermes-xor,inplace,radix4,32,20,1048576,16,998244353,30,0,0,0,dataflow-radix4,"10+10","homogeneous-warp128-vector-radix4-packed-stage6-distributed-static-io+homogeneous-warp128-vector-radix4-packed-stage6-distributed-static-io","256+256","8+8","4+4","1+2","0+0","0+0","6+6","78+82","full-scratch","1",8,0,5,30,10.867968,1.248188,1.248405,0.000217,0,0,0,0,0,7,natural,natural,"",10.109184,12818.584072,719.899009,13441259611.505709,fused,shoup,-1
1,lane32,1,2,80,80,"Tesla V100-SXM2-16GB",7.0,0,"v100-sm70","hierarchical-dataflow-homogeneous-warp128-vector-radix4-packed-stage6-distributed-static-io-10x10","experimental",0.000000,"all 32 lanes issue aligned stage-6 coefficient pairs from a prepacked side table",hierarchical-dataflow,0,named-barrier,0,0,0,2,0,0,0,hermes-xor,inplace,radix4,32,20,1048576,16,998244353,30,0,0,0,dataflow-radix4,"10+10","homogeneous-warp128-vector-radix4-packed-stage6-distributed-static-io+homogeneous-warp128-vector-radix4-packed-stage6-distributed-static-io","256+256","8+8","4+4","1+2","0+0","0+0","6+6","80+80","full-scratch","1",8,0,5,30,10.893632,1.384175,1.384396,0.000221,0,0,0,0,0,7,natural,natural,"",10.112320,11559.232510,714.600687,12120733788.171370,fused,shoup,-1
1,lane32,1,2,82,78,"Tesla V100-SXM2-16GB",7.0,0,"v100-sm70","hierarchical-dataflow-homogeneous-warp128-vector-radix4-packed-stage6-distributed-static-io-10x10","experimental",0.000000,"all 32 lanes issue aligned stage-6 coefficient pairs from a prepacked side table",hierarchical-dataflow,0,named-barrier,0,0,0,2,0,0,0,hermes-xor,inplace,radix4,32,20,1048576,16,998244353,30,0,0,0,dataflow-radix4,"10+10","homogeneous-warp128-vector-radix4-packed-stage6-distributed-static-io+homogeneous-warp128-vector-radix4-packed-stage6-distributed-static-io","256+256","8+8","4+4","1+2","0+0","0+0","6+6","82+78","full-scratch","1",8,0,5,30,10.895168,1.270067,1.270339,0.000272,0,0,0,0,0,7,natural,natural,"",10.128480,12597.758458,717.691047,13209707173.215635,fused,shoup,-1
1,lane32,1,2,84,76,"Tesla V100-SXM2-16GB",7.0,0,"v100-sm70","hierarchical-dataflow-homogeneous-warp128-vector-radix4-packed-stage6-distributed-static-io-10x10","experimental",0.000000,"all 32 lanes issue aligned stage-6 coefficient pairs from a prepacked side table",hierarchical-dataflow,0,named-barrier,0,0,0,2,0,0,0,hermes-xor,inplace,radix4,32,20,1048576,16,998244353,30,0,0,0,dataflow-radix4,"10+10","homogeneous-warp128-vector-radix4-packed-stage6-distributed-static-io+homogeneous-warp128-vector-radix4-packed-stage6-distributed-static-io","256+256","8+8","4+4","1+2","0+0","0+0","6+6","84+76","full-scratch","1",8,0,5,30,10.886336,1.277099,1.277342,0.000243,0,0,0,0,0,7,natural,natural,"",10.128576,12528.396640,717.745910,13136976034.749294,fused,shoup,-1
1,lane32,1,2,85,75,"Tesla V100-SXM2-16GB",7.0,0,"v100-sm70","hierarchical-dataflow-homogeneous-warp128-vector-radix4-packed-stage6-distributed-static-io-10x10","experimental",0.000000,"all 32 lanes issue aligned stage-6 coefficient pairs from a prepacked side table",hierarchical-dataflow,0,named-barrier,0,0,0,2,0,0,0,hermes-xor,inplace,radix4,32,20,1048576,16,998244353,30,0,0,0,dataflow-radix4,"10+10","homogeneous-warp128-vector-radix4-packed-stage6-distributed-static-io+homogeneous-warp128-vector-radix4-packed-stage6-distributed-static-io","256+256","8+8","4+4","1+2","0+0","0+0","6+6","85+75","full-scratch","1",8,0,5,30,10.892320,1.299832,1.300080,0.000248,0,0,0,0,0,7,natural,natural,"",10.135232,12309.287690,716.608833,12907223648.771246,fused,shoup,-1
1,lane32,1,2,86,74,"Tesla V100-SXM2-16GB",7.0,0,"v100-sm70","hierarchical-dataflow-homogeneous-warp128-vector-radix4-packed-stage6-distributed-static-io-10x10","experimental",0.000000,"all 32 lanes issue aligned stage-6 coefficient pairs from a prepacked side table",hierarchical-dataflow,0,named-barrier,0,0,0,2,0,0,0,hermes-xor,inplace,radix4,32,20,1048576,16,998244353,30,0,0,0,dataflow-radix4,"10+10","homogeneous-warp128-vector-radix4-packed-stage6-distributed-static-io+homogeneous-warp128-vector-radix4-packed-stage6-distributed-static-io","256+256","8+8","4+4","1+2","0+0","0+0","6+6","86+74","full-scratch","1",8,0,5,30,10.886816,1.238869,1.239106,0.000237,0,0,0,0,0,7,natural,natural,"",10.113632,12915.002316,719.446538,13542361468.121334,fused,shoup,-1
1,lane32,1,2,88,72,"Tesla V100-SXM2-16GB",7.0,0,"v100-sm70","hierarchical-dataflow-homogeneous-warp128-vector-radix4-packed-stage6-distributed-static-io-10x10","experimental",0.000000,"all 32 lanes issue aligned stage-6 coefficient pairs from a prepacked side table",hierarchical-dataflow,0,named-barrier,0,0,0,2,0,0,0,hermes-xor,inplace,radix4,32,20,1048576,16,998244353,30,0,0,0,dataflow-radix4,"10+10","homogeneous-warp128-vector-radix4-packed-stage6-distributed-static-io+homogeneous-warp128-vector-radix4-packed-stage6-distributed-static-io","256+256","8+8","4+4","1+2","0+0","0+0","6+6","88+72","full-scratch","1",8,0,5,30,11.068960,1.265289,1.265638,0.000350,0,0,0,0,0,7,natural,natural,"",10.181728,12645.336494,710.606513,13259596359.465273,fused,shoup,-1
1,lane32,1,2,90,70,"Tesla V100-SXM2-16GB",7.0,0,"v100-sm70","hierarchical-dataflow-homogeneous-warp128-vector-radix4-packed-stage6-distributed-static-io-10x10","experimental",0.000000,"all 32 lanes issue aligned stage-6 coefficient pairs from a prepacked side table",hierarchical-dataflow,0,named-barrier,0,0,0,2,0,0,0,hermes-xor,inplace,radix4,32,20,1048576,16,998244353,30,0,0,0,dataflow-radix4,"10+10","homogeneous-warp128-vector-radix4-packed-stage6-distributed-static-io+homogeneous-warp128-vector-radix4-packed-stage6-distributed-static-io","256+256","8+8","4+4","1+2","0+0","0+0","6+6","90+70","full-scratch","1",8,0,5,30,10.889600,1.302323,1.302577,0.000254,0,0,0,0,0,7,natural,natural,"",10.142880,12285.737667,716.370758,12882529659.485434,fused,shoup,-1
1,lane32,2,1,72,88,"Tesla V100-SXM2-16GB",7.0,0,"v100-sm70","hierarchical-dataflow-homogeneous-warp128-vector-radix4-packed-stage6-distributed-static-io-10x10","experimental",0.000000,"all 32 lanes issue aligned stage-6 coefficient pairs from a prepacked side table",hierarchical-dataflow,0,named-barrier,0,0,0,2,0,0,0,hermes-xor,inplace,radix4,32,20,1048576,16,998244353,30,0,0,0,dataflow-radix4,"10+10","homogeneous-warp128-vector-radix4-packed-stage6-distributed-static-io+homogeneous-warp128-vector-radix4-packed-stage6-distributed-static-io","256+256","8+8","4+4","2+1","0+0","0+0","6+6","72+88","full-scratch","1",8,0,5,30,10.885088,1.354206,1.354463,0.000258,0,0,0,0,0,7,natural,natural,"",10.121440,11815.042771,715.540026,12388970288.240868,fused,shoup,-1
1,lane32,2,1,74,86,"Tesla V100-SXM2-16GB",7.0,0,"v100-sm70","hierarchical-dataflow-homogeneous-warp128-vector-radix4-packed-stage6-distributed-static-io-10x10","experimental",0.000000,"all 32 lanes issue aligned stage-6 coefficient pairs from a prepacked side table",hierarchical-dataflow,0,named-barrier,0,0,0,2,0,0,0,hermes-xor,inplace,radix4,32,20,1048576,16,998244353,30,0,0,0,dataflow-radix4,"10+10","homogeneous-warp128-vector-radix4-packed-stage6-distributed-static-io+homogeneous-warp128-vector-radix4-packed-stage6-distributed-static-io","256+256","8+8","4+4","2+1","0+0","0+0","6+6","74+86","full-scratch","1",8,0,5,30,10.886400,1.360247,1.360507,0.000260,0,0,0,0,0,7,natural,natural,"",10.116096,11762.566362,715.475731,12333944785.229010,fused,shoup,-1
1,lane32,2,1,76,84,"Tesla V100-SXM2-16GB",7.0,0,"v100-sm70","hierarchical-dataflow-homogeneous-warp128-vector-radix4-packed-stage6-distributed-static-io-10x10","experimental",0.000000,"all 32 lanes issue aligned stage-6 coefficient pairs from a prepacked side table",hierarchical-dataflow,0,named-barrier,0,0,0,2,0,0,0,hermes-xor,inplace,radix4,32,20,1048576,16,998244353,30,0,0,0,dataflow-radix4,"10+10","homogeneous-warp128-vector-radix4-packed-stage6-distributed-static-io+homogeneous-warp128-vector-radix4-packed-stage6-distributed-static-io","256+256","8+8","4+4","2+1","0+0","0+0","6+6","76+84","full-scratch","1",8,0,5,30,10.882240,1.298944,1.299179,0.000235,0,0,0,0,0,7,natural,natural,"",10.116160,12317.698102,717.574233,12916042605.468336,fused,shoup,-1
1,lane32,2,1,78,82,"Tesla V100-SXM2-16GB",7.0,0,"v100-sm70","hierarchical-dataflow-homogeneous-warp128-vector-radix4-packed-stage6-distributed-static-io-10x10","experimental",0.000000,"all 32 lanes issue aligned stage-6 coefficient pairs from a prepacked side table",hierarchical-dataflow,0,named-barrier,0,0,0,2,0,0,0,hermes-xor,inplace,radix4,32,20,1048576,16,998244353,30,0,0,0,dataflow-radix4,"10+10","homogeneous-warp128-vector-radix4-packed-stage6-distributed-static-io+homogeneous-warp128-vector-radix4-packed-stage6-distributed-static-io","256+256","8+8","4+4","2+1","0+0","0+0","6+6","78+82","full-scratch","1",8,0,5,30,10.879552,1.321950,1.322199,0.000249,0,0,0,0,0,7,natural,natural,"",10.121280,12103.333667,716.756558,12691265203.510513,fused,shoup,-1
1,lane32,2,1,80,80,"Tesla V100-SXM2-16GB",7.0,0,"v100-sm70","hierarchical-dataflow-homogeneous-warp128-vector-radix4-packed-stage6-distributed-static-io-10x10","experimental",0.000000,"all 32 lanes issue aligned stage-6 coefficient pairs from a prepacked side table",hierarchical-dataflow,0,named-barrier,0,0,0,2,0,0,0,hermes-xor,inplace,radix4,32,20,1048576,16,998244353,30,0,0,0,dataflow-radix4,"10+10","homogeneous-warp128-vector-radix4-packed-stage6-distributed-static-io+homogeneous-warp128-vector-radix4-packed-stage6-distributed-static-io","256+256","8+8","4+4","2+1","0+0","0+0","6+6","80+80","full-scratch","1",8,0,5,30,10.874592,1.276211,1.276474,0.000263,0,0,0,0,0,7,natural,natural,"",10.130400,12537.110410,718.094092,13146113084.868670,fused,shoup,-1
1,lane32,2,1,82,78,"Tesla V100-SXM2-16GB",7.0,0,"v100-sm70","hierarchical-dataflow-homogeneous-warp128-vector-radix4-packed-stage6-distributed-static-io-10x10","experimental",0.000000,"all 32 lanes issue aligned stage-6 coefficient pairs from a prepacked side table",hierarchical-dataflow,0,named-barrier,0,0,0,2,0,0,0,hermes-xor,inplace,radix4,32,20,1048576,16,998244353,30,0,0,0,dataflow-radix4,"10+10","homogeneous-warp128-vector-radix4-packed-stage6-distributed-static-io+homogeneous-warp128-vector-radix4-packed-stage6-distributed-static-io","256+256","8+8","4+4","2+1","0+0","0+0","6+6","82+78","full-scratch","1",8,0,5,30,10.869984,1.229483,1.229724,0.000241,0,0,0,0,0,7,natural,natural,"",10.112832,13013.603722,720.321676,13645752536.379757,fused,shoup,-1
1,lane32,2,1,84,76,"Tesla V100-SXM2-16GB",7.0,0,"v100-sm70","hierarchical-dataflow-homogeneous-warp128-vector-radix4-packed-stage6-distributed-static-io-10x10","experimental",0.000000,"all 32 lanes issue aligned stage-6 coefficient pairs from a prepacked side table",hierarchical-dataflow,0,named-barrier,0,0,0,2,0,0,0,hermes-xor,inplace,radix4,32,20,1048576,16,998244353,30,0,0,0,dataflow-radix4,"10+10","homogeneous-warp128-vector-radix4-packed-stage6-distributed-static-io+homogeneous-warp128-vector-radix4-packed-stage6-distributed-static-io","256+256","8+8","4+4","2+1","0+0","0+0","6+6","84+76","full-scratch","1",8,0,5,30,10.872864,1.236378,1.236597,0.000220,0,0,0,0,0,7,natural,natural,"",10.112064,12941.030346,720.029696,13569653836.072687,fused,shoup,-1
1,lane32,2,1,85,75,"Tesla V100-SXM2-16GB",7.0,0,"v100-sm70","hierarchical-dataflow-homogeneous-warp128-vector-radix4-packed-stage6-distributed-static-io-10x10","experimental",0.000000,"all 32 lanes issue aligned stage-6 coefficient pairs from a prepacked side table",hierarchical-dataflow,0,named-barrier,0,0,0,2,0,0,0,hermes-xor,inplace,radix4,32,20,1048576,16,998244353,30,0,0,0,dataflow-radix4,"10+10","homogeneous-warp128-vector-radix4-packed-stage6-distributed-static-io+homogeneous-warp128-vector-radix4-packed-stage6-distributed-static-io","256+256","8+8","4+4","2+1","0+0","0+0","6+6","85+75","full-scratch","1",8,0,5,30,10.868288,1.238596,1.238804,0.000207,0,0,0,0,0,7,natural,natural,"",10.118016,12917.850053,719.913235,13545347537.177031,fused,shoup,-1
1,lane32,2,1,86,74,"Tesla V100-SXM2-16GB",7.0,0,"v100-sm70","hierarchical-dataflow-homogeneous-warp128-vector-radix4-packed-stage6-distributed-static-io-10x10","experimental",0.000000,"all 32 lanes issue aligned stage-6 coefficient pairs from a prepacked side table",hierarchical-dataflow,0,named-barrier,0,0,0,2,0,0,0,hermes-xor,inplace,radix4,32,20,1048576,16,998244353,30,0,0,0,dataflow-radix4,"10+10","homogeneous-warp128-vector-radix4-packed-stage6-distributed-static-io+homogeneous-warp128-vector-radix4-packed-stage6-distributed-static-io","256+256","8+8","4+4","2+1","0+0","0+0","6+6","86+74","full-scratch","1",8,0,5,30,10.879968,1.228902,1.229122,0.000219,0,0,0,0,0,7,natural,natural,"",10.111040,13019.747728,720.074915,13652194993.309877,fused,shoup,-1
1,lane32,2,1,88,72,"Tesla V100-SXM2-16GB",7.0,0,"v100-sm70","hierarchical-dataflow-homogeneous-warp128-vector-radix4-packed-stage6-distributed-static-io-10x10","experimental",0.000000,"all 32 lanes issue aligned stage-6 coefficient pairs from a prepacked side table",hierarchical-dataflow,0,named-barrier,0,0,0,2,0,0,0,hermes-xor,inplace,radix4,32,20,1048576,16,998244353,30,0,0,0,dataflow-radix4,"10+10","homogeneous-warp128-vector-radix4-packed-stage6-distributed-static-io+homogeneous-warp128-vector-radix4-packed-stage6-distributed-static-io","256+256","8+8","4+4","2+1","0+0","0+0","6+6","88+72","full-scratch","1",8,0,5,30,10.865792,1.271125,1.271355,0.000230,0,0,0,0,0,7,natural,natural,"",10.112256,12587.271916,719.127832,13198711236.916687,fused,shoup,-1
1,lane32,2,1,90,70,"Tesla V100-SXM2-16GB",7.0,0,"v100-sm70","hierarchical-dataflow-homogeneous-warp128-vector-radix4-packed-stage6-distributed-static-io-10x10","experimental",0.000000,"all 32 lanes issue aligned stage-6 coefficient pairs from a prepacked side table",hierarchical-dataflow,0,named-barrier,0,0,0,2,0,0,0,hermes-xor,inplace,radix4,32,20,1048576,16,998244353,30,0,0,0,dataflow-radix4,"10+10","homogeneous-warp128-vector-radix4-packed-stage6-distributed-static-io+homogeneous-warp128-vector-radix4-packed-stage6-distributed-static-io","256+256","8+8","4+4","2+1","0+0","0+0","6+6","90+70","full-scratch","1",8,0,5,30,10.882048,1.299695,1.299976,0.000281,0,0,0,0,0,7,natural,natural,"",10.127552,12310.581547,717.189866,12908580356.001043,fused,shoup,-1
1,lane32,2,2,72,88,"Tesla V100-SXM2-16GB",7.0,0,"v100-sm70","hierarchical-dataflow-homogeneous-warp128-vector-radix4-packed-stage6-distributed-static-io-10x10","experimental",0.000000,"all 32 lanes issue aligned stage-6 coefficient pairs from a prepacked side table",hierarchical-dataflow,0,named-barrier,0,0,0,2,0,0,0,hermes-xor,inplace,radix4,32,20,1048576,16,998244353,30,0,0,0,dataflow-radix4,"10+10","homogeneous-warp128-vector-radix4-packed-stage6-distributed-static-io+homogeneous-warp128-vector-radix4-packed-stage6-distributed-static-io","256+256","8+8","4+4","2+2","0+0","0+0","6+6","72+88","full-scratch","1",8,0,5,30,10.877696,1.333180,1.333449,0.000269,0,0,0,0,0,7,natural,natural,"",10.119264,12001.382749,716.520381,12584361917.053322,fused,shoup,-1
1,lane32,2,2,74,86,"Tesla V100-SXM2-16GB",7.0,0,"v100-sm70","hierarchical-dataflow-homogeneous-warp128-vector-radix4-packed-stage6-distributed-static-io-10x10","experimental",0.000000,"all 32 lanes issue aligned stage-6 coefficient pairs from a prepacked side table",hierarchical-dataflow,0,named-barrier,0,0,0,2,0,0,0,hermes-xor,inplace,radix4,32,20,1048576,16,998244353,30,0,0,0,dataflow-radix4,"10+10","homogeneous-warp128-vector-radix4-packed-stage6-distributed-static-io+homogeneous-warp128-vector-radix4-packed-stage6-distributed-static-io","256+256","8+8","4+4","2+2","0+0","0+0","6+6","74+86","full-scratch","1",8,0,5,30,10.876992,1.297920,1.298174,0.000254,0,0,0,0,0,7,natural,natural,"",10.125792,12327.416282,717.466147,12926232854.831425,fused,shoup,-1
1,lane32,2,2,76,84,"Tesla V100-SXM2-16GB",7.0,0,"v100-sm70","hierarchical-dataflow-homogeneous-warp128-vector-radix4-packed-stage6-distributed-static-io-10x10","experimental",0.000000,"all 32 lanes issue aligned stage-6 coefficient pairs from a prepacked side table",hierarchical-dataflow,0,named-barrier,0,0,0,2,0,0,0,hermes-xor,inplace,radix4,32,20,1048576,16,998244353,30,0,0,0,dataflow-radix4,"10+10","homogeneous-warp128-vector-radix4-packed-stage6-distributed-static-io+homogeneous-warp128-vector-radix4-packed-stage6-distributed-static-io","256+256","8+8","4+4","2+2","0+0","0+0","6+6","76+84","full-scratch","1",8,0,5,30,10.881728,1.276757,1.277016,0.000258,0,0,0,0,0,7,natural,natural,"",10.112704,12531.746836,718.416939,13140488970.048693,fused,shoup,-1
1,lane32,2,2,78,82,"Tesla V100-SXM2-16GB",7.0,0,"v100-sm70","hierarchical-dataflow-homogeneous-warp128-vector-radix4-packed-stage6-distributed-static-io-10x10","experimental",0.000000,"all 32 lanes issue aligned stage-6 coefficient pairs from a prepacked side table",hierarchical-dataflow,0,named-barrier,0,0,0,2,0,0,0,hermes-xor,inplace,radix4,32,20,1048576,16,998244353,30,0,0,0,dataflow-radix4,"10+10","homogeneous-warp128-vector-radix4-packed-stage6-distributed-static-io+homogeneous-warp128-vector-radix4-packed-stage6-distributed-static-io","256+256","8+8","4+4","2+2","0+0","0+0","6+6","78+82","full-scratch","1",8,0,5,30,10.871360,1.289830,1.290057,0.000227,0,0,0,0,0,7,natural,natural,"",10.118208,12404.731216,718.152252,13007303439.661173,fused,shoup,-1
1,lane32,2,2,80,80,"Tesla V100-SXM2-16GB",7.0,0,"v100-sm70","hierarchical-dataflow-homogeneous-warp128-vector-radix4-packed-stage6-distributed-static-io-10x10","experimental",0.000000,"all 32 lanes issue aligned stage-6 coefficient pairs from a prepacked side table",hierarchical-dataflow,0,named-barrier,0,0,0,2,0,0,0,hermes-xor,inplace,radix4,32,20,1048576,16,998244353,30,0,0,0,dataflow-radix4,"10+10","homogeneous-warp128-vector-radix4-packed-stage6-distributed-static-io+homogeneous-warp128-vector-radix4-packed-stage6-distributed-static-io","256+256","8+8","4+4","2+2","0+0","0+0","6+6","80+80","full-scratch","1",8,0,5,30,10.871616,1.291196,1.291435,0.000239,0,0,0,0,0,7,natural,natural,"",10.109824,12391.615659,718.370285,12993550781.032881,fused,shoup,-1
1,lane32,2,2,82,78,"Tesla V100-SXM2-16GB",7.0,0,"v100-sm70","hierarchical-dataflow-homogeneous-warp128-vector-radix4-packed-stage6-distributed-static-io-10x10","experimental",0.000000,"all 32 lanes issue aligned stage-6 coefficient pairs from a prepacked side table",hierarchical-dataflow,0,named-barrier,0,0,0,2,0,0,0,hermes-xor,inplace,radix4,32,20,1048576,16,998244353,30,0,0,0,dataflow-radix4,"10+10","homogeneous-warp128-vector-radix4-packed-stage6-distributed-static-io+homogeneous-warp128-vector-radix4-packed-stage6-distributed-static-io","256+256","8+8","4+4","2+2","0+0","0+0","6+6","82+78","full-scratch","1",8,0,5,30,10.873728,1.255526,1.255792,0.000266,0,0,0,0,0,7,natural,natural,"",10.107648,12743.659727,719.524689,13362695742.236082,fused,shoup,-1
1,lane32,2,2,84,76,"Tesla V100-SXM2-16GB",7.0,0,"v100-sm70","hierarchical-dataflow-homogeneous-warp128-vector-radix4-packed-stage6-distributed-static-io-10x10","experimental",0.000000,"all 32 lanes issue aligned stage-6 coefficient pairs from a prepacked side table",hierarchical-dataflow,0,named-barrier,0,0,0,2,0,0,0,hermes-xor,inplace,radix4,32,20,1048576,16,998244353,30,0,0,0,dataflow-radix4,"10+10","homogeneous-warp128-vector-radix4-packed-stage6-distributed-static-io+homogeneous-warp128-vector-radix4-packed-stage6-distributed-static-io","256+256","8+8","4+4","2+2","0+0","0+0","6+6","84+76","full-scratch","1",8,0,5,30,10.873568,1.265425,1.265670,0.000245,0,0,0,0,0,7,natural,natural,"",10.115328,12643.972509,718.961516,13258166117.718300,fused,shoup,-1
1,lane32,2,2,85,75,"Tesla V100-SXM2-16GB",7.0,0,"v100-sm70","hierarchical-dataflow-homogeneous-warp128-vector-radix4-packed-stage6-distributed-static-io-10x10","experimental",0.000000,"all 32 lanes issue aligned stage-6 coefficient pairs from a prepacked side table",hierarchical-dataflow,0,named-barrier,0,0,0,2,0,0,0,hermes-xor,inplace,radix4,32,20,1048576,16,998244353,30,0,0,0,dataflow-radix4,"10+10","homogeneous-warp128-vector-radix4-packed-stage6-distributed-static-io+homogeneous-warp128-vector-radix4-packed-stage6-distributed-static-io","256+256","8+8","4+4","2+2","0+0","0+0","6+6","85+75","full-scratch","1",8,0,5,30,10.871168,1.274129,1.274356,0.000227,0,0,0,0,0,7,natural,natural,"",10.114624,12557.596670,718.780618,13167594485.803276,fused,shoup,-1
1,lane32,2,2,86,74,"Tesla V100-SXM2-16GB",7.0,0,"v100-sm70","hierarchical-dataflow-homogeneous-warp128-vector-radix4-packed-stage6-distributed-static-io-10x10","experimental",0.000000,"all 32 lanes issue aligned stage-6 coefficient pairs from a prepacked side table",hierarchical-dataflow,0,named-barrier,0,0,0,2,0,0,0,hermes-xor,inplace,radix4,32,20,1048576,16,998244353,30,0,0,0,dataflow-radix4,"10+10","homogeneous-warp128-vector-radix4-packed-stage6-distributed-static-io+homogeneous-warp128-vector-radix4-packed-stage6-distributed-static-io","256+256","8+8","4+4","2+2","0+0","0+0","6+6","86+74","full-scratch","1",8,0,5,30,10.876032,1.252113,1.252350,0.000237,0,0,0,0,0,7,natural,natural,"",10.124544,12778.398334,719.014224,13399121811.113756,fused,shoup,-1
1,lane32,2,2,88,72,"Tesla V100-SXM2-16GB",7.0,0,"v100-sm70","hierarchical-dataflow-homogeneous-warp128-vector-radix4-packed-stage6-distributed-static-io-10x10","experimental",0.000000,"all 32 lanes issue aligned stage-6 coefficient pairs from a prepacked side table",hierarchical-dataflow,0,named-barrier,0,0,0,2,0,0,0,hermes-xor,inplace,radix4,32,20,1048576,16,998244353,30,0,0,0,dataflow-radix4,"10+10","homogeneous-warp128-vector-radix4-packed-stage6-distributed-static-io+homogeneous-warp128-vector-radix4-packed-stage6-distributed-static-io","256+256","8+8","4+4","2+2","0+0","0+0","6+6","88+72","full-scratch","1",8,0,5,30,10.888000,1.285769,1.286010,0.000242,0,0,0,0,0,7,natural,natural,"",10.120512,12443.919640,717.672872,13048395479.998159,fused,shoup,-1
1,lane32,2,2,90,70,"Tesla V100-SXM2-16GB",7.0,0,"v100-sm70","hierarchical-dataflow-homogeneous-warp128-vector-radix4-packed-stage6-distributed-static-io-10x10","experimental",0.000000,"all 32 lanes issue aligned stage-6 coefficient pairs from a prepacked side table",hierarchical-dataflow,0,named-barrier,0,0,0,2,0,0,0,hermes-xor,inplace,radix4,32,20,1048576,16,998244353,30,0,0,0,dataflow-radix4,"10+10","homogeneous-warp128-vector-radix4-packed-stage6-distributed-static-io+homogeneous-warp128-vector-radix4-packed-stage6-distributed-static-io","256+256","8+8","4+4","2+2","0+0","0+0","6+6","90+70","full-scratch","1",8,0,5,30,10.882176,1.308945,1.309199,0.000253,0,0,0,0,0,7,natural,natural,"",10.122816,12223.584084,717.040637,12817356904.855246,fused,shoup,-1
1,v06,1,1,91,69,"Tesla V100-SXM2-16GB",7.0,0,"v100-sm70","hierarchical-dataflow-wave-10x10-resident-radix4","experimental",0.000000,"transform-wave readiness with the generated resident radix-4 core",hierarchical-dataflow,0,named-barrier,0,0,0,4,0,0,0,hermes-xor,inplace,radix4,32,20,1048576,16,998244353,30,0,0,0,dataflow-radix4,"10+10","dataflow-radix4+dataflow-radix4","256+256","1+1","0+0","1+1","0+0","0+0","0+0","17+13","full-scratch","1",8,0,5,30,10.868352,1.415066,1.415279,0.000213,0,0,0,0,0,7,natural,natural,"",10.115168,11306.895933,714.330832,11856139710.119034,fused,shoup,-1
2,v06,1,1,91,69,"Tesla V100-SXM2-16GB",7.0,0,"v100-sm70","hierarchical-dataflow-wave-10x10-resident-radix4","experimental",0.000000,"transform-wave readiness with the generated resident radix-4 core",hierarchical-dataflow,0,named-barrier,0,0,0,4,0,0,0,hermes-xor,inplace,radix4,32,20,1048576,16,998244353,30,0,0,0,dataflow-radix4,"10+10","dataflow-radix4+dataflow-radix4","256+256","1+1","0+0","1+1","0+0","0+0","0+0","17+13","full-scratch","1",8,0,5,30,10.865152,1.447014,1.447247,0.000233,0,0,0,0,0,7,natural,natural,"",10.110432,11057.250539,713.565830,11594367540.870010,fused,shoup,-1
2,d7,1,1,85,75,"Tesla V100-SXM2-16GB",7.0,0,"v100-sm70","hierarchical-dataflow-homogeneous-warp128-vector-radix4-static-io-10x10","experimental",0.000000,"warp-parallel subgraphs with dependency-wave readiness",hierarchical-dataflow,0,named-barrier,0,0,0,2,0,0,0,hermes-xor,inplace,radix4,32,20,1048576,16,998244353,30,0,0,0,dataflow-radix4,"10+10","homogeneous-warp128-vector-radix4-static-io+homogeneous-warp128-vector-radix4-static-io","256+256","8+8","4+4","1+1","0+0","0+0","7+7","85+75","full-scratch","1",8,0,5,30,10.873664,1.196851,1.197103,0.000252,0,0,0,0,0,7,natural,natural,"",10.112960,13368.411449,721.257602,14017795403.400587,fused,shoup,-1
2,lane32,1,1,72,88,"Tesla V100-SXM2-16GB",7.0,0,"v100-sm70","hierarchical-dataflow-homogeneous-warp128-vector-radix4-packed-stage6-distributed-static-io-10x10","experimental",0.000000,"all 32 lanes issue aligned stage-6 coefficient pairs from a prepacked side table",hierarchical-dataflow,0,named-barrier,0,0,0,2,0,0,0,hermes-xor,inplace,radix4,32,20,1048576,16,998244353,30,0,0,0,dataflow-radix4,"10+10","homogeneous-warp128-vector-radix4-packed-stage6-distributed-static-io+homogeneous-warp128-vector-radix4-packed-stage6-distributed-static-io","256+256","8+8","4+4","1+1","0+0","0+0","6+6","72+88","full-scratch","1",8,0,5,30,10.867648,1.274607,1.274850,0.000243,0,0,0,0,0,7,natural,natural,"",10.110944,12552.889411,718.997754,13162658567.349703,fused,shoup,-1
2,lane32,1,1,74,86,"Tesla V100-SXM2-16GB",7.0,0,"v100-sm70","hierarchical-dataflow-homogeneous-warp128-vector-radix4-packed-stage6-distributed-static-io-10x10","experimental",0.000000,"all 32 lanes issue aligned stage-6 coefficient pairs from a prepacked side table",hierarchical-dataflow,0,named-barrier,0,0,0,2,0,0,0,hermes-xor,inplace,radix4,32,20,1048576,16,998244353,30,0,0,0,dataflow-radix4,"10+10","homogeneous-warp128-vector-radix4-packed-stage6-distributed-static-io+homogeneous-warp128-vector-radix4-packed-stage6-distributed-static-io","256+256","8+8","4+4","1+1","0+0","0+0","6+6","74+86","full-scratch","1",8,0,5,30,10.867520,1.261841,1.262098,0.000257,0,0,0,0,0,7,natural,natural,"",10.122336,12679.885386,719.046257,13295823498.461327,fused,shoup,-1
2,lane32,1,1,76,84,"Tesla V100-SXM2-16GB",7.0,0,"v100-sm70","hierarchical-dataflow-homogeneous-warp128-vector-radix4-packed-stage6-distributed-static-io-10x10","experimental",0.000000,"all 32 lanes issue aligned stage-6 coefficient pairs from a prepacked side table",hierarchical-dataflow,0,named-barrier,0,0,0,2,0,0,0,hermes-xor,inplace,radix4,32,20,1048576,16,998244353,30,0,0,0,dataflow-radix4,"10+10","homogeneous-warp128-vector-radix4-packed-stage6-distributed-static-io+homogeneous-warp128-vector-radix4-packed-stage6-distributed-static-io","256+256","8+8","4+4","1+1","0+0","0+0","6+6","76+84","full-scratch","1",8,0,5,30,10.873664,1.257882,1.258122,0.000241,0,0,0,0,0,7,natural,natural,"",10.116224,12719.798898,719.173212,13337675849.583889,fused,shoup,-1
2,lane32,1,1,78,82,"Tesla V100-SXM2-16GB",7.0,0,"v100-sm70","hierarchical-dataflow-homogeneous-warp128-vector-radix4-packed-stage6-distributed-static-io-10x10","experimental",0.000000,"all 32 lanes issue aligned stage-6 coefficient pairs from a prepacked side table",hierarchical-dataflow,0,named-barrier,0,0,0,2,0,0,0,hermes-xor,inplace,radix4,32,20,1048576,16,998244353,30,0,0,0,dataflow-radix4,"10+10","homogeneous-warp128-vector-radix4-packed-stage6-distributed-static-io+homogeneous-warp128-vector-radix4-packed-stage6-distributed-static-io","256+256","8+8","4+4","1+1","0+0","0+0","6+6","78+82","full-scratch","1",8,0,5,30,10.871936,1.237231,1.237461,0.000230,0,0,0,0,0,7,natural,natural,"",10.117728,12932.105106,719.848635,13560295043.845125,fused,shoup,-1
2,lane32,1,1,80,80,"Tesla V100-SXM2-16GB",7.0,0,"v100-sm70","hierarchical-dataflow-homogeneous-warp128-vector-radix4-packed-stage6-distributed-static-io-10x10","experimental",0.000000,"all 32 lanes issue aligned stage-6 coefficient pairs from a prepacked side table",hierarchical-dataflow,0,named-barrier,0,0,0,2,0,0,0,hermes-xor,inplace,radix4,32,20,1048576,16,998244353,30,0,0,0,dataflow-radix4,"10+10","homogeneous-warp128-vector-radix4-packed-stage6-distributed-static-io+homogeneous-warp128-vector-radix4-packed-stage6-distributed-static-io","256+256","8+8","4+4","1+1","0+0","0+0","6+6","80+80","full-scratch","1",8,0,5,30,10.876128,1.196544,1.196759,0.000215,0,0,0,0,0,7,natural,natural,"",10.108352,13371.843673,721.337303,14021394351.164986,fused,shoup,-1
2,lane32,1,1,82,78,"Tesla V100-SXM2-16GB",7.0,0,"v100-sm70","hierarchical-dataflow-homogeneous-warp128-vector-radix4-packed-stage6-distributed-static-io-10x10","experimental",0.000000,"all 32 lanes issue aligned stage-6 coefficient pairs from a prepacked side table",hierarchical-dataflow,0,named-barrier,0,0,0,2,0,0,0,hermes-xor,inplace,radix4,32,20,1048576,16,998244353,30,0,0,0,dataflow-radix4,"10+10","homogeneous-warp128-vector-radix4-packed-stage6-distributed-static-io+homogeneous-warp128-vector-radix4-packed-stage6-distributed-static-io","256+256","8+8","4+4","1+1","0+0","0+0","6+6","82+78","full-scratch","1",8,0,5,30,10.889952,1.194359,1.194619,0.000259,0,0,0,0,0,7,natural,natural,"",10.124192,13396.302410,720.444766,14047041196.106642,fused,shoup,-1
2,lane32,1,1,84,76,"Tesla V100-SXM2-16GB",7.0,0,"v100-sm70","hierarchical-dataflow-homogeneous-warp128-vector-radix4-packed-stage6-distributed-static-io-10x10","experimental",0.000000,"all 32 lanes issue aligned stage-6 coefficient pairs from a prepacked side table",hierarchical-dataflow,0,named-barrier,0,0,0,2,0,0,0,hermes-xor,inplace,radix4,32,20,1048576,16,998244353,30,0,0,0,dataflow-radix4,"10+10","homogeneous-warp128-vector-radix4-packed-stage6-distributed-static-io+homogeneous-warp128-vector-radix4-packed-stage6-distributed-static-io","256+256","8+8","4+4","1+1","0+0","0+0","6+6","84+76","full-scratch","1",8,0,5,30,10.878016,1.180604,1.180895,0.000291,0,0,0,0,0,7,natural,natural,"",10.124704,13552.388005,721.262494,14210708804.852205,fused,shoup,-1
2,lane32,1,1,85,75,"Tesla V100-SXM2-16GB",7.0,0,"v100-sm70","hierarchical-dataflow-homogeneous-warp128-vector-radix4-packed-stage6-distributed-static-io-10x10","experimental",0.000000,"all 32 lanes issue aligned stage-6 coefficient pairs from a prepacked side table",hierarchical-dataflow,0,named-barrier,0,0,0,2,0,0,0,hermes-xor,inplace,radix4,32,20,1048576,16,998244353,30,0,0,0,dataflow-radix4,"10+10","homogeneous-warp128-vector-radix4-packed-stage6-distributed-static-io+homogeneous-warp128-vector-radix4-packed-stage6-distributed-static-io","256+256","8+8","4+4","1+1","0+0","0+0","6+6","85+75","full-scratch","1",8,0,5,30,10.877600,1.191731,1.191980,0.000249,0,0,0,0,0,7,natural,natural,"",10.122016,13425.846202,721.001753,14078020106.833212,fused,shoup,-1
2,lane32,1,1,86,74,"Tesla V100-SXM2-16GB",7.0,0,"v100-sm70","hierarchical-dataflow-homogeneous-warp128-vector-radix4-packed-stage6-distributed-static-io-10x10","experimental",0.000000,"all 32 lanes issue aligned stage-6 coefficient pairs from a prepacked side table",hierarchical-dataflow,0,named-barrier,0,0,0,2,0,0,0,hermes-xor,inplace,radix4,32,20,1048576,16,998244353,30,0,0,0,dataflow-radix4,"10+10","homogeneous-warp128-vector-radix4-packed-stage6-distributed-static-io+homogeneous-warp128-vector-radix4-packed-stage6-distributed-static-io","256+256","8+8","4+4","1+1","0+0","0+0","6+6","86+74","full-scratch","1",8,0,5,30,10.877120,1.176098,1.176363,0.000265,0,0,0,0,0,7,natural,natural,"",10.129792,13604.307232,721.272711,14265150059.947136,fused,shoup,-1
2,lane32,1,1,88,72,"Tesla V100-SXM2-16GB",7.0,0,"v100-sm70","hierarchical-dataflow-homogeneous-warp128-vector-radix4-packed-stage6-distributed-static-io-10x10","experimental",0.000000,"all 32 lanes issue aligned stage-6 coefficient pairs from a prepacked side table",hierarchical-dataflow,0,named-barrier,0,0,0,2,0,0,0,hermes-xor,inplace,radix4,32,20,1048576,16,998244353,30,0,0,0,dataflow-radix4,"10+10","homogeneous-warp128-vector-radix4-packed-stage6-distributed-static-io+homogeneous-warp128-vector-radix4-packed-stage6-distributed-static-io","256+256","8+8","4+4","1+1","0+0","0+0","6+6","88+72","full-scratch","1",8,0,5,30,10.873248,1.205419,1.205676,0.000257,0,0,0,0,0,7,natural,natural,"",10.121760,13273.396141,720.706853,13918164632.191843,fused,shoup,-1
2,lane32,1,1,90,70,"Tesla V100-SXM2-16GB",7.0,0,"v100-sm70","hierarchical-dataflow-homogeneous-warp128-vector-radix4-packed-stage6-distributed-static-io-10x10","experimental",0.000000,"all 32 lanes issue aligned stage-6 coefficient pairs from a prepacked side table",hierarchical-dataflow,0,named-barrier,0,0,0,2,0,0,0,hermes-xor,inplace,radix4,32,20,1048576,16,998244353,30,0,0,0,dataflow-radix4,"10+10","homogeneous-warp128-vector-radix4-packed-stage6-distributed-static-io+homogeneous-warp128-vector-radix4-packed-stage6-distributed-static-io","256+256","8+8","4+4","1+1","0+0","0+0","6+6","90+70","full-scratch","1",8,0,5,30,10.869536,1.261329,1.261564,0.000235,0,0,0,0,0,7,natural,natural,"",10.113792,12685.032457,719.273818,13301220594.041185,fused,shoup,-1
2,lane32,1,2,72,88,"Tesla V100-SXM2-16GB",7.0,0,"v100-sm70","hierarchical-dataflow-homogeneous-warp128-vector-radix4-packed-stage6-distributed-static-io-10x10","experimental",0.000000,"all 32 lanes issue aligned stage-6 coefficient pairs from a prepacked side table",hierarchical-dataflow,0,named-barrier,0,0,0,2,0,0,0,hermes-xor,inplace,radix4,32,20,1048576,16,998244353,30,0,0,0,dataflow-radix4,"10+10","homogeneous-warp128-vector-radix4-packed-stage6-distributed-static-io+homogeneous-warp128-vector-radix4-packed-stage6-distributed-static-io","256+256","8+8","4+4","1+2","0+0","0+0","6+6","72+88","full-scratch","1",8,0,5,30,10.865440,1.304644,1.304863,0.000218,0,0,0,0,0,7,natural,natural,"",10.112224,12263.879814,718.058463,12859610039.604542,fused,shoup,-1
2,lane32,1,2,74,86,"Tesla V100-SXM2-16GB",7.0,0,"v100-sm70","hierarchical-dataflow-homogeneous-warp128-vector-radix4-packed-stage6-distributed-static-io-10x10","experimental",0.000000,"all 32 lanes issue aligned stage-6 coefficient pairs from a prepacked side table",hierarchical-dataflow,0,named-barrier,0,0,0,2,0,0,0,hermes-xor,inplace,radix4,32,20,1048576,16,998244353,30,0,0,0,dataflow-radix4,"10+10","homogeneous-warp128-vector-radix4-packed-stage6-distributed-static-io+homogeneous-warp128-vector-radix4-packed-stage6-distributed-static-io","256+256","8+8","4+4","1+2","0+0","0+0","6+6","74+86","full-scratch","1",8,0,5,30,10.870432,1.280273,1.280503,0.000230,0,0,0,0,0,7,natural,natural,"",10.119328,12497.333773,718.454272,13104404258.563057,fused,shoup,-1
2,lane32,1,2,76,84,"Tesla V100-SXM2-16GB",7.0,0,"v100-sm70","hierarchical-dataflow-homogeneous-warp128-vector-radix4-packed-stage6-distributed-static-io-10x10","experimental",0.000000,"all 32 lanes issue aligned stage-6 coefficient pairs from a prepacked side table",hierarchical-dataflow,0,named-barrier,0,0,0,2,0,0,0,hermes-xor,inplace,radix4,32,20,1048576,16,998244353,30,0,0,0,dataflow-radix4,"10+10","homogeneous-warp128-vector-radix4-packed-stage6-distributed-static-io+homogeneous-warp128-vector-radix4-packed-stage6-distributed-static-io","256+256","8+8","4+4","1+2","0+0","0+0","6+6","76+84","full-scratch","1",8,0,5,30,10.866272,1.260783,1.261011,0.000228,0,0,0,0,0,7,natural,natural,"",10.109376,12690.528075,719.539937,13306983166.406349,fused,shoup,-1
2,lane32,1,2,78,82,"Tesla V100-SXM2-16GB",7.0,0,"v100-sm70","hierarchical-dataflow-homogeneous-warp128-vector-radix4-packed-stage6-distributed-static-io-10x10","experimental",0.000000,"all 32 lanes issue aligned stage-6 coefficient pairs from a prepacked side table",hierarchical-dataflow,0,named-barrier,0,0,0,2,0,0,0,hermes-xor,inplace,radix4,32,20,1048576,16,998244353,30,0,0,0,dataflow-radix4,"10+10","homogeneous-warp128-vector-radix4-packed-stage6-distributed-static-io+homogeneous-warp128-vector-radix4-packed-stage6-distributed-static-io","256+256","8+8","4+4","1+2","0+0","0+0","6+6","78+82","full-scratch","1",8,0,5,30,10.877600,1.255526,1.255767,0.000240,0,0,0,0,0,7,natural,natural,"",10.116768,12743.659727,719.104553,13362695742.236082,fused,shoup,-1
2,lane32,1,2,80,80,"Tesla V100-SXM2-16GB",7.0,0,"v100-sm70","hierarchical-dataflow-homogeneous-warp128-vector-radix4-packed-stage6-distributed-static-io-10x10","experimental",0.000000,"all 32 lanes issue aligned stage-6 coefficient pairs from a prepacked side table",hierarchical-dataflow,0,named-barrier,0,0,0,2,0,0,0,hermes-xor,inplace,radix4,32,20,1048576,16,998244353,30,0,0,0,dataflow-radix4,"10+10","homogeneous-warp128-vector-radix4-packed-stage6-distributed-static-io+homogeneous-warp128-vector-radix4-packed-stage6-distributed-static-io","256+256","8+8","4+4","1+2","0+0","0+0","6+6","80+80","full-scratch","1",8,0,5,30,10.865664,1.240371,1.240603,0.000232,0,0,0,0,0,7,natural,natural,"",10.110912,12899.364036,720.170955,13525963543.189863,fused,shoup,-1
2,lane32,1,2,82,78,"Tesla V100-SXM2-16GB",7.0,0,"v100-sm70","hierarchical-dataflow-homogeneous-warp128-vector-radix4-packed-stage6-distributed-static-io-10x10","experimental",0.000000,"all 32 lanes issue aligned stage-6 coefficient pairs from a prepacked side table",hierarchical-dataflow,0,named-barrier,0,0,0,2,0,0,0,hermes-xor,inplace,radix4,32,20,1048576,16,998244353,30,0,0,0,dataflow-radix4,"10+10","homogeneous-warp128-vector-radix4-packed-stage6-distributed-static-io+homogeneous-warp128-vector-radix4-packed-stage6-distributed-static-io","256+256","8+8","4+4","1+2","0+0","0+0","6+6","82+78","full-scratch","1",8,0,5,30,10.872224,1.215898,1.216122,0.000225,0,0,0,0,0,7,natural,natural,"",10.118880,13159.002005,720.493480,13798213686.253374,fused,shoup,-1
2,lane32,1,2,84,76,"Tesla V100-SXM2-16GB",7.0,0,"v100-sm70","hierarchical-dataflow-homogeneous-warp128-vector-radix4-packed-stage6-distributed-static-io-10x10","experimental",0.000000,"all 32 lanes issue aligned stage-6 coefficient pairs from a prepacked side table",hierarchical-dataflow,0,named-barrier,0,0,0,2,0,0,0,hermes-xor,inplace,radix4,32,20,1048576,16,998244353,30,0,0,0,dataflow-radix4,"10+10","homogeneous-warp128-vector-radix4-packed-stage6-distributed-static-io+homogeneous-warp128-vector-radix4-packed-stage6-distributed-static-io","256+256","8+8","4+4","1+2","0+0","0+0","6+6","84+76","full-scratch","1",8,0,5,30,10.872736,1.221495,1.221741,0.000245,0,0,0,0,0,7,natural,natural,"",10.111488,13098.698638,720.535079,13734981022.602713,fused,shoup,-1
2,lane32,1,2,85,75,"Tesla V100-SXM2-16GB",7.0,0,"v100-sm70","hierarchical-dataflow-homogeneous-warp128-vector-radix4-packed-stage6-distributed-static-io-10x10","experimental",0.000000,"all 32 lanes issue aligned stage-6 coefficient pairs from a prepacked side table",hierarchical-dataflow,0,named-barrier,0,0,0,2,0,0,0,hermes-xor,inplace,radix4,32,20,1048576,16,998244353,30,0,0,0,dataflow-radix4,"10+10","homogeneous-warp128-vector-radix4-packed-stage6-distributed-static-io+homogeneous-warp128-vector-radix4-packed-stage6-distributed-static-io","256+256","8+8","4+4","1+2","0+0","0+0","6+6","85+75","full-scratch","1",8,0,5,30,10.878816,1.235797,1.236051,0.000254,0,0,0,0,0,7,natural,natural,"",10.125856,12947.106000,719.409275,13576024620.882023,fused,shoup,-1
2,lane32,1,2,86,74,"Tesla V100-SXM2-16GB",7.0,0,"v100-sm70","hierarchical-dataflow-homogeneous-warp128-vector-radix4-packed-stage6-distributed-static-io-10x10","experimental",0.000000,"all 32 lanes issue aligned stage-6 coefficient pairs from a prepacked side table",hierarchical-dataflow,0,named-barrier,0,0,0,2,0,0,0,hermes-xor,inplace,radix4,32,20,1048576,16,998244353,30,0,0,0,dataflow-radix4,"10+10","homogeneous-warp128-vector-radix4-packed-stage6-distributed-static-io+homogeneous-warp128-vector-radix4-packed-stage6-distributed-static-io","256+256","8+8","4+4","1+2","0+0","0+0","6+6","86+74","full-scratch","1",8,0,5,30,10.876800,1.192892,1.193136,0.000244,0,0,0,0,0,7,natural,natural,"",10.128896,13412.784893,720.766595,14064324331.798063,fused,shoup,-1
2,lane32,1,2,88,72,"Tesla V100-SXM2-16GB",7.0,0,"v100-sm70","hierarchical-dataflow-homogeneous-warp128-vector-radix4-packed-stage6-distributed-static-io-10x10","experimental",0.000000,"all 32 lanes issue aligned stage-6 coefficient pairs from a prepacked side table",hierarchical-dataflow,0,named-barrier,0,0,0,2,0,0,0,hermes-xor,inplace,radix4,32,20,1048576,16,998244353,30,0,0,0,dataflow-radix4,"10+10","homogeneous-warp128-vector-radix4-packed-stage6-distributed-static-io+homogeneous-warp128-vector-radix4-packed-stage6-distributed-static-io","256+256","8+8","4+4","1+2","0+0","0+0","6+6","88+72","full-scratch","1",8,0,5,30,10.867200,1.214635,1.214885,0.000251,0,0,0,0,0,7,natural,natural,"",10.107296,13172.685226,721.073769,13812561583.525288,fused,shoup,-1
2,lane32,1,2,90,70,"Tesla V100-SXM2-16GB",7.0,0,"v100-sm70","hierarchical-dataflow-homogeneous-warp128-vector-radix4-packed-stage6-distributed-static-io-10x10","experimental",0.000000,"all 32 lanes issue aligned stage-6 coefficient pairs from a prepacked side table",hierarchical-dataflow,0,named-barrier,0,0,0,2,0,0,0,hermes-xor,inplace,radix4,32,20,1048576,16,998244353,30,0,0,0,dataflow-radix4,"10+10","homogeneous-warp128-vector-radix4-packed-stage6-distributed-static-io+homogeneous-warp128-vector-radix4-packed-stage6-distributed-static-io","256+256","8+8","4+4","1+2","0+0","0+0","6+6","90+70","full-scratch","1",8,0,5,30,10.864032,1.253444,1.253674,0.000230,0,0,0,0,0,7,natural,natural,"",10.107424,12764.827142,719.913254,13384891384.939474,fused,shoup,-1
2,lane32,2,1,72,88,"Tesla V100-SXM2-16GB",7.0,0,"v100-sm70","hierarchical-dataflow-homogeneous-warp128-vector-radix4-packed-stage6-distributed-static-io-10x10","experimental",0.000000,"all 32 lanes issue aligned stage-6 coefficient pairs from a prepacked side table",hierarchical-dataflow,0,named-barrier,0,0,0,2,0,0,0,hermes-xor,inplace,radix4,32,20,1048576,16,998244353,30,0,0,0,dataflow-radix4,"10+10","homogeneous-warp128-vector-radix4-packed-stage6-distributed-static-io+homogeneous-warp128-vector-radix4-packed-stage6-distributed-static-io","256+256","8+8","4+4","2+1","0+0","0+0","6+6","72+88","full-scratch","1",8,0,5,30,10.887296,1.489476,1.489685,0.000209,0,0,0,0,0,7,natural,natural,"",10.122464,10742.030438,711.135251,11263835308.754408,fused,shoup,-1
2,lane32,2,1,74,86,"Tesla V100-SXM2-16GB",7.0,0,"v100-sm70","hierarchical-dataflow-homogeneous-warp128-vector-radix4-packed-stage6-distributed-static-io-10x10","experimental",0.000000,"all 32 lanes issue aligned stage-6 coefficient pairs from a prepacked side table",hierarchical-dataflow,0,named-barrier,0,0,0,2,0,0,0,hermes-xor,inplace,radix4,32,20,1048576,16,998244353,30,0,0,0,dataflow-radix4,"10+10","homogeneous-warp128-vector-radix4-packed-stage6-distributed-static-io+homogeneous-warp128-vector-radix4-packed-stage6-distributed-static-io","256+256","8+8","4+4","2+1","0+0","0+0","6+6","74+86","full-scratch","1",8,0,5,30,10.883584,1.444454,1.444673,0.000218,0,0,0,0,0,7,natural,natural,"",10.118848,11076.846490,712.793738,11614915385.170639,fused,shoup,-1
2,lane32,2,1,76,84,"Tesla V100-SXM2-16GB",7.0,0,"v100-sm70","hierarchical-dataflow-homogeneous-warp128-vector-radix4-packed-stage6-distributed-static-io-10x10","experimental",0.000000,"all 32 lanes issue aligned stage-6 coefficient pairs from a prepacked side table",hierarchical-dataflow,0,named-barrier,0,0,0,2,0,0,0,hermes-xor,inplace,radix4,32,20,1048576,16,998244353,30,0,0,0,dataflow-radix4,"10+10","homogeneous-warp128-vector-radix4-packed-stage6-distributed-static-io+homogeneous-warp128-vector-radix4-packed-stage6-distributed-static-io","256+256","8+8","4+4","2+1","0+0","0+0","6+6","76+84","full-scratch","1",8,0,5,30,10.888640,1.437525,1.438207,0.000681,0,0,0,0,0,7,natural,natural,"",10.114848,11130.239104,712.980266,11670901599.070425,fused,shoup,-1
2,lane32,2,1,78,82,"Tesla V100-SXM2-16GB",7.0,0,"v100-sm70","hierarchical-dataflow-homogeneous-warp128-vector-radix4-packed-stage6-distributed-static-io-10x10","experimental",0.000000,"all 32 lanes issue aligned stage-6 coefficient pairs from a prepacked side table",hierarchical-dataflow,0,named-barrier,0,0,0,2,0,0,0,hermes-xor,inplace,radix4,32,20,1048576,16,998244353,30,0,0,0,dataflow-radix4,"10+10","homogeneous-warp128-vector-radix4-packed-stage6-distributed-static-io+homogeneous-warp128-vector-radix4-packed-stage6-distributed-static-io","256+256","8+8","4+4","2+1","0+0","0+0","6+6","78+82","full-scratch","1",8,0,5,30,10.871872,1.316591,1.316954,0.000363,0,0,0,0,0,7,natural,natural,"",16.844128,12152.597999,551.104800,12742922599.472944,fused,shoup,-1
2,lane32,2,1,80,80,"Tesla V100-SXM2-16GB",7.0,0,"v100-sm70","hierarchical-dataflow-homogeneous-warp128-vector-radix4-packed-stage6-distributed-static-io-10x10","experimental",0.000000,"all 32 lanes issue aligned stage-6 coefficient pairs from a prepacked side table",hierarchical-dataflow,0,named-barrier,0,0,0,2,0,0,0,hermes-xor,inplace,radix4,32,20,1048576,16,998244353,30,0,0,0,dataflow-radix4,"10+10","homogeneous-warp128-vector-radix4-packed-stage6-distributed-static-io+homogeneous-warp128-vector-radix4-packed-stage6-distributed-static-io","256+256","8+8","4+4","2+1","0+0","0+0","6+6","80+80","full-scratch","1",8,0,5,30,10.866592,1.278703,1.278949,0.000246,0,0,0,0,0,7,natural,natural,"",10.110784,12512.679114,718.904710,13120495014.824726,fused,shoup,-1
2,lane32,2,1,82,78,"Tesla V100-SXM2-16GB",7.0,0,"v100-sm70","hierarchical-dataflow-homogeneous-warp128-vector-radix4-packed-stage6-distributed-static-io-10x10","experimental",0.000000,"all 32 lanes issue aligned stage-6 coefficient pairs from a prepacked side table",hierarchical-dataflow,0,named-barrier,0,0,0,2,0,0,0,hermes-xor,inplace,radix4,32,20,1048576,16,998244353,30,0,0,0,dataflow-radix4,"10+10","homogeneous-warp128-vector-radix4-packed-stage6-distributed-static-io+homogeneous-warp128-vector-radix4-packed-stage6-distributed-static-io","256+256","8+8","4+4","2+1","0+0","0+0","6+6","82+78","full-scratch","1",8,0,5,30,10.872800,1.237914,1.238171,0.000257,0,0,0,0,0,7,natural,natural,"",10.116832,12924.973027,719.827575,13552816516.523870,fused,shoup,-1
2,lane32,2,1,84,76,"Tesla V100-SXM2-16GB",7.0,0,"v100-sm70","hierarchical-dataflow-homogeneous-warp128-vector-radix4-packed-stage6-distributed-static-io-10x10","experimental",0.000000,"all 32 lanes issue aligned stage-6 coefficient pairs from a prepacked side table",hierarchical-dataflow,0,named-barrier,0,0,0,2,0,0,0,hermes-xor,inplace,radix4,32,20,1048576,16,998244353,30,0,0,0,dataflow-radix4,"10+10","homogeneous-warp128-vector-radix4-packed-stage6-distributed-static-io+homogeneous-warp128-vector-radix4-packed-stage6-distributed-static-io","256+256","8+8","4+4","2+1","0+0","0+0","6+6","84+76","full-scratch","1",8,0,5,30,10.867328,1.246003,1.246239,0.000236,0,0,0,0,0,7,natural,natural,"",10.108544,12841.057791,720.011240,13464825014.456528,fused,shoup,-1
2,lane32,2,1,85,75,"Tesla V100-SXM2-16GB",7.0,0,"v100-sm70","hierarchical-dataflow-homogeneous-warp128-vector-radix4-packed-stage6-distributed-static-io-10x10","experimental",0.000000,"all 32 lanes issue aligned stage-6 coefficient pairs from a prepacked side table",hierarchical-dataflow,0,named-barrier,0,0,0,2,0,0,0,hermes-xor,inplace,radix4,32,20,1048576,16,998244353,30,0,0,0,dataflow-radix4,"10+10","homogeneous-warp128-vector-radix4-packed-stage6-distributed-static-io+homogeneous-warp128-vector-radix4-packed-stage6-distributed-static-io","256+256","8+8","4+4","2+1","0+0","0+0","6+6","85+75","full-scratch","1",8,0,5,30,10.871456,1.257813,1.258051,0.000238,0,0,0,0,0,7,natural,natural,"",10.111712,12720.488455,719.392698,13338398902.517347,fused,shoup,-1
2,lane32,2,1,86,74,"Tesla V100-SXM2-16GB",7.0,0,"v100-sm70","hierarchical-dataflow-homogeneous-warp128-vector-radix4-packed-stage6-distributed-static-io-10x10","experimental",0.000000,"all 32 lanes issue aligned stage-6 coefficient pairs from a prepacked side table",hierarchical-dataflow,0,named-barrier,0,0,0,2,0,0,0,hermes-xor,inplace,radix4,32,20,1048576,16,998244353,30,0,0,0,dataflow-radix4,"10+10","homogeneous-warp128-vector-radix4-packed-stage6-distributed-static-io+homogeneous-warp128-vector-radix4-packed-stage6-distributed-static-io","256+256","8+8","4+4","2+1","0+0","0+0","6+6","86+74","full-scratch","1",8,0,5,30,10.864992,1.231189,1.231405,0.000216,0,0,0,0,0,7,natural,natural,"",10.109824,12995.563792,720.525799,13626836298.857325,fused,shoup,-1
2,lane32,2,1,88,72,"Tesla V100-SXM2-16GB",7.0,0,"v100-sm70","hierarchical-dataflow-homogeneous-warp128-vector-radix4-packed-stage6-distributed-static-io-10x10","experimental",0.000000,"all 32 lanes issue aligned stage-6 coefficient pairs from a prepacked side table",hierarchical-dataflow,0,named-barrier,0,0,0,2,0,0,0,hermes-xor,inplace,radix4,32,20,1048576,16,998244353,30,0,0,0,dataflow-radix4,"10+10","homogeneous-warp128-vector-radix4-packed-stage6-distributed-static-io+homogeneous-warp128-vector-radix4-packed-stage6-distributed-static-io","256+256","8+8","4+4","2+1","0+0","0+0","6+6","88+72","full-scratch","1",8,0,5,30,10.876960,1.283209,1.283458,0.000249,0,0,0,0,0,7,natural,natural,"",10.122976,12468.744281,718.031508,13074426003.069767,fused,shoup,-1
2,lane32,2,1,90,70,"Tesla V100-SXM2-16GB",7.0,0,"v100-sm70","hierarchical-dataflow-homogeneous-warp128-vector-radix4-packed-stage6-distributed-static-io-10x10","experimental",0.000000,"all 32 lanes issue aligned stage-6 coefficient pairs from a prepacked side table",hierarchical-dataflow,0,named-barrier,0,0,0,2,0,0,0,hermes-xor,inplace,radix4,32,20,1048576,16,998244353,30,0,0,0,dataflow-radix4,"10+10","homogeneous-warp128-vector-radix4-packed-stage6-distributed-static-io+homogeneous-warp128-vector-radix4-packed-stage6-distributed-static-io","256+256","8+8","4+4","2+1","0+0","0+0","6+6","90+70","full-scratch","1",8,0,5,30,10.885408,1.316557,1.316828,0.000271,0,0,0,0,0,7,natural,natural,"",10.121984,12152.912706,716.719080,12743252593.116003,fused,shoup,-1
2,lane32,2,2,72,88,"Tesla V100-SXM2-16GB",7.0,0,"v100-sm70","hierarchical-dataflow-homogeneous-warp128-vector-radix4-packed-stage6-distributed-static-io-10x10","experimental",0.000000,"all 32 lanes issue aligned stage-6 coefficient pairs from a prepacked side table",hierarchical-dataflow,0,named-barrier,0,0,0,2,0,0,0,hermes-xor,inplace,radix4,32,20,1048576,16,998244353,30,0,0,0,dataflow-radix4,"10+10","homogeneous-warp128-vector-radix4-packed-stage6-distributed-static-io+homogeneous-warp128-vector-radix4-packed-stage6-distributed-static-io","256+256","8+8","4+4","2+2","0+0","0+0","6+6","72+88","full-scratch","1",8,0,5,30,10.878048,1.337378,1.337615,0.000237,0,0,0,0,0,7,natural,natural,"",10.127936,11963.706801,716.096337,12544855822.531958,fused,shoup,-1
2,lane32,2,2,74,86,"Tesla V100-SXM2-16GB",7.0,0,"v100-sm70","hierarchical-dataflow-homogeneous-warp128-vector-radix4-packed-stage6-distributed-static-io-10x10","experimental",0.000000,"all 32 lanes issue aligned stage-6 coefficient pairs from a prepacked side table",hierarchical-dataflow,0,named-barrier,0,0,0,2,0,0,0,hermes-xor,inplace,radix4,32,20,1048576,16,998244353,30,0,0,0,dataflow-radix4,"10+10","homogeneous-warp128-vector-radix4-packed-stage6-distributed-static-io+homogeneous-warp128-vector-radix4-packed-stage6-distributed-static-io","256+256","8+8","4+4","2+2","0+0","0+0","6+6","74+86","full-scratch","1",8,0,5,30,10.868448,1.310891,1.311103,0.000212,0,0,0,0,0,7,natural,natural,"",10.109216,12205.441926,717.857225,12798333472.952421,fused,shoup,-1
2,lane32,2,2,76,84,"Tesla V100-SXM2-16GB",7.0,0,"v100-sm70","hierarchical-dataflow-homogeneous-warp128-vector-radix4-packed-stage6-distributed-static-io-10x10","experimental",0.000000,"all 32 lanes issue aligned stage-6 coefficient pairs from a prepacked side table",hierarchical-dataflow,0,named-barrier,0,0,0,2,0,0,0,hermes-xor,inplace,radix4,32,20,1048576,16,998244353,30,0,0,0,dataflow-radix4,"10+10","homogeneous-warp128-vector-radix4-packed-stage6-distributed-static-io+homogeneous-warp128-vector-radix4-packed-stage6-distributed-static-io","256+256","8+8","4+4","2+2","0+0","0+0","6+6","76+84","full-scratch","1",8,0,5,30,10.869536,1.289011,1.289257,0.000246,0,0,0,0,0,7,natural,natural,"",10.112768,12412.614804,718.412874,13015569980.544548,fused,shoup,-1
2,lane32,2,2,78,82,"Tesla V100-SXM2-16GB",7.0,0,"v100-sm70","hierarchical-dataflow-homogeneous-warp128-vector-radix4-packed-stage6-distributed-static-io-10x10","experimental",0.000000,"all 32 lanes issue aligned stage-6 coefficient pairs from a prepacked side table",hierarchical-dataflow,0,named-barrier,0,0,0,2,0,0,0,hermes-xor,inplace,radix4,32,20,1048576,16,998244353,30,0,0,0,dataflow-radix4,"10+10","homogeneous-warp128-vector-radix4-packed-stage6-distributed-static-io+homogeneous-warp128-vector-radix4-packed-stage6-distributed-static-io","256+256","8+8","4+4","2+2","0+0","0+0","6+6","78+82","full-scratch","1",8,0,5,30,10.872064,1.297715,1.297949,0.000234,0,0,0,0,0,7,natural,natural,"",10.111392,12329.360625,718.095114,12928271646.935223,fused,shoup,-1
2,lane32,2,2,80,80,"Tesla V100-SXM2-16GB",7.0,0,"v100-sm70","hierarchical-dataflow-homogeneous-warp128-vector-radix4-packed-stage6-distributed-static-io-10x10","experimental",0.000000,"all 32 lanes issue aligned stage-6 coefficient pairs from a prepacked side table",hierarchical-dataflow,0,named-barrier,0,0,0,2,0,0,0,hermes-xor,inplace,radix4,32,20,1048576,16,998244353,30,0,0,0,dataflow-radix4,"10+10","homogeneous-warp128-vector-radix4-packed-stage6-distributed-static-io+homogeneous-warp128-vector-radix4-packed-stage6-distributed-static-io","256+256","8+8","4+4","2+2","0+0","0+0","6+6","80+80","full-scratch","1",8,0,5,30,10.883392,1.289182,1.289401,0.000219,0,0,0,0,0,7,natural,natural,"",10.108800,12410.971181,718.088563,13013846517.030468,fused,shoup,-1
2,lane32,2,2,82,78,"Tesla V100-SXM2-16GB",7.0,0,"v100-sm70","hierarchical-dataflow-homogeneous-warp128-vector-radix4-packed-stage6-distributed-static-io-10x10","experimental",0.000000,"all 32 lanes issue aligned stage-6 coefficient pairs from a prepacked side table",hierarchical-dataflow,0,named-barrier,0,0,0,2,0,0,0,hermes-xor,inplace,radix4,32,20,1048576,16,998244353,30,0,0,0,dataflow-radix4,"10+10","homogeneous-warp128-vector-radix4-packed-stage6-distributed-static-io+homogeneous-warp128-vector-radix4-packed-stage6-distributed-static-io","256+256","8+8","4+4","2+2","0+0","0+0","6+6","82+78","full-scratch","1",8,0,5,30,10.869248,1.262353,1.262597,0.000244,0,0,0,0,0,7,natural,natural,"",10.114496,12674.742490,719.227265,13290430780.949791,fused,shoup,-1
2,lane32,2,2,84,76,"Tesla V100-SXM2-16GB",7.0,0,"v100-sm70","hierarchical-dataflow-homogeneous-warp128-vector-radix4-packed-stage6-distributed-static-io-10x10","experimental",0.000000,"all 32 lanes issue aligned stage-6 coefficient pairs from a prepacked side table",hierarchical-dataflow,0,named-barrier,0,0,0,2,0,0,0,hermes-xor,inplace,radix4,32,20,1048576,16,998244353,30,0,0,0,dataflow-radix4,"10+10","homogeneous-warp128-vector-radix4-packed-stage6-distributed-static-io+homogeneous-warp128-vector-radix4-packed-stage6-distributed-static-io","256+256","8+8","4+4","2+2","0+0","0+0","6+6","84+76","full-scratch","1",8,0,5,30,10.878080,1.272422,1.272691,0.000269,0,0,0,0,0,7,natural,natural,"",10.121088,12574.440364,718.404003,13185256378.866001,fused,shoup,-1
2,lane32,2,2,85,75,"Tesla V100-SXM2-16GB",7.0,0,"v100-sm70","hierarchical-dataflow-homogeneous-warp128-vector-radix4-packed-stage6-distributed-static-io-10x10","experimental",0.000000,"all 32 lanes issue aligned stage-6 coefficient pairs from a prepacked side table",hierarchical-dataflow,0,named-barrier,0,0,0,2,0,0,0,hermes-xor,inplace,radix4,32,20,1048576,16,998244353,30,0,0,0,dataflow-radix4,"10+10","homogeneous-warp128-vector-radix4-packed-stage6-distributed-static-io+homogeneous-warp128-vector-radix4-packed-stage6-distributed-static-io","256+256","8+8","4+4","2+2","0+0","0+0","6+6","85+75","full-scratch","1",8,0,5,30,10.873280,1.275290,1.275545,0.000255,0,0,0,0,0,7,natural,natural,"",10.116832,12546.169367,718.603720,13155612089.967896,fused,shoup,-1
2,lane32,2,2,86,74,"Tesla V100-SXM2-16GB",7.0,0,"v100-sm70","hierarchical-dataflow-homogeneous-warp128-vector-radix4-packed-stage6-distributed-static-io-10x10","experimental",0.000000,"all 32 lanes issue aligned stage-6 coefficient pairs from a prepacked side table",hierarchical-dataflow,0,named-barrier,0,0,0,2,0,0,0,hermes-xor,inplace,radix4,32,20,1048576,16,998244353,30,0,0,0,dataflow-radix4,"10+10","homogeneous-warp128-vector-radix4-packed-stage6-distributed-static-io+homogeneous-warp128-vector-radix4-packed-stage6-distributed-static-io","256+256","8+8","4+4","2+2","0+0","0+0","6+6","86+74","full-scratch","1",8,0,5,30,10.873888,1.249382,1.249603,0.000221,0,0,0,0,0,7,natural,natural,"",10.107072,12806.327589,719.737007,13428407758.324039,fused,shoup,-1
2,lane32,2,2,88,72,"Tesla V100-SXM2-16GB",7.0,0,"v100-sm70","hierarchical-dataflow-homogeneous-warp128-vector-radix4-packed-stage6-distributed-static-io-10x10","experimental",0.000000,"all 32 lanes issue aligned stage-6 coefficient pairs from a prepacked side table",hierarchical-dataflow,0,named-barrier,0,0,0,2,0,0,0,hermes-xor,inplace,radix4,32,20,1048576,16,998244353,30,0,0,0,dataflow-radix4,"10+10","homogeneous-warp128-vector-radix4-packed-stage6-distributed-static-io+homogeneous-warp128-vector-radix4-packed-stage6-distributed-static-io","256+256","8+8","4+4","2+2","0+0","0+0","6+6","88+72","full-scratch","1",8,0,5,30,10.870048,1.283345,1.283597,0.000252,0,0,0,0,0,7,natural,natural,"",10.115968,12467.419282,718.475959,13073036641.320339,fused,shoup,-1
2,lane32,2,2,90,70,"Tesla V100-SXM2-16GB",7.0,0,"v100-sm70","hierarchical-dataflow-homogeneous-warp128-vector-radix4-packed-stage6-distributed-static-io-10x10","experimental",0.000000,"all 32 lanes issue aligned stage-6 coefficient pairs from a prepacked side table",hierarchical-dataflow,0,named-barrier,0,0,0,2,0,0,0,hermes-xor,inplace,radix4,32,20,1048576,16,998244353,30,0,0,0,dataflow-radix4,"10+10","homogeneous-warp128-vector-radix4-packed-stage6-distributed-static-io+homogeneous-warp128-vector-radix4-packed-stage6-distributed-static-io","256+256","8+8","4+4","2+2","0+0","0+0","6+6","90+70","full-scratch","1",8,0,5,30,10.875648,1.324919,1.325171,0.000252,0,0,0,0,0,7,natural,natural,"",10.117216,12076.205729,716.917084,12662819498.546278,fused,shoup,-1
2,v06,1,1,91,69,"Tesla V100-SXM2-16GB",7.0,0,"v100-sm70","hierarchical-dataflow-wave-10x10-resident-radix4","experimental",0.000000,"transform-wave readiness with the generated resident radix-4 core",hierarchical-dataflow,0,named-barrier,0,0,0,4,0,0,0,hermes-xor,inplace,radix4,32,20,1048576,16,998244353,30,0,0,0,dataflow-radix4,"10+10","dataflow-radix4+dataflow-radix4","256+256","1+1","0+0","1+1","0+0","0+0","0+0","17+13","full-scratch","1",8,0,5,30,10.865888,1.520060,1.520309,0.000249,0,0,0,0,0,7,natural,natural,"",10.111264,10525.902338,711.199250,11037208569.660624,fused,shoup,-1
