label,kernel_id,kernel_name,grid_size,block_size,time_us,dram_read_mib,dram_write_mib,global_load_sectors,global_store_sectors,local_load_sectors,local_store_sectors,dram_peak_pct,l2_hit_pct,l1_hit_pct,shared_load_bank_conflicts,shared_store_bank_conflicts,warp_instructions,instructions_per_active_cycle,integer_thread_instructions,fp32_thread_instructions,fp64_thread_instructions,tensor_warp_instructions,tensor_active_pct,active_warps_pct,barrier_stall_pct,wait_stall_pct,long_scoreboard_stall_pct,mio_throttle_stall_pct,registers_per_thread,shared_mem_bytes,waves_per_sm,occupancy_register_block_limit,occupancy_shared_block_limit,occupancy_warp_block_limit
cta-radix4_u32_b1,0,"void cuntt::<unnamed>::appt_online_log20_kernel<unsigned int,",240,256,306.624,20.18829345703125,13.47296142578125,5830364.0,2228250.0,0.0,0.0,12.98,93.05,25.7,951702.0,622592.0,11729741.0,,250178000.0,,,,,22.95,43.31,6.14,26.04,1.05,32.0,16512.0,0.6,8.0,5.0,8.0
cta-radix4_u32_b4,0,"void cuntt::<unnamed>::appt_online_log20_kernel<unsigned int,",240,256,960.032,121.99334716796875,59.48040771484375,23315504.0,8913050.0,0.0,0.0,21.88,89.82,24.93,3536329.0,2490368.0,45236599.0,,992976253.0,,,,,26.76,26.8,6.01,33.5,2.9,32.0,16512.0,0.6,8.0,5.0,8.0
cta-radix4_u64_b1,0,"void cuntt::<unnamed>::appt_online_log20_kernel<unsigned long,",160,256,440.736,50.245330810546875,25.43267822265625,6368310.0,2359322.0,0.0,0.0,20.19,84.21,23.91,1677640.0,1179731.0,19801009.0,,470032880.0,,,,,19.81,45.98,6.93,25.92,0.47,40.0,33024.0,1.0,6.0,2.0,8.0
cta-radix4_u64_b4,0,"void cuntt::<unnamed>::appt_online_log20_kernel<unsigned long,",160,256,1364.704,272.26123046875,106.47357177734375,25451261.0,9437282.0,0.0,0.0,32.12,79.67,23.07,6393583.0,4719821.0,77059591.0,,1873610430.0,,,,,22.13,27.17,7.27,35.15,1.45,40.0,33024.0,1.0,6.0,2.0,8.0
fused-tail_u32_b1,0,void cuntt::<unnamed>::appt_online_fused_tail_log20_kernel<unsigned int>,160,256,288.8,18.571502685546875,8.98089599609375,5674807.0,1179658.0,0.0,0.0,11.19,93.17,34.3,764950.0,632738.0,9865302.0,,220937875.0,,,,,17.32,25.39,8.23,37.78,1.18,32.0,33024.0,1.0,8.0,2.0,8.0
fused-tail_u32_b4,0,void cuntt::<unnamed>::appt_online_fused_tail_log20_kernel<unsigned int>,160,256,873.952,85.35745239257812,36.698760986328125,22595653.0,4718626.0,0.0,0.0,16.17,90.11,33.26,2752887.0,2518609.0,39502772.0,,877067873.0,,,,,24.03,29.8,5.8,27.96,2.81,32.0,33024.0,1.0,8.0,2.0,8.0
fused-tail_u64_b1,0,void cuntt::<unnamed>::appt_online_fused_tail_log20_kernel<unsigned long>,80,256,483.04,42.46710205078125,16.961395263671875,6064209.0,1310730.0,0.0,0.0,14.6,82.9,35.38,1423746.0,1190128.0,17730311.0,,443526381.0,,,,,12.48,26.68,11.84,31.9,0.58,42.0,66048.0,1.0,5.0,1.0,8.0
fused-tail_u64_b4,0,void cuntt::<unnamed>::appt_online_fused_tail_log20_kernel<unsigned long>,80,256,1313.952,204.1820068359375,68.67813110351562,24256598.0,5242914.0,0.0,0.0,24.43,79.8,35.65,5759957.0,4750563.0,70184200.0,,1750576757.0,,,,,12.49,14.68,13.02,38.64,0.69,42.0,66048.0,1.0,5.0,1.0,8.0
register-tail_u32_b1,0,"void cuntt::<unnamed>::appt_online_register_tail_log20_kernel<unsigned int,",240,256,244.512,18.84173583984375,8.623199462890625,6690151.0,1179651.0,0.0,0.0,13.23,93.72,28.86,648304.0,692019.0,9969682.0,,215417209.0,,,,,23.8,28.6,6.49,35.92,2.14,47.0,32768.0,1.0,5.0,3.0,8.0
register-tail_u32_b4,0,"void cuntt::<unnamed>::appt_online_register_tail_log20_kernel<unsigned int,",240,256,792.064,147.482421875,49.1116943359375,26777553.0,4718595.0,0.0,0.0,29.99,89.98,27.58,2536680.0,2848091.0,39141462.0,,856481724.0,,,,,29.55,22.84,5.48,37.58,4.43,47.0,32768.0,1.0,5.0,3.0,8.0
register-tail_u64_b1,0,"void cuntt::<unnamed>::appt_online_register_tail_log20_kernel<unsigned long,",160,256,349.504,39.01422119140625,16.14910888671875,7086238.0,1310730.0,0.0,0.0,18.99,86.86,30.95,1119368.0,1160942.0,17645902.0,,438042480.0,,,,,15.61,25.86,9.83,42.06,0.18,128.0,49152.0,1.0,2.0,2.0,8.0
register-tail_u64_b4,0,"void cuntt::<unnamed>::appt_online_register_tail_log20_kernel<unsigned long,",160,256,1113.056,201.09765625,68.8475341796875,28390085.0,5242914.0,0.0,0.0,27.1,81.88,30.47,4532723.0,4728296.0,69721944.0,,1725232431.0,,,,,18.75,11.26,9.28,49.96,1.07,128.0,49152.0,1.0,2.0,2.0,8.0
split-tail_u32_b1,0,void cuntt::<unnamed>::appt_online_split_tail_log20_kernel<unsigned int>,240,256,313.024,23.508636474609375,11.087371826171875,7220510.0,1699868.0,0.0,0.0,13.09,93.32,31.17,655780.0,589824.0,10546212.0,,234682620.0,,,,,22.74,40.59,5.79,34.33,0.48,32.0,16512.0,0.6,8.0,5.0,8.0
split-tail_u32_b4,0,void cuntt::<unnamed>::appt_online_split_tail_log20_kernel<unsigned int>,240,256,975.04,175.64651489257812,60.25201416015625,28754586.0,6817854.0,0.0,0.0,27.82,86.48,30.13,2614736.0,2359296.0,40840293.0,,917763657.0,,,,,27.0,17.17,5.57,40.95,2.81,32.0,16512.0,0.6,8.0,5.0,8.0
split-tail_u64_b1,0,void cuntt::<unnamed>::appt_online_split_tail_log20_kernel<unsigned long>,160,256,408.128,58.090301513671875,21.406524658203125,7616343.0,1821519.0,0.0,0.0,22.84,84.57,32.13,1195854.0,1055230.0,18472761.0,,460887283.0,,,,,20.81,41.02,6.52,29.74,0.33,48.0,33024.0,1.0,5.0,2.0,8.0
split-tail_u64_b4,0,void cuntt::<unnamed>::appt_online_split_tail_log20_kernel<unsigned long>,160,256,1365.28,270.41265869140625,83.72879028320312,30425302.0,7310721.0,0.0,0.0,30.4,82.0,32.31,4664360.0,4223840.0,73351441.0,,1822115341.0,,,,,23.1,38.73,6.19,31.49,0.48,48.0,33024.0,1.0,5.0,2.0,8.0
v06_u32_b1,0,"void cuntt::<unnamed>::hierarchical_streaming_10x10_kernel<unsigned int,",320,256,144.928,13.46368408203125,8.909759521484375,1870600.0,524291.0,0.0,1024.0,17.91,75.11,45.29,729210.0,1705658.0,14546330.0,,268511645.0,,,,,42.08,3.9,9.39,20.93,3.6,40.0,16416.0,0.8,6.0,5.0,8.0
v06_u32_b4,0,"void cuntt::<unnamed>::hierarchical_streaming_10x10_kernel<unsigned int,",320,256,337.664,62.399505615234375,34.044952392578125,7451064.0,2097155.0,0.0,4096.0,32.96,68.94,46.12,2988793.0,6823278.0,49888437.0,,1047869231.0,,,,,47.21,5.2,10.28,32.87,5.22,40.0,16416.0,0.8,6.0,5.0,8.0
v06_u64_b1,0,"void cuntt::<unnamed>::hierarchical_streaming_10x10_kernel<unsigned long,",160,256,228.89600000000002,30.899688720703125,16.490234375,3012598.0,524291.0,0.0,1024.0,24.31,52.59,51.06,1270756.0,1966708.0,23821832.0,,492152636.0,,,,,23.54,2.79,15.19,21.42,0.4,48.0,32816.0,1.0,5.0,2.0,8.0
v06_u64_b4,0,"void cuntt::<unnamed>::hierarchical_streaming_10x10_kernel<unsigned long,",160,256,610.144,127.84060668945312,64.7891845703125,12038986.0,2097155.0,0.0,4096.0,36.6,48.89,51.89,5093497.0,7866376.0,82463085.0,,1932973776.0,,,,,24.3,3.52,15.8,32.32,0.57,48.0,32816.0,1.0,5.0,2.0,8.0
warp_u32_b1,0,"void cuntt::<unnamed>::appt_online_log20_kernel<unsigned int,",240,256,312.512,20.16375732421875,13.48748779296875,8766726.0,2228250.0,0.0,0.0,13.39,92.98,44.2,131346.0,0.0,14874056.0,,203955244.0,,,,,25.24,52.66,6.74,20.27,0.37,72.0,16512.0,1.0,3.0,3.0,8.0
warp_u32_b4,0,"void cuntt::<unnamed>::appt_online_log20_kernel<unsigned int,",240,256,882.432,130.92962646484375,63.695068359375,34993031.0,8912994.0,0.0,0.0,25.46,89.23,43.29,282790.0,0.0,57423716.0,,802219988.0,,,,,26.68,27.15,6.99,30.21,1.3,72.0,16512.0,1.0,3.0,3.0,8.0
warp_u64_b1,0,"void cuntt::<unnamed>::appt_online_log20_kernel<unsigned long,",160,256,669.8240000000001,42.695556640625,25.91259765625,9464099.0,2359322.0,0.0,0.0,12.0,87.45,37.47,137143.0,2.0,32739513.0,,434818275.0,,,,,18.4,30.58,10.01,33.61,1.16,80.0,33024.0,1.0,3.0,2.0,8.0
warp_u64_b4,0,"void cuntt::<unnamed>::appt_online_log20_kernel<unsigned long,",160,256,1970.208,267.97344970703125,124.44674682617188,37840328.0,9437282.0,0.0,0.0,23.28,82.42,36.24,735290.0,499.0,129745716.0,,1731807441.0,,,,,22.13,19.99,9.5,40.01,2.1,80.0,33024.0,1.0,3.0,2.0,8.0
