label,device,compute_capability,auto_select,selection_target,selected_implementation,selection_confidence,predicted_kernel_ms,selection_reason,backend,stage_space,stage_handoff,flow_tile_log,data_space,role_stages,target_ctas_per_sm,data_time,token_interleave,pipeline_buffers,dataflow_layout,dataflow_state,compute_unit,word_bits,logN,N,batch,modulus,modulus_bits,n1_log,rows_per_block,threads_per_block,hierarchical_core,stage_partition,logical_subgraphs,execution_stage_partition,execution_groups,materialized_boundaries,segment_cores,segment_threads,segment_units,segment_data_space,segment_data_time,segment_role_stages,segment_token_interleave,segment_coefficient_reuse_stages,segment_cta_weights,execution_group_cores,boundary_storage,boundary_buffers,ready_window,packet_readiness,packet_compute_layout,packet_fold_wave_barriers,inverse,warmup,repeat,h2d_ms,kernel_ms,timed_region_wall_ms,host_timing_overhead_ms,appt_producer_weight,appt_tail_weight,appt_writer_weight,appt_fragment_width,appt_writer_tiles,appt_data_time_roles,input_order,output_order,appt_layout_id,d2h_ms,kernel_ntt_s,end_to_end_ntt_s,kernel_points_s,cross_twiddle,mod_multiply,correct
m7_g2_p2-2-3-3-3-3-4_e10-10_b1_t1,"Tesla V100-SXM2-16GB",7.0,0,"v100-sm70","hierarchical-dataflow-wave-warp-radix4-resident-fused-m7-g2","experimental",0.000000,"warp-parallel subgraphs with dependency-wave readiness; logical subgraphs are lowered into resident physical execution groups",hierarchical-dataflow,0,named-barrier,0,0,0,2,0,0,0,hermes-xor,inplace,radix4,32,20,1048576,1,998244353,30,0,0,0,dataflow-radix4,"2+2+3+3+3+3+4",7,"10+10",2,1,"radix4+radix4+radix4+radix4+radix4+radix4+radix4","256+256+256+256+256+256+256","1+1+1+1+1+1+1","0+0+0+0+0+0+0","0+0+0+0+0+0+0","0+0+0+0+0+0+0","0+0+0+0+0+0+0","0+0+0+0+0+0+0","2+2+3+3+3+3+4","radix4+radix4","resident-fused+resident-fused+resident-fused+full-scratch+resident-fused+resident-fused","1+1+1+1+1+1",8,per-packet,interleaved-rows,0,0,5,30,0.798176,0.427520,0.427782,0.000262,0,0,0,0,0,7,natural,natural,"",0.734336,2339.071982,510.195755,2452694742.198047,fused,shoup,-1
m6_g2_p3-3-4-3-3-4_e10-10_b1_t1,"Tesla V100-SXM2-16GB",7.0,0,"v100-sm70","hierarchical-dataflow-wave-warp-radix4-resident-fused-m6-g2","experimental",0.000000,"warp-parallel subgraphs with dependency-wave readiness; logical subgraphs are lowered into resident physical execution groups",hierarchical-dataflow,0,named-barrier,0,0,0,2,0,0,0,hermes-xor,inplace,radix4,32,20,1048576,1,998244353,30,0,0,0,dataflow-radix4,"3+3+4+3+3+4",6,"10+10",2,1,"radix4+radix4+radix4+radix4+radix4+radix4","256+256+256+256+256+256","1+1+1+1+1+1","0+0+0+0+0+0","0+0+0+0+0+0","0+0+0+0+0+0","0+0+0+0+0+0","0+0+0+0+0+0","3+3+4+3+3+4","radix4+radix4","resident-fused+resident-fused+full-scratch+resident-fused+resident-fused","1+1+1+1+1",8,per-packet,interleaved-rows,0,0,5,30,0.786528,0.427486,0.427757,0.000271,0,0,0,0,0,7,natural,natural,"",0.737504,2339.258533,512.421644,2452890355.261828,fused,shoup,-1
m5_g2_p3-3-4-5-5_e10-10_b1_t1,"Tesla V100-SXM2-16GB",7.0,0,"v100-sm70","hierarchical-dataflow-wave-warp-radix4-resident-fused-m5-g2","experimental",0.000000,"warp-parallel subgraphs with dependency-wave readiness; logical subgraphs are lowered into resident physical execution groups",hierarchical-dataflow,0,named-barrier,0,0,0,2,0,0,0,hermes-xor,inplace,radix4,32,20,1048576,1,998244353,30,0,0,0,dataflow-radix4,"3+3+4+5+5",5,"10+10",2,1,"radix4+radix4+radix4+radix4+radix4","256+256+256+256+256","1+1+1+1+1","0+0+0+0+0","0+0+0+0+0","0+0+0+0+0","0+0+0+0+0","0+0+0+0+0","3+3+4+5+5","radix4+radix4","resident-fused+resident-fused+full-scratch+resident-fused","1+1+1+1",8,per-packet,interleaved-rows,0,0,5,30,0.788128,0.427110,0.427380,0.000270,0,0,0,0,0,7,natural,natural,"",0.720000,2341.315175,516.732196,2455046900.977891,fused,shoup,-1
m4_g2_p5-5-5-5_e10-10_b1_t1,"Tesla V100-SXM2-16GB",7.0,0,"v100-sm70","hierarchical-dataflow-wave-warp-radix4-resident-fused-m4-g2","experimental",0.000000,"warp-parallel subgraphs with dependency-wave readiness; logical subgraphs are lowered into resident physical execution groups",hierarchical-dataflow,0,named-barrier,0,0,0,2,0,0,0,hermes-xor,inplace,radix4,32,20,1048576,1,998244353,30,0,0,0,dataflow-radix4,"5+5+5+5",4,"10+10",2,1,"radix4+radix4+radix4+radix4","256+256+256+256","1+1+1+1","0+0+0+0","0+0+0+0","0+0+0+0","0+0+0+0","0+0+0+0","5+5+5+5","radix4+radix4","resident-fused+full-scratch+resident-fused","1+1+1",8,per-packet,interleaved-rows,0,0,5,30,0.787072,0.425779,0.426028,0.000249,0,0,0,0,0,7,natural,natural,"",0.732896,2348.635032,513.941380,2462722327.132636,fused,shoup,-1
m3_g2_p5-5-10_e10-10_b1_t1,"Tesla V100-SXM2-16GB",7.0,0,"v100-sm70","hierarchical-dataflow-wave-warp-radix4-resident-fused-m3-g2","experimental",0.000000,"warp-parallel subgraphs with dependency-wave readiness; logical subgraphs are lowered into resident physical execution groups",hierarchical-dataflow,0,named-barrier,0,0,0,2,0,0,0,hermes-xor,inplace,radix4,32,20,1048576,1,998244353,30,0,0,0,dataflow-radix4,"5+5+10",3,"10+10",2,1,"radix4+radix4+radix4","256+256+256","1+1+1","0+0+0","0+0+0","0+0+0","0+0+0","0+0+0","5+5+10","radix4+radix4","resident-fused+full-scratch","1+1",8,per-packet,interleaved-rows,0,0,5,30,0.782944,0.426769,0.427025,0.000256,0,0,0,0,0,7,natural,natural,"",0.735648,2343.187574,514.043388,2457010253.554017,fused,shoup,-1
m2_g2_p10-10_e10-10_b1_t1,"Tesla V100-SXM2-16GB",7.0,0,"v100-sm70","hierarchical-dataflow-wave-warp-radix4","experimental",0.000000,"warp-parallel subgraphs with dependency-wave readiness",hierarchical-dataflow,0,named-barrier,0,0,0,2,0,0,0,hermes-xor,inplace,radix4,32,20,1048576,1,998244353,30,0,0,0,dataflow-radix4,"10+10",2,"10+10",2,1,"radix4+radix4","256+256","1+1","0+0","0+0","0+0","0+0","0+0","10+10","radix4+radix4","full-scratch","1",8,per-packet,interleaved-rows,0,0,5,30,0.783104,0.427008,0.427264,0.000256,0,0,0,0,0,7,natural,natural,"",0.734176,2341.876482,514.327099,2455635474.374775,fused,shoup,-1
m8_g2_p2-2-3-3-2-2-3-3_e10-10_b1_t1,"Tesla V100-SXM2-16GB",7.0,0,"v100-sm70","hierarchical-dataflow-wave-warp-radix4-resident-fused-m8-g2","experimental",0.000000,"warp-parallel subgraphs with dependency-wave readiness; logical subgraphs are lowered into resident physical execution groups",hierarchical-dataflow,0,named-barrier,0,0,0,2,0,0,0,hermes-xor,inplace,radix4,32,20,1048576,1,998244353,30,0,0,0,dataflow-radix4,"2+2+3+3+2+2+3+3",8,"10+10",2,1,"radix4+radix4+radix4+radix4+radix4+radix4+radix4+radix4","256+256+256+256+256+256+256+256","1+1+1+1+1+1+1+1","0+0+0+0+0+0+0+0","0+0+0+0+0+0+0+0","0+0+0+0+0+0+0+0","0+0+0+0+0+0+0+0","0+0+0+0+0+0+0+0","2+2+3+3+2+2+3+3","radix4+radix4","resident-fused+resident-fused+resident-fused+full-scratch+resident-fused+resident-fused+resident-fused","1+1+1+1+1+1+1",8,per-packet,interleaved-rows,0,0,5,30,0.790048,0.426871,0.427155,0.000284,0,0,0,0,0,7,natural,natural,"",0.745600,2342.625638,509.549093,2456421021.030090,fused,shoup,-1
m6_g2_p3-3-4-3-3-4_e10-10_b1_t2,"Tesla V100-SXM2-16GB",7.0,0,"v100-sm70","hierarchical-dataflow-wave-warp-radix4-resident-fused-m6-g2","experimental",0.000000,"warp-parallel subgraphs with dependency-wave readiness; logical subgraphs are lowered into resident physical execution groups",hierarchical-dataflow,0,named-barrier,0,0,0,2,0,0,0,hermes-xor,inplace,radix4,32,20,1048576,1,998244353,30,0,0,0,dataflow-radix4,"3+3+4+3+3+4",6,"10+10",2,1,"radix4+radix4+radix4+radix4+radix4+radix4","256+256+256+256+256+256","1+1+1+1+1+1","0+0+0+0+0+0","0+0+0+0+0+0","0+0+0+0+0+0","0+0+0+0+0+0","0+0+0+0+0+0","3+3+4+3+3+4","radix4+radix4","resident-fused+resident-fused+full-scratch+resident-fused+resident-fused","1+1+1+1+1",8,per-packet,interleaved-rows,0,0,5,30,0.787904,0.426633,0.426933,0.000300,0,0,0,0,0,7,natural,natural,"",0.739904,2343.937569,511.655373,2457796680.167640,fused,shoup,-1
m5_g2_p3-3-4-5-5_e10-10_b1_t2,"Tesla V100-SXM2-16GB",7.0,0,"v100-sm70","hierarchical-dataflow-wave-warp-radix4-resident-fused-m5-g2","experimental",0.000000,"warp-parallel subgraphs with dependency-wave readiness; logical subgraphs are lowered into resident physical execution groups",hierarchical-dataflow,0,named-barrier,0,0,0,2,0,0,0,hermes-xor,inplace,radix4,32,20,1048576,1,998244353,30,0,0,0,dataflow-radix4,"3+3+4+5+5",5,"10+10",2,1,"radix4+radix4+radix4+radix4+radix4","256+256+256+256+256","1+1+1+1+1","0+0+0+0+0","0+0+0+0+0","0+0+0+0+0","0+0+0+0+0","0+0+0+0+0","3+3+4+5+5","radix4+radix4","resident-fused+resident-fused+full-scratch+resident-fused","1+1+1+1",8,per-packet,interleaved-rows,0,0,5,30,0.798528,0.426940,0.427218,0.000278,0,0,0,0,0,7,natural,natural,"",0.742496,2342.250837,508.139432,2456028013.447421,fused,shoup,-1
m4_g2_p5-5-5-5_e10-10_b1_t2,"Tesla V100-SXM2-16GB",7.0,0,"v100-sm70","hierarchical-dataflow-wave-warp-radix4-resident-fused-m4-g2","experimental",0.000000,"warp-parallel subgraphs with dependency-wave readiness; logical subgraphs are lowered into resident physical execution groups",hierarchical-dataflow,0,named-barrier,0,0,0,2,0,0,0,hermes-xor,inplace,radix4,32,20,1048576,1,998244353,30,0,0,0,dataflow-radix4,"5+5+5+5",4,"10+10",2,1,"radix4+radix4+radix4+radix4","256+256+256+256","1+1+1+1","0+0+0+0","0+0+0+0","0+0+0+0","0+0+0+0","0+0+0+0","5+5+5+5","radix4+radix4","resident-fused+full-scratch+resident-fused","1+1+1",8,per-packet,interleaved-rows,0,0,5,30,0.788000,0.426633,0.426926,0.000293,0,0,0,0,0,7,natural,natural,"",0.739456,2343.937569,511.747546,2457796680.167640,fused,shoup,-1
m3_g2_p5-5-10_e10-10_b1_t2,"Tesla V100-SXM2-16GB",7.0,0,"v100-sm70","hierarchical-dataflow-wave-warp-radix4-resident-fused-m3-g2","experimental",0.000000,"warp-parallel subgraphs with dependency-wave readiness; logical subgraphs are lowered into resident physical execution groups",hierarchical-dataflow,0,named-barrier,0,0,0,2,0,0,0,hermes-xor,inplace,radix4,32,20,1048576,1,998244353,30,0,0,0,dataflow-radix4,"5+5+10",3,"10+10",2,1,"radix4+radix4+radix4","256+256+256","1+1+1","0+0+0","0+0+0","0+0+0","0+0+0","0+0+0","5+5+10","radix4+radix4","resident-fused+full-scratch","1+1",8,per-packet,interleaved-rows,0,0,5,30,0.781088,0.427315,0.427578,0.000262,0,0,0,0,0,7,natural,natural,"",0.739360,2340.192878,513.409440,2453870086.781582,fused,shoup,-1
m2_g2_p10-10_e10-10_b1_t2,"Tesla V100-SXM2-16GB",7.0,0,"v100-sm70","hierarchical-dataflow-wave-warp-radix4","experimental",0.000000,"warp-parallel subgraphs with dependency-wave readiness",hierarchical-dataflow,0,named-barrier,0,0,0,2,0,0,0,hermes-xor,inplace,radix4,32,20,1048576,1,998244353,30,0,0,0,dataflow-radix4,"10+10",2,"10+10",2,1,"radix4+radix4","256+256","1+1","0+0","0+0","0+0","0+0","0+0","10+10","radix4+radix4","full-scratch","1",8,per-packet,interleaved-rows,0,0,5,30,0.786240,0.426359,0.426606,0.000247,0,0,0,0,0,7,natural,natural,"",0.732736,2345.438672,514.050161,2459370700.835789,fused,shoup,-1
m8_g2_p2-2-3-3-2-2-3-3_e10-10_b1_t2,"Tesla V100-SXM2-16GB",7.0,0,"v100-sm70","hierarchical-dataflow-wave-warp-radix4-resident-fused-m8-g2","experimental",0.000000,"warp-parallel subgraphs with dependency-wave readiness; logical subgraphs are lowered into resident physical execution groups",hierarchical-dataflow,0,named-barrier,0,0,0,2,0,0,0,hermes-xor,inplace,radix4,32,20,1048576,1,998244353,30,0,0,0,dataflow-radix4,"2+2+3+3+2+2+3+3",8,"10+10",2,1,"radix4+radix4+radix4+radix4+radix4+radix4+radix4+radix4","256+256+256+256+256+256+256+256","1+1+1+1+1+1+1+1","0+0+0+0+0+0+0+0","0+0+0+0+0+0+0+0","0+0+0+0+0+0+0+0","0+0+0+0+0+0+0+0","0+0+0+0+0+0+0+0","2+2+3+3+2+2+3+3","radix4+radix4","resident-fused+resident-fused+resident-fused+full-scratch+resident-fused+resident-fused+resident-fused","1+1+1+1+1+1+1",8,per-packet,interleaved-rows,0,0,5,30,0.781888,0.427452,0.427722,0.000270,0,0,0,0,0,7,natural,natural,"",0.735072,2339.445440,514.294361,2453086341.592844,fused,shoup,-1
m7_g2_p2-2-3-3-3-3-4_e10-10_b1_t2,"Tesla V100-SXM2-16GB",7.0,0,"v100-sm70","hierarchical-dataflow-wave-warp-radix4-resident-fused-m7-g2","experimental",0.000000,"warp-parallel subgraphs with dependency-wave readiness; logical subgraphs are lowered into resident physical execution groups",hierarchical-dataflow,0,named-barrier,0,0,0,2,0,0,0,hermes-xor,inplace,radix4,32,20,1048576,1,998244353,30,0,0,0,dataflow-radix4,"2+2+3+3+3+3+4",7,"10+10",2,1,"radix4+radix4+radix4+radix4+radix4+radix4+radix4","256+256+256+256+256+256+256","1+1+1+1+1+1+1","0+0+0+0+0+0+0","0+0+0+0+0+0+0","0+0+0+0+0+0+0","0+0+0+0+0+0+0","0+0+0+0+0+0+0","2+2+3+3+3+3+4","radix4+radix4","resident-fused+resident-fused+resident-fused+full-scratch+resident-fused+resident-fused","1+1+1+1+1+1",8,per-packet,interleaved-rows,0,0,5,30,0.812448,0.427486,0.427781,0.000295,0,0,0,0,0,7,natural,natural,"",0.772608,2339.258533,496.884067,2452890355.261828,fused,shoup,-1
m5_g2_p3-3-4-5-5_e10-10_b1_t3,"Tesla V100-SXM2-16GB",7.0,0,"v100-sm70","hierarchical-dataflow-wave-warp-radix4-resident-fused-m5-g2","experimental",0.000000,"warp-parallel subgraphs with dependency-wave readiness; logical subgraphs are lowered into resident physical execution groups",hierarchical-dataflow,0,named-barrier,0,0,0,2,0,0,0,hermes-xor,inplace,radix4,32,20,1048576,1,998244353,30,0,0,0,dataflow-radix4,"3+3+4+5+5",5,"10+10",2,1,"radix4+radix4+radix4+radix4+radix4","256+256+256+256+256","1+1+1+1+1","0+0+0+0+0","0+0+0+0+0","0+0+0+0+0","0+0+0+0+0","0+0+0+0+0","3+3+4+5+5","radix4+radix4","resident-fused+resident-fused+full-scratch+resident-fused","1+1+1+1",8,per-packet,interleaved-rows,0,0,5,30,0.790688,0.427861,0.428151,0.000290,0,0,0,0,0,7,natural,natural,"",0.735584,2337.205826,511.735808,2450737936.305449,fused,shoup,-1
m4_g2_p5-5-5-5_e10-10_b1_t3,"Tesla V100-SXM2-16GB",7.0,0,"v100-sm70","hierarchical-dataflow-wave-warp-radix4-resident-fused-m4-g2","experimental",0.000000,"warp-parallel subgraphs with dependency-wave readiness; logical subgraphs are lowered into resident physical execution groups",hierarchical-dataflow,0,named-barrier,0,0,0,2,0,0,0,hermes-xor,inplace,radix4,32,20,1048576,1,998244353,30,0,0,0,dataflow-radix4,"5+5+5+5",4,"10+10",2,1,"radix4+radix4+radix4+radix4","256+256+256+256","1+1+1+1","0+0+0+0","0+0+0+0","0+0+0+0","0+0+0+0","0+0+0+0","5+5+5+5","radix4+radix4","resident-fused+full-scratch+resident-fused","1+1+1",8,per-packet,interleaved-rows,0,0,5,30,0.790752,0.427145,0.427417,0.000272,0,0,0,0,0,7,natural,natural,"",0.736896,2341.127969,511.563248,2454850601.261237,fused,shoup,-1
m3_g2_p5-5-10_e10-10_b1_t3,"Tesla V100-SXM2-16GB",7.0,0,"v100-sm70","hierarchical-dataflow-wave-warp-radix4-resident-fused-m3-g2","experimental",0.000000,"warp-parallel subgraphs with dependency-wave readiness; logical subgraphs are lowered into resident physical execution groups",hierarchical-dataflow,0,named-barrier,0,0,0,2,0,0,0,hermes-xor,inplace,radix4,32,20,1048576,1,998244353,30,0,0,0,dataflow-radix4,"5+5+10",3,"10+10",2,1,"radix4+radix4+radix4","256+256+256","1+1+1","0+0+0","0+0+0","0+0+0","0+0+0","0+0+0","5+5+10","radix4+radix4","resident-fused+full-scratch","1+1",8,per-packet,interleaved-rows,0,0,5,30,0.793024,0.427861,0.428114,0.000252,0,0,0,0,0,7,natural,natural,"",0.732512,2337.205826,511.928619,2450737936.305449,fused,shoup,-1
m2_g2_p10-10_e10-10_b1_t3,"Tesla V100-SXM2-16GB",7.0,0,"v100-sm70","hierarchical-dataflow-wave-warp-radix4","experimental",0.000000,"warp-parallel subgraphs with dependency-wave readiness",hierarchical-dataflow,0,named-barrier,0,0,0,2,0,0,0,hermes-xor,inplace,radix4,32,20,1048576,1,998244353,30,0,0,0,dataflow-radix4,"10+10",2,"10+10",2,1,"radix4+radix4","256+256","1+1","0+0","0+0","0+0","0+0","0+0","10+10","radix4+radix4","full-scratch","1",8,per-packet,interleaved-rows,0,0,5,30,0.796544,0.427213,0.427486,0.000273,0,0,0,0,0,7,natural,natural,"",0.741568,2340.753810,508.821735,2454458267.209576,fused,shoup,-1
m8_g2_p2-2-3-3-2-2-3-3_e10-10_b1_t3,"Tesla V100-SXM2-16GB",7.0,0,"v100-sm70","hierarchical-dataflow-wave-warp-radix4-resident-fused-m8-g2","experimental",0.000000,"warp-parallel subgraphs with dependency-wave readiness; logical subgraphs are lowered into resident physical execution groups",hierarchical-dataflow,0,named-barrier,0,0,0,2,0,0,0,hermes-xor,inplace,radix4,32,20,1048576,1,998244353,30,0,0,0,dataflow-radix4,"2+2+3+3+2+2+3+3",8,"10+10",2,1,"radix4+radix4+radix4+radix4+radix4+radix4+radix4+radix4","256+256+256+256+256+256+256+256","1+1+1+1+1+1+1+1","0+0+0+0+0+0+0+0","0+0+0+0+0+0+0+0","0+0+0+0+0+0+0+0","0+0+0+0+0+0+0+0","0+0+0+0+0+0+0+0","2+2+3+3+2+2+3+3","radix4+radix4","resident-fused+resident-fused+resident-fused+full-scratch+resident-fused+resident-fused+resident-fused","1+1+1+1+1+1+1",8,per-packet,interleaved-rows,0,0,5,30,0.790336,0.427349,0.427594,0.000244,0,0,0,0,0,7,natural,natural,"",0.733600,2340.005851,512.482697,2453673975.202840,fused,shoup,-1
m7_g2_p2-2-3-3-3-3-4_e10-10_b1_t3,"Tesla V100-SXM2-16GB",7.0,0,"v100-sm70","hierarchical-dataflow-wave-warp-radix4-resident-fused-m7-g2","experimental",0.000000,"warp-parallel subgraphs with dependency-wave readiness; logical subgraphs are lowered into resident physical execution groups",hierarchical-dataflow,0,named-barrier,0,0,0,2,0,0,0,hermes-xor,inplace,radix4,32,20,1048576,1,998244353,30,0,0,0,dataflow-radix4,"2+2+3+3+3+3+4",7,"10+10",2,1,"radix4+radix4+radix4+radix4+radix4+radix4+radix4","256+256+256+256+256+256+256","1+1+1+1+1+1+1","0+0+0+0+0+0+0","0+0+0+0+0+0+0","0+0+0+0+0+0+0","0+0+0+0+0+0+0","0+0+0+0+0+0+0","2+2+3+3+3+3+4","radix4+radix4","resident-fused+resident-fused+resident-fused+full-scratch+resident-fused+resident-fused","1+1+1+1+1+1",8,per-packet,interleaved-rows,0,0,5,30,0.787616,0.427247,0.427484,0.000237,0,0,0,0,0,7,natural,natural,"",0.732160,2340.566857,513.604638,2454262232.804791,fused,shoup,-1
m6_g2_p3-3-4-3-3-4_e10-10_b1_t3,"Tesla V100-SXM2-16GB",7.0,0,"v100-sm70","hierarchical-dataflow-wave-warp-radix4-resident-fused-m6-g2","experimental",0.000000,"warp-parallel subgraphs with dependency-wave readiness; logical subgraphs are lowered into resident physical execution groups",hierarchical-dataflow,0,named-barrier,0,0,0,2,0,0,0,hermes-xor,inplace,radix4,32,20,1048576,1,998244353,30,0,0,0,dataflow-radix4,"3+3+4+3+3+4",6,"10+10",2,1,"radix4+radix4+radix4+radix4+radix4+radix4","256+256+256+256+256+256","1+1+1+1+1+1","0+0+0+0+0+0","0+0+0+0+0+0","0+0+0+0+0+0","0+0+0+0+0+0","0+0+0+0+0+0","3+3+4+3+3+4","radix4+radix4","resident-fused+resident-fused+full-scratch+resident-fused+resident-fused","1+1+1+1+1",8,per-packet,interleaved-rows,0,0,5,30,0.794400,0.427315,0.427598,0.000283,0,0,0,0,0,7,natural,natural,"",0.742080,2340.192878,509.218081,2453870086.781582,fused,shoup,-1
m7_g2_p2-2-3-3-3-3-4_e10-10_b4_t1,"Tesla V100-SXM2-16GB",7.0,0,"v100-sm70","hierarchical-dataflow-wave-warp-radix4-resident-fused-m7-g2","experimental",0.000000,"warp-parallel subgraphs with dependency-wave readiness; logical subgraphs are lowered into resident physical execution groups",hierarchical-dataflow,0,named-barrier,0,0,0,2,0,0,0,hermes-xor,inplace,radix4,32,20,1048576,4,998244353,30,0,0,0,dataflow-radix4,"2+2+3+3+3+3+4",7,"10+10",2,1,"radix4+radix4+radix4+radix4+radix4+radix4+radix4","256+256+256+256+256+256+256","1+1+1+1+1+1+1","0+0+0+0+0+0+0","0+0+0+0+0+0+0","0+0+0+0+0+0+0","0+0+0+0+0+0+0","0+0+0+0+0+0+0","2+2+3+3+3+3+4","radix4+radix4","resident-fused+resident-fused+resident-fused+full-scratch+resident-fused+resident-fused","1+1+1+1+1+1",8,per-packet,interleaved-rows,0,0,5,30,2.807936,1.115785,1.116046,0.000261,0,0,0,0,0,7,natural,natural,"",2.617504,3584.921557,611.506314,3759062706.775589,fused,shoup,-1
m6_g2_p3-3-4-3-3-4_e10-10_b4_t1,"Tesla V100-SXM2-16GB",7.0,0,"v100-sm70","hierarchical-dataflow-wave-warp-radix4-resident-fused-m6-g2","experimental",0.000000,"warp-parallel subgraphs with dependency-wave readiness; logical subgraphs are lowered into resident physical execution groups",hierarchical-dataflow,0,named-barrier,0,0,0,2,0,0,0,hermes-xor,inplace,radix4,32,20,1048576,4,998244353,30,0,0,0,dataflow-radix4,"3+3+4+3+3+4",6,"10+10",2,1,"radix4+radix4+radix4+radix4+radix4+radix4","256+256+256+256+256+256","1+1+1+1+1+1","0+0+0+0+0+0","0+0+0+0+0+0","0+0+0+0+0+0","0+0+0+0+0+0","0+0+0+0+0+0","3+3+4+3+3+4","radix4+radix4","resident-fused+resident-fused+full-scratch+resident-fused+resident-fused","1+1+1+1+1",8,per-packet,interleaved-rows,0,0,5,30,2.809472,1.110494,1.110735,0.000241,0,0,0,0,0,7,natural,natural,"",2.621408,3602.000881,611.492329,3776971675.462976,fused,shoup,-1
m5_g2_p3-3-4-5-5_e10-10_b4_t1,"Tesla V100-SXM2-16GB",7.0,0,"v100-sm70","hierarchical-dataflow-wave-warp-radix4-resident-fused-m5-g2","experimental",0.000000,"warp-parallel subgraphs with dependency-wave readiness; logical subgraphs are lowered into resident physical execution groups",hierarchical-dataflow,0,named-barrier,0,0,0,2,0,0,0,hermes-xor,inplace,radix4,32,20,1048576,4,998244353,30,0,0,0,dataflow-radix4,"3+3+4+5+5",5,"10+10",2,1,"radix4+radix4+radix4+radix4+radix4","256+256+256+256+256","1+1+1+1+1","0+0+0+0+0","0+0+0+0+0","0+0+0+0+0","0+0+0+0+0","0+0+0+0+0","3+3+4+5+5","radix4+radix4","resident-fused+resident-fused+full-scratch+resident-fused","1+1+1+1",8,per-packet,interleaved-rows,0,0,5,30,2.811104,1.112849,1.113089,0.000240,0,0,0,0,0,7,natural,natural,"",2.616768,3594.378043,611.553380,3768978550.431729,fused,shoup,-1
m4_g2_p5-5-5-5_e10-10_b4_t1,"Tesla V100-SXM2-16GB",7.0,0,"v100-sm70","hierarchical-dataflow-wave-warp-radix4-resident-fused-m4-g2","experimental",0.000000,"warp-parallel subgraphs with dependency-wave readiness; logical subgraphs are lowered into resident physical execution groups",hierarchical-dataflow,0,named-barrier,0,0,0,2,0,0,0,hermes-xor,inplace,radix4,32,20,1048576,4,998244353,30,0,0,0,dataflow-radix4,"5+5+5+5",4,"10+10",2,1,"radix4+radix4+radix4+radix4","256+256+256+256","1+1+1+1","0+0+0+0","0+0+0+0","0+0+0+0","0+0+0+0","0+0+0+0","5+5+5+5","radix4+radix4","resident-fused+full-scratch+resident-fused","1+1+1",8,per-packet,interleaved-rows,0,0,5,30,2.813184,1.119573,1.119802,0.000228,0,0,0,0,0,7,natural,natural,"",2.612960,3572.789566,611.086564,3746341391.846512,fused,shoup,-1
m3_g2_p5-5-10_e10-10_b4_t1,"Tesla V100-SXM2-16GB",7.0,0,"v100-sm70","hierarchical-dataflow-wave-warp-radix4-resident-fused-m3-g2","experimental",0.000000,"warp-parallel subgraphs with dependency-wave readiness; logical subgraphs are lowered into resident physical execution groups",hierarchical-dataflow,0,named-barrier,0,0,0,2,0,0,0,hermes-xor,inplace,radix4,32,20,1048576,4,998244353,30,0,0,0,dataflow-radix4,"5+5+10",3,"10+10",2,1,"radix4+radix4+radix4","256+256+256","1+1+1","0+0+0","0+0+0","0+0+0","0+0+0","0+0+0","5+5+10","radix4+radix4","resident-fused+full-scratch","1+1",8,per-packet,interleaved-rows,0,0,5,30,2.816512,1.103804,1.104080,0.000276,0,0,0,0,0,7,natural,natural,"",2.629536,3623.832575,610.700843,3799863866.524929,fused,shoup,-1
m2_g2_p10-10_e10-10_b4_t1,"Tesla V100-SXM2-16GB",7.0,0,"v100-sm70","hierarchical-dataflow-wave-warp-radix4","experimental",0.000000,"warp-parallel subgraphs with dependency-wave readiness",hierarchical-dataflow,0,named-barrier,0,0,0,2,0,0,0,hermes-xor,inplace,radix4,32,20,1048576,4,998244353,30,0,0,0,dataflow-radix4,"10+10",2,"10+10",2,1,"radix4+radix4","256+256","1+1","0+0","0+0","0+0","0+0","0+0","10+10","radix4+radix4","full-scratch","1",8,per-packet,interleaved-rows,0,0,5,30,2.809408,1.116672,1.116913,0.000241,0,0,0,0,0,7,natural,natural,"",2.616480,3582.072319,611.381468,3756075063.575467,fused,shoup,-1
m8_g2_p2-2-3-3-2-2-3-3_e10-10_b4_t1,"Tesla V100-SXM2-16GB",7.0,0,"v100-sm70","hierarchical-dataflow-wave-warp-radix4-resident-fused-m8-g2","experimental",0.000000,"warp-parallel subgraphs with dependency-wave readiness; logical subgraphs are lowered into resident physical execution groups",hierarchical-dataflow,0,named-barrier,0,0,0,2,0,0,0,hermes-xor,inplace,radix4,32,20,1048576,4,998244353,30,0,0,0,dataflow-radix4,"2+2+3+3+2+2+3+3",8,"10+10",2,1,"radix4+radix4+radix4+radix4+radix4+radix4+radix4+radix4","256+256+256+256+256+256+256+256","1+1+1+1+1+1+1+1","0+0+0+0+0+0+0+0","0+0+0+0+0+0+0+0","0+0+0+0+0+0+0+0","0+0+0+0+0+0+0+0","0+0+0+0+0+0+0+0","2+2+3+3+2+2+3+3","radix4+radix4","resident-fused+resident-fused+resident-fused+full-scratch+resident-fused+resident-fused+resident-fused","1+1+1+1+1+1+1",8,per-packet,interleaved-rows,0,0,5,30,2.812128,1.112644,1.112917,0.000273,0,0,0,0,0,7,natural,natural,"",2.618656,3595.039265,611.300348,3769671892.748912,fused,shoup,-1
m6_g2_p3-3-4-3-3-4_e10-10_b4_t2,"Tesla V100-SXM2-16GB",7.0,0,"v100-sm70","hierarchical-dataflow-wave-warp-radix4-resident-fused-m6-g2","experimental",0.000000,"warp-parallel subgraphs with dependency-wave readiness; logical subgraphs are lowered into resident physical execution groups",hierarchical-dataflow,0,named-barrier,0,0,0,2,0,0,0,hermes-xor,inplace,radix4,32,20,1048576,4,998244353,30,0,0,0,dataflow-radix4,"3+3+4+3+3+4",6,"10+10",2,1,"radix4+radix4+radix4+radix4+radix4+radix4","256+256+256+256+256+256","1+1+1+1+1+1","0+0+0+0+0+0","0+0+0+0+0+0","0+0+0+0+0+0","0+0+0+0+0+0","0+0+0+0+0+0","3+3+4+3+3+4","radix4+radix4","resident-fused+resident-fused+full-scratch+resident-fused+resident-fused","1+1+1+1+1",8,per-packet,interleaved-rows,0,0,5,30,2.814816,1.103497,1.103760,0.000264,0,0,0,0,0,7,natural,natural,"",2.626848,3624.841414,611.138563,3800921710.400138,fused,shoup,-1
m5_g2_p3-3-4-5-5_e10-10_b4_t2,"Tesla V100-SXM2-16GB",7.0,0,"v100-sm70","hierarchical-dataflow-wave-warp-radix4-resident-fused-m5-g2","experimental",0.000000,"warp-parallel subgraphs with dependency-wave readiness; logical subgraphs are lowered into resident physical execution groups",hierarchical-dataflow,0,named-barrier,0,0,0,2,0,0,0,hermes-xor,inplace,radix4,32,20,1048576,4,998244353,30,0,0,0,dataflow-radix4,"3+3+4+5+5",5,"10+10",2,1,"radix4+radix4+radix4+radix4+radix4","256+256+256+256+256","1+1+1+1+1","0+0+0+0+0","0+0+0+0+0","0+0+0+0+0","0+0+0+0+0","0+0+0+0+0","3+3+4+5+5","radix4+radix4","resident-fused+resident-fused+full-scratch+resident-fused","1+1+1+1",8,per-packet,interleaved-rows,0,0,5,30,2.816224,1.109231,1.109485,0.000255,0,0,0,0,0,7,natural,natural,"",2.619616,3606.102288,611.146922,3781272312.976503,fused,shoup,-1
m4_g2_p5-5-5-5_e10-10_b4_t2,"Tesla V100-SXM2-16GB",7.0,0,"v100-sm70","hierarchical-dataflow-wave-warp-radix4-resident-fused-m4-g2","experimental",0.000000,"warp-parallel subgraphs with dependency-wave readiness; logical subgraphs are lowered into resident physical execution groups",hierarchical-dataflow,0,named-barrier,0,0,0,2,0,0,0,hermes-xor,inplace,radix4,32,20,1048576,4,998244353,30,0,0,0,dataflow-radix4,"5+5+5+5",4,"10+10",2,1,"radix4+radix4+radix4+radix4","256+256+256+256","1+1+1+1","0+0+0+0","0+0+0+0","0+0+0+0","0+0+0+0","0+0+0+0","5+5+5+5","radix4+radix4","resident-fused+full-scratch+resident-fused","1+1+1",8,per-packet,interleaved-rows,0,0,5,30,2.810784,1.124659,1.124894,0.000235,0,0,0,0,0,7,natural,natural,"",2.616640,3556.633039,610.492842,3729400045.984424,fused,shoup,-1
m3_g2_p5-5-10_e10-10_b4_t2,"Tesla V100-SXM2-16GB",7.0,0,"v100-sm70","hierarchical-dataflow-wave-warp-radix4-resident-fused-m3-g2","experimental",0.000000,"warp-parallel subgraphs with dependency-wave readiness; logical subgraphs are lowered into resident physical execution groups",hierarchical-dataflow,0,named-barrier,0,0,0,2,0,0,0,hermes-xor,inplace,radix4,32,20,1048576,4,998244353,30,0,0,0,dataflow-radix4,"5+5+10",3,"10+10",2,1,"radix4+radix4+radix4","256+256+256","1+1+1","0+0+0","0+0+0","0+0+0","0+0+0","0+0+0","5+5+10","radix4+radix4","resident-fused+full-scratch","1+1",8,per-packet,interleaved-rows,0,0,5,30,2.809664,1.111586,1.111844,0.000258,0,0,0,0,0,7,natural,natural,"",2.628608,3598.461713,610.700254,3773260589.536991,fused,shoup,-1
m2_g2_p10-10_e10-10_b4_t2,"Tesla V100-SXM2-16GB",7.0,0,"v100-sm70","hierarchical-dataflow-wave-warp-radix4","experimental",0.000000,"warp-parallel subgraphs with dependency-wave readiness",hierarchical-dataflow,0,named-barrier,0,0,0,2,0,0,0,hermes-xor,inplace,radix4,32,20,1048576,4,998244353,30,0,0,0,dataflow-radix4,"10+10",2,"10+10",2,1,"radix4+radix4","256+256","1+1","0+0","0+0","0+0","0+0","0+0","10+10","radix4+radix4","full-scratch","1",8,per-packet,interleaved-rows,0,0,5,30,2.816032,1.093803,1.094055,0.000252,0,0,0,0,0,7,natural,natural,"",2.615328,3656.966686,613.011535,3834607499.511415,fused,shoup,-1
m8_g2_p2-2-3-3-2-2-3-3_e10-10_b4_t2,"Tesla V100-SXM2-16GB",7.0,0,"v100-sm70","hierarchical-dataflow-wave-warp-radix4-resident-fused-m8-g2","experimental",0.000000,"warp-parallel subgraphs with dependency-wave readiness; logical subgraphs are lowered into resident physical execution groups",hierarchical-dataflow,0,named-barrier,0,0,0,2,0,0,0,hermes-xor,inplace,radix4,32,20,1048576,4,998244353,30,0,0,0,dataflow-radix4,"2+2+3+3+2+2+3+3",8,"10+10",2,1,"radix4+radix4+radix4+radix4+radix4+radix4+radix4+radix4","256+256+256+256+256+256+256+256","1+1+1+1+1+1+1+1","0+0+0+0+0+0+0+0","0+0+0+0+0+0+0+0","0+0+0+0+0+0+0+0","0+0+0+0+0+0+0+0","0+0+0+0+0+0+0+0","2+2+3+3+2+2+3+3","radix4+radix4","resident-fused+resident-fused+resident-fused+full-scratch+resident-fused+resident-fused+resident-fused","1+1+1+1+1+1+1",8,per-packet,interleaved-rows,0,0,5,30,2.810592,1.115887,1.116148,0.000261,0,0,0,0,0,7,natural,natural,"",2.623264,3584.592582,610.710991,3758717751.616593,fused,shoup,-1
m7_g2_p2-2-3-3-3-3-4_e10-10_b4_t2,"Tesla V100-SXM2-16GB",7.0,0,"v100-sm70","hierarchical-dataflow-wave-warp-radix4-resident-fused-m7-g2","experimental",0.000000,"warp-parallel subgraphs with dependency-wave readiness; logical subgraphs are lowered into resident physical execution groups",hierarchical-dataflow,0,named-barrier,0,0,0,2,0,0,0,hermes-xor,inplace,radix4,32,20,1048576,4,998244353,30,0,0,0,dataflow-radix4,"2+2+3+3+3+3+4",7,"10+10",2,1,"radix4+radix4+radix4+radix4+radix4+radix4+radix4","256+256+256+256+256+256+256","1+1+1+1+1+1+1","0+0+0+0+0+0+0","0+0+0+0+0+0+0","0+0+0+0+0+0+0","0+0+0+0+0+0+0","0+0+0+0+0+0+0","2+2+3+3+3+3+4","radix4+radix4","resident-fused+resident-fused+resident-fused+full-scratch+resident-fused+resident-fused","1+1+1+1+1+1",8,per-packet,interleaved-rows,0,0,5,30,2.807648,1.111620,1.111860,0.000240,0,0,0,0,0,7,natural,natural,"",2.615680,3598.351347,612.093613,3773144862.054107,fused,shoup,-1
m5_g2_p3-3-4-5-5_e10-10_b4_t3,"Tesla V100-SXM2-16GB",7.0,0,"v100-sm70","hierarchical-dataflow-wave-warp-radix4-resident-fused-m5-g2","experimental",0.000000,"warp-parallel subgraphs with dependency-wave readiness; logical subgraphs are lowered into resident physical execution groups",hierarchical-dataflow,0,named-barrier,0,0,0,2,0,0,0,hermes-xor,inplace,radix4,32,20,1048576,4,998244353,30,0,0,0,dataflow-radix4,"3+3+4+5+5",5,"10+10",2,1,"radix4+radix4+radix4+radix4+radix4","256+256+256+256+256","1+1+1+1+1","0+0+0+0+0","0+0+0+0+0","0+0+0+0+0","0+0+0+0+0","0+0+0+0+0","3+3+4+5+5","radix4+radix4","resident-fused+resident-fused+full-scratch+resident-fused","1+1+1+1",8,per-packet,interleaved-rows,0,0,5,30,2.815968,1.107456,1.107726,0.000270,0,0,0,0,0,7,natural,natural,"",2.625088,3611.881747,610.825789,3787332515.196640,fused,shoup,-1
m4_g2_p5-5-5-5_e10-10_b4_t3,"Tesla V100-SXM2-16GB",7.0,0,"v100-sm70","hierarchical-dataflow-wave-warp-radix4-resident-fused-m4-g2","experimental",0.000000,"warp-parallel subgraphs with dependency-wave readiness; logical subgraphs are lowered into resident physical execution groups",hierarchical-dataflow,0,named-barrier,0,0,0,2,0,0,0,hermes-xor,inplace,radix4,32,20,1048576,4,998244353,30,0,0,0,dataflow-radix4,"5+5+5+5",4,"10+10",2,1,"radix4+radix4+radix4+radix4","256+256+256+256","1+1+1+1","0+0+0+0","0+0+0+0","0+0+0+0","0+0+0+0","0+0+0+0","5+5+5+5","radix4+radix4","resident-fused+full-scratch+resident-fused","1+1+1",8,per-packet,interleaved-rows,0,0,5,30,2.805472,1.125410,1.125676,0.000266,0,0,0,0,0,7,natural,natural,"",2.620096,3554.259973,610.595858,3726911705.077122,fused,shoup,-1
m3_g2_p5-5-10_e10-10_b4_t3,"Tesla V100-SXM2-16GB",7.0,0,"v100-sm70","hierarchical-dataflow-wave-warp-radix4-resident-fused-m3-g2","experimental",0.000000,"warp-parallel subgraphs with dependency-wave readiness; logical subgraphs are lowered into resident physical execution groups",hierarchical-dataflow,0,named-barrier,0,0,0,2,0,0,0,hermes-xor,inplace,radix4,32,20,1048576,4,998244353,30,0,0,0,dataflow-radix4,"5+5+10",3,"10+10",2,1,"radix4+radix4+radix4","256+256+256","1+1+1","0+0+0","0+0+0","0+0+0","0+0+0","0+0+0","5+5+10","radix4+radix4","resident-fused+full-scratch","1+1",8,per-packet,interleaved-rows,0,0,5,30,2.809120,1.128926,1.129139,0.000213,0,0,0,0,0,7,natural,natural,"",2.621952,3543.191234,609.756302,3715305291.807619,fused,shoup,-1
m2_g2_p10-10_e10-10_b4_t3,"Tesla V100-SXM2-16GB",7.0,0,"v100-sm70","hierarchical-dataflow-wave-warp-radix4","experimental",0.000000,"warp-parallel subgraphs with dependency-wave readiness",hierarchical-dataflow,0,named-barrier,0,0,0,2,0,0,0,hermes-xor,inplace,radix4,32,20,1048576,4,998244353,30,0,0,0,dataflow-radix4,"10+10",2,"10+10",2,1,"radix4+radix4","256+256","1+1","0+0","0+0","0+0","0+0","0+0","10+10","radix4+radix4","full-scratch","1",8,per-packet,interleaved-rows,0,0,5,30,2.810080,1.112508,1.112760,0.000252,0,0,0,0,0,7,natural,natural,"",2.616704,3595.480729,611.687039,3770134801.342122,fused,shoup,-1
m8_g2_p2-2-3-3-2-2-3-3_e10-10_b4_t3,"Tesla V100-SXM2-16GB",7.0,0,"v100-sm70","hierarchical-dataflow-wave-warp-radix4-resident-fused-m8-g2","experimental",0.000000,"warp-parallel subgraphs with dependency-wave readiness; logical subgraphs are lowered into resident physical execution groups",hierarchical-dataflow,0,named-barrier,0,0,0,2,0,0,0,hermes-xor,inplace,radix4,32,20,1048576,4,998244353,30,0,0,0,dataflow-radix4,"2+2+3+3+2+2+3+3",8,"10+10",2,1,"radix4+radix4+radix4+radix4+radix4+radix4+radix4+radix4","256+256+256+256+256+256+256+256","1+1+1+1+1+1+1+1","0+0+0+0+0+0+0+0","0+0+0+0+0+0+0+0","0+0+0+0+0+0+0+0","0+0+0+0+0+0+0+0","0+0+0+0+0+0+0+0","2+2+3+3+2+2+3+3","radix4+radix4","resident-fused+resident-fused+resident-fused+full-scratch+resident-fused+resident-fused+resident-fused","1+1+1+1+1+1+1",8,per-packet,interleaved-rows,0,0,5,30,2.810688,1.108105,1.108332,0.000228,0,0,0,0,0,7,natural,natural,"",2.620480,3609.767569,611.688823,3785115638.646199,fused,shoup,-1
m7_g2_p2-2-3-3-3-3-4_e10-10_b4_t3,"Tesla V100-SXM2-16GB",7.0,0,"v100-sm70","hierarchical-dataflow-wave-warp-radix4-resident-fused-m7-g2","experimental",0.000000,"warp-parallel subgraphs with dependency-wave readiness; logical subgraphs are lowered into resident physical execution groups",hierarchical-dataflow,0,named-barrier,0,0,0,2,0,0,0,hermes-xor,inplace,radix4,32,20,1048576,4,998244353,30,0,0,0,dataflow-radix4,"2+2+3+3+3+3+4",7,"10+10",2,1,"radix4+radix4+radix4+radix4+radix4+radix4+radix4","256+256+256+256+256+256+256","1+1+1+1+1+1+1","0+0+0+0+0+0+0","0+0+0+0+0+0+0","0+0+0+0+0+0+0","0+0+0+0+0+0+0","0+0+0+0+0+0+0","2+2+3+3+3+3+4","radix4+radix4","resident-fused+resident-fused+resident-fused+full-scratch+resident-fused+resident-fused","1+1+1+1+1+1",8,per-packet,interleaved-rows,0,0,5,30,2.812928,1.114692,1.114930,0.000238,0,0,0,0,0,7,natural,natural,"",2.620032,3588.434128,610.905982,3762745903.745349,fused,shoup,-1
m6_g2_p3-3-4-3-3-4_e10-10_b4_t3,"Tesla V100-SXM2-16GB",7.0,0,"v100-sm70","hierarchical-dataflow-wave-warp-radix4-resident-fused-m6-g2","experimental",0.000000,"warp-parallel subgraphs with dependency-wave readiness; logical subgraphs are lowered into resident physical execution groups",hierarchical-dataflow,0,named-barrier,0,0,0,2,0,0,0,hermes-xor,inplace,radix4,32,20,1048576,4,998244353,30,0,0,0,dataflow-radix4,"3+3+4+3+3+4",6,"10+10",2,1,"radix4+radix4+radix4+radix4+radix4+radix4","256+256+256+256+256+256","1+1+1+1+1+1","0+0+0+0+0+0","0+0+0+0+0+0","0+0+0+0+0+0","0+0+0+0+0+0","0+0+0+0+0+0","3+3+4+3+3+4","radix4+radix4","resident-fused+resident-fused+full-scratch+resident-fused+resident-fused","1+1+1+1+1",8,per-packet,interleaved-rows,0,0,5,30,2.810784,1.117252,1.117510,0.000258,0,0,0,0,0,7,natural,natural,"",2.626720,3580.212140,610.243894,3754124525.293178,fused,shoup,-1
m7_g2_p2-2-3-3-3-3-4_e10-10_b16_t1,"Tesla V100-SXM2-16GB",7.0,0,"v100-sm70","hierarchical-dataflow-wave-warp-radix4-resident-fused-m7-g2","experimental",0.000000,"warp-parallel subgraphs with dependency-wave readiness; logical subgraphs are lowered into resident physical execution groups",hierarchical-dataflow,0,named-barrier,0,0,0,2,0,0,0,hermes-xor,inplace,radix4,32,20,1048576,16,998244353,30,0,0,0,dataflow-radix4,"2+2+3+3+3+3+4",7,"10+10",2,1,"radix4+radix4+radix4+radix4+radix4+radix4+radix4","256+256+256+256+256+256+256","1+1+1+1+1+1+1","0+0+0+0+0+0+0","0+0+0+0+0+0+0","0+0+0+0+0+0+0","0+0+0+0+0+0+0","0+0+0+0+0+0+0","2+2+3+3+3+3+4","radix4+radix4","resident-fused+resident-fused+resident-fused+full-scratch+resident-fused+resident-fused","1+1+1+1+1+1",8,per-packet,interleaved-rows,0,0,5,30,10.896064,3.937451,3.937657,0.000207,0,0,0,0,0,7,natural,natural,"",10.120928,4063.542996,641.168407,4260933660.533343,fused,shoup,-1
m6_g2_p3-3-4-3-3-4_e10-10_b16_t1,"Tesla V100-SXM2-16GB",7.0,0,"v100-sm70","hierarchical-dataflow-wave-warp-radix4-resident-fused-m6-g2","experimental",0.000000,"warp-parallel subgraphs with dependency-wave readiness; logical subgraphs are lowered into resident physical execution groups",hierarchical-dataflow,0,named-barrier,0,0,0,2,0,0,0,hermes-xor,inplace,radix4,32,20,1048576,16,998244353,30,0,0,0,dataflow-radix4,"3+3+4+3+3+4",6,"10+10",2,1,"radix4+radix4+radix4+radix4+radix4+radix4","256+256+256+256+256+256","1+1+1+1+1+1","0+0+0+0+0+0","0+0+0+0+0+0","0+0+0+0+0+0","0+0+0+0+0+0","0+0+0+0+0+0","3+3+4+3+3+4","radix4+radix4","resident-fused+resident-fused+full-scratch+resident-fused+resident-fused","1+1+1+1+1",8,per-packet,interleaved-rows,0,0,5,30,10.868608,3.741798,3.741977,0.000178,0,0,0,0,0,7,natural,natural,"",10.117824,4276.018718,647.033762,4483730602.925914,fused,shoup,-1
m5_g2_p3-3-4-5-5_e10-10_b16_t1,"Tesla V100-SXM2-16GB",7.0,0,"v100-sm70","hierarchical-dataflow-wave-warp-radix4-resident-fused-m5-g2","experimental",0.000000,"warp-parallel subgraphs with dependency-wave readiness; logical subgraphs are lowered into resident physical execution groups",hierarchical-dataflow,0,named-barrier,0,0,0,2,0,0,0,hermes-xor,inplace,radix4,32,20,1048576,16,998244353,30,0,0,0,dataflow-radix4,"3+3+4+5+5",5,"10+10",2,1,"radix4+radix4+radix4+radix4+radix4","256+256+256+256+256","1+1+1+1+1","0+0+0+0+0","0+0+0+0+0","0+0+0+0+0","0+0+0+0+0","0+0+0+0+0","3+3+4+5+5","radix4+radix4","resident-fused+resident-fused+full-scratch+resident-fused","1+1+1+1",8,per-packet,interleaved-rows,0,0,5,30,10.869088,3.761732,3.761925,0.000192,0,0,0,0,0,7,natural,natural,"",10.120416,4253.359504,646.432359,4459970695.477184,fused,shoup,-1
m4_g2_p5-5-5-5_e10-10_b16_t1,"Tesla V100-SXM2-16GB",7.0,0,"v100-sm70","hierarchical-dataflow-wave-warp-radix4-resident-fused-m4-g2","experimental",0.000000,"warp-parallel subgraphs with dependency-wave readiness; logical subgraphs are lowered into resident physical execution groups",hierarchical-dataflow,0,named-barrier,0,0,0,2,0,0,0,hermes-xor,inplace,radix4,32,20,1048576,16,998244353,30,0,0,0,dataflow-radix4,"5+5+5+5",4,"10+10",2,1,"radix4+radix4+radix4+radix4","256+256+256+256","1+1+1+1","0+0+0+0","0+0+0+0","0+0+0+0","0+0+0+0","0+0+0+0","5+5+5+5","radix4+radix4","resident-fused+full-scratch+resident-fused","1+1+1",8,per-packet,interleaved-rows,0,0,5,30,10.872160,3.780813,3.780999,0.000186,0,0,0,0,0,7,natural,natural,"",10.117376,4231.894330,645.933571,4437462829.368721,fused,shoup,-1
m3_g2_p5-5-10_e10-10_b16_t1,"Tesla V100-SXM2-16GB",7.0,0,"v100-sm70","hierarchical-dataflow-wave-warp-radix4-resident-fused-m3-g2","experimental",0.000000,"warp-parallel subgraphs with dependency-wave readiness; logical subgraphs are lowered into resident physical execution groups",hierarchical-dataflow,0,named-barrier,0,0,0,2,0,0,0,hermes-xor,inplace,radix4,32,20,1048576,16,998244353,30,0,0,0,dataflow-radix4,"5+5+10",3,"10+10",2,1,"radix4+radix4+radix4","256+256+256","1+1+1","0+0+0","0+0+0","0+0+0","0+0+0","0+0+0","5+5+10","radix4+radix4","resident-fused+full-scratch","1+1",8,per-packet,interleaved-rows,0,0,5,30,10.868320,3.795934,3.796130,0.000197,0,0,0,0,0,7,natural,natural,"",10.126368,4215.036712,645.405354,4419786335.139970,fused,shoup,-1
m2_g2_p10-10_e10-10_b16_t1,"Tesla V100-SXM2-16GB",7.0,0,"v100-sm70","hierarchical-dataflow-wave-warp-radix4","experimental",0.000000,"warp-parallel subgraphs with dependency-wave readiness",hierarchical-dataflow,0,named-barrier,0,0,0,2,0,0,0,hermes-xor,inplace,radix4,32,20,1048576,16,998244353,30,0,0,0,dataflow-radix4,"10+10",2,"10+10",2,1,"radix4+radix4","256+256","1+1","0+0","0+0","0+0","0+0","0+0","10+10","radix4+radix4","full-scratch","1",8,per-packet,interleaved-rows,0,0,5,30,10.880448,3.731593,3.731802,0.000209,0,0,0,0,0,7,natural,natural,"",10.125600,4287.713445,646.787626,4495993413.617181,fused,shoup,-1
m8_g2_p2-2-3-3-2-2-3-3_e10-10_b16_t1,"Tesla V100-SXM2-16GB",7.0,0,"v100-sm70","hierarchical-dataflow-wave-warp-radix4-resident-fused-m8-g2","experimental",0.000000,"warp-parallel subgraphs with dependency-wave readiness; logical subgraphs are lowered into resident physical execution groups",hierarchical-dataflow,0,named-barrier,0,0,0,2,0,0,0,hermes-xor,inplace,radix4,32,20,1048576,16,998244353,30,0,0,0,dataflow-radix4,"2+2+3+3+2+2+3+3",8,"10+10",2,1,"radix4+radix4+radix4+radix4+radix4+radix4+radix4+radix4","256+256+256+256+256+256+256+256","1+1+1+1+1+1+1+1","0+0+0+0+0+0+0+0","0+0+0+0+0+0+0+0","0+0+0+0+0+0+0+0","0+0+0+0+0+0+0+0","0+0+0+0+0+0+0+0","2+2+3+3+2+2+3+3","radix4+radix4","resident-fused+resident-fused+resident-fused+full-scratch+resident-fused+resident-fused+resident-fused","1+1+1+1+1+1+1",8,per-packet,interleaved-rows,0,0,5,30,10.864896,3.756715,3.756895,0.000181,0,0,0,0,0,7,natural,natural,"",10.112512,4259.040619,646.879642,4465927775.936781,fused,shoup,-1
m6_g2_p3-3-4-3-3-4_e10-10_b16_t2,"Tesla V100-SXM2-16GB",7.0,0,"v100-sm70","hierarchical-dataflow-wave-warp-radix4-resident-fused-m6-g2","experimental",0.000000,"warp-parallel subgraphs with dependency-wave readiness; logical subgraphs are lowered into resident physical execution groups",hierarchical-dataflow,0,named-barrier,0,0,0,2,0,0,0,hermes-xor,inplace,radix4,32,20,1048576,16,998244353,30,0,0,0,dataflow-radix4,"3+3+4+3+3+4",6,"10+10",2,1,"radix4+radix4+radix4+radix4+radix4+radix4","256+256+256+256+256+256","1+1+1+1+1+1","0+0+0+0+0+0","0+0+0+0+0+0","0+0+0+0+0+0","0+0+0+0+0+0","0+0+0+0+0+0","3+3+4+3+3+4","radix4+radix4","resident-fused+resident-fused+full-scratch+resident-fused+resident-fused","1+1+1+1+1",8,per-packet,interleaved-rows,0,0,5,30,10.869760,3.722001,3.722174,0.000172,0,0,0,0,0,7,natural,natural,"",10.115808,4298.762863,647.574860,4507579567.704323,fused,shoup,-1
m5_g2_p3-3-4-5-5_e10-10_b16_t2,"Tesla V100-SXM2-16GB",7.0,0,"v100-sm70","hierarchical-dataflow-wave-warp-radix4-resident-fused-m5-g2","experimental",0.000000,"warp-parallel subgraphs with dependency-wave readiness; logical subgraphs are lowered into resident physical execution groups",hierarchical-dataflow,0,named-barrier,0,0,0,2,0,0,0,hermes-xor,inplace,radix4,32,20,1048576,16,998244353,30,0,0,0,dataflow-radix4,"3+3+4+5+5",5,"10+10",2,1,"radix4+radix4+radix4+radix4+radix4","256+256+256+256+256","1+1+1+1+1","0+0+0+0+0","0+0+0+0+0","0+0+0+0+0","0+0+0+0+0","0+0+0+0+0","3+3+4+5+5","radix4+radix4","resident-fused+resident-fused+full-scratch+resident-fused","1+1+1+1",8,per-packet,interleaved-rows,0,0,5,30,10.873408,3.740979,3.741157,0.000178,0,0,0,0,0,7,natural,natural,"",10.121344,4276.955088,646.837561,4484712458.180218,fused,shoup,-1
m4_g2_p5-5-5-5_e10-10_b16_t2,"Tesla V100-SXM2-16GB",7.0,0,"v100-sm70","hierarchical-dataflow-wave-warp-radix4-resident-fused-m4-g2","experimental",0.000000,"warp-parallel subgraphs with dependency-wave readiness; logical subgraphs are lowered into resident physical execution groups",hierarchical-dataflow,0,named-barrier,0,0,0,2,0,0,0,hermes-xor,inplace,radix4,32,20,1048576,16,998244353,30,0,0,0,dataflow-radix4,"5+5+5+5",4,"10+10",2,1,"radix4+radix4+radix4+radix4","256+256+256+256","1+1+1+1","0+0+0+0","0+0+0+0","0+0+0+0","0+0+0+0","0+0+0+0","5+5+5+5","radix4+radix4","resident-fused+full-scratch+resident-fused","1+1+1",8,per-packet,interleaved-rows,0,0,5,30,10.865632,3.759104,3.759306,0.000202,0,0,0,0,0,7,natural,natural,"",10.112928,4256.333409,646.787009,4463089060.585375,fused,shoup,-1
m3_g2_p5-5-10_e10-10_b16_t2,"Tesla V100-SXM2-16GB",7.0,0,"v100-sm70","hierarchical-dataflow-wave-warp-radix4-resident-fused-m3-g2","experimental",0.000000,"warp-parallel subgraphs with dependency-wave readiness; logical subgraphs are lowered into resident physical execution groups",hierarchical-dataflow,0,named-barrier,0,0,0,2,0,0,0,hermes-xor,inplace,radix4,32,20,1048576,16,998244353,30,0,0,0,dataflow-radix4,"5+5+10",3,"10+10",2,1,"radix4+radix4+radix4","256+256+256","1+1+1","0+0+0","0+0+0","0+0+0","0+0+0","0+0+0","5+5+10","radix4+radix4","resident-fused+full-scratch","1+1",8,per-packet,interleaved-rows,0,0,5,30,10.867392,3.824128,3.824279,0.000151,0,0,0,0,0,7,natural,natural,"",10.120640,4183.960465,644.845126,4387200528.796716,fused,shoup,-1
m2_g2_p10-10_e10-10_b16_t2,"Tesla V100-SXM2-16GB",7.0,0,"v100-sm70","hierarchical-dataflow-wave-warp-radix4","experimental",0.000000,"warp-parallel subgraphs with dependency-wave readiness",hierarchical-dataflow,0,named-barrier,0,0,0,2,0,0,0,hermes-xor,inplace,radix4,32,20,1048576,16,998244353,30,0,0,0,dataflow-radix4,"10+10",2,"10+10",2,1,"radix4+radix4","256+256","1+1","0+0","0+0","0+0","0+0","0+0","10+10","radix4+radix4","full-scratch","1",8,per-packet,interleaved-rows,0,0,5,30,10.866880,3.791223,3.791416,0.000193,0,0,0,0,0,7,natural,natural,"",10.118848,4220.273718,645.761444,4425277734.221390,fused,shoup,-1
m8_g2_p2-2-3-3-2-2-3-3_e10-10_b16_t2,"Tesla V100-SXM2-16GB",7.0,0,"v100-sm70","hierarchical-dataflow-wave-warp-radix4-resident-fused-m8-g2","experimental",0.000000,"warp-parallel subgraphs with dependency-wave readiness; logical subgraphs are lowered into resident physical execution groups",hierarchical-dataflow,0,named-barrier,0,0,0,2,0,0,0,hermes-xor,inplace,radix4,32,20,1048576,16,998244353,30,0,0,0,dataflow-radix4,"2+2+3+3+2+2+3+3",8,"10+10",2,1,"radix4+radix4+radix4+radix4+radix4+radix4+radix4+radix4","256+256+256+256+256+256+256+256","1+1+1+1+1+1+1+1","0+0+0+0+0+0+0+0","0+0+0+0+0+0+0+0","0+0+0+0+0+0+0+0","0+0+0+0+0+0+0+0","0+0+0+0+0+0+0+0","2+2+3+3+2+2+3+3","radix4+radix4","resident-fused+resident-fused+resident-fused+full-scratch+resident-fused+resident-fused+resident-fused","1+1+1+1+1+1+1",8,per-packet,interleaved-rows,0,0,5,30,10.869024,3.792008,3.792201,0.000192,0,0,0,0,0,7,natural,natural,"",10.113344,4219.399936,645.828554,4424361507.258799,fused,shoup,-1
m7_g2_p2-2-3-3-3-3-4_e10-10_b16_t2,"Tesla V100-SXM2-16GB",7.0,0,"v100-sm70","hierarchical-dataflow-wave-warp-radix4-resident-fused-m7-g2","experimental",0.000000,"warp-parallel subgraphs with dependency-wave readiness; logical subgraphs are lowered into resident physical execution groups",hierarchical-dataflow,0,named-barrier,0,0,0,2,0,0,0,hermes-xor,inplace,radix4,32,20,1048576,16,998244353,30,0,0,0,dataflow-radix4,"2+2+3+3+3+3+4",7,"10+10",2,1,"radix4+radix4+radix4+radix4+radix4+radix4+radix4","256+256+256+256+256+256+256","1+1+1+1+1+1+1","0+0+0+0+0+0+0","0+0+0+0+0+0+0","0+0+0+0+0+0+0","0+0+0+0+0+0+0","0+0+0+0+0+0+0","2+2+3+3+3+3+4","radix4+radix4","resident-fused+resident-fused+resident-fused+full-scratch+resident-fused+resident-fused","1+1+1+1+1+1",8,per-packet,interleaved-rows,0,0,5,30,10.869312,3.741867,3.742058,0.000192,0,0,0,0,0,7,natural,natural,"",10.120832,4275.940796,646.934849,4483648896.288043,fused,shoup,-1
m5_g2_p3-3-4-5-5_e10-10_b16_t3,"Tesla V100-SXM2-16GB",7.0,0,"v100-sm70","hierarchical-dataflow-wave-warp-radix4-resident-fused-m5-g2","experimental",0.000000,"warp-parallel subgraphs with dependency-wave readiness; logical subgraphs are lowered into resident physical execution groups",hierarchical-dataflow,0,named-barrier,0,0,0,2,0,0,0,hermes-xor,inplace,radix4,32,20,1048576,16,998244353,30,0,0,0,dataflow-radix4,"3+3+4+5+5",5,"10+10",2,1,"radix4+radix4+radix4+radix4+radix4","256+256+256+256+256","1+1+1+1+1","0+0+0+0+0","0+0+0+0+0","0+0+0+0+0","0+0+0+0+0","0+0+0+0+0","3+3+4+5+5","radix4+radix4","resident-fused+resident-fused+full-scratch+resident-fused","1+1+1+1",8,per-packet,interleaved-rows,0,0,5,30,10.868160,3.735245,3.735439,0.000195,0,0,0,0,0,7,natural,natural,"",10.117952,4283.521179,647.213653,4491597503.915553,fused,shoup,-1
m4_g2_p5-5-5-5_e10-10_b16_t3,"Tesla V100-SXM2-16GB",7.0,0,"v100-sm70","hierarchical-dataflow-wave-warp-radix4-resident-fused-m4-g2","experimental",0.000000,"warp-parallel subgraphs with dependency-wave readiness; logical subgraphs are lowered into resident physical execution groups",hierarchical-dataflow,0,named-barrier,0,0,0,2,0,0,0,hermes-xor,inplace,radix4,32,20,1048576,16,998244353,30,0,0,0,dataflow-radix4,"5+5+5+5",4,"10+10",2,1,"radix4+radix4+radix4+radix4","256+256+256+256","1+1+1+1","0+0+0+0","0+0+0+0","0+0+0+0","0+0+0+0","0+0+0+0","5+5+5+5","radix4+radix4","resident-fused+full-scratch+resident-fused","1+1+1",8,per-packet,interleaved-rows,0,0,5,30,10.868160,3.734733,3.734918,0.000186,0,0,0,0,0,7,natural,natural,"",10.114464,4284.108281,647.318403,4492213124.918503,fused,shoup,-1
m3_g2_p5-5-10_e10-10_b16_t3,"Tesla V100-SXM2-16GB",7.0,0,"v100-sm70","hierarchical-dataflow-wave-warp-radix4-resident-fused-m3-g2","experimental",0.000000,"warp-parallel subgraphs with dependency-wave readiness; logical subgraphs are lowered into resident physical execution groups",hierarchical-dataflow,0,named-barrier,0,0,0,2,0,0,0,hermes-xor,inplace,radix4,32,20,1048576,16,998244353,30,0,0,0,dataflow-radix4,"5+5+10",3,"10+10",2,1,"radix4+radix4+radix4","256+256+256","1+1+1","0+0+0","0+0+0","0+0+0","0+0+0","0+0+0","5+5+10","radix4+radix4","resident-fused+full-scratch","1+1",8,per-packet,interleaved-rows,0,0,5,30,10.879104,3.737259,3.737454,0.000195,0,0,0,0,0,7,natural,natural,"",10.127808,4281.212889,646.616962,4489177086.534212,fused,shoup,-1
m2_g2_p10-10_e10-10_b16_t3,"Tesla V100-SXM2-16GB",7.0,0,"v100-sm70","hierarchical-dataflow-wave-warp-radix4","experimental",0.000000,"warp-parallel subgraphs with dependency-wave readiness",hierarchical-dataflow,0,named-barrier,0,0,0,2,0,0,0,hermes-xor,inplace,radix4,32,20,1048576,16,998244353,30,0,0,0,dataflow-radix4,"10+10",2,"10+10",2,1,"radix4+radix4","256+256","1+1","0+0","0+0","0+0","0+0","0+0","10+10","radix4+radix4","full-scratch","1",8,per-packet,interleaved-rows,0,0,5,30,10.901472,3.759753,3.759952,0.000199,0,0,0,0,0,7,natural,natural,"",10.119680,4255.598988,645.658415,4462318964.519588,fused,shoup,-1
m8_g2_p2-2-3-3-2-2-3-3_e10-10_b16_t3,"Tesla V100-SXM2-16GB",7.0,0,"v100-sm70","hierarchical-dataflow-wave-warp-radix4-resident-fused-m8-g2","experimental",0.000000,"warp-parallel subgraphs with dependency-wave readiness; logical subgraphs are lowered into resident physical execution groups",hierarchical-dataflow,0,named-barrier,0,0,0,2,0,0,0,hermes-xor,inplace,radix4,32,20,1048576,16,998244353,30,0,0,0,dataflow-radix4,"2+2+3+3+2+2+3+3",8,"10+10",2,1,"radix4+radix4+radix4+radix4+radix4+radix4+radix4+radix4","256+256+256+256+256+256+256+256","1+1+1+1+1+1+1+1","0+0+0+0+0+0+0+0","0+0+0+0+0+0+0+0","0+0+0+0+0+0+0+0","0+0+0+0+0+0+0+0","0+0+0+0+0+0+0+0","2+2+3+3+2+2+3+3","radix4+radix4","resident-fused+resident-fused+resident-fused+full-scratch+resident-fused+resident-fused+resident-fused","1+1+1+1+1+1+1",8,per-packet,interleaved-rows,0,0,5,30,10.890816,3.720363,3.720541,0.000178,0,0,0,0,0,7,natural,natural,"",10.121792,4300.655997,646.909766,4509564663.047671,fused,shoup,-1
m7_g2_p2-2-3-3-3-3-4_e10-10_b16_t3,"Tesla V100-SXM2-16GB",7.0,0,"v100-sm70","hierarchical-dataflow-wave-warp-radix4-resident-fused-m7-g2","experimental",0.000000,"warp-parallel subgraphs with dependency-wave readiness; logical subgraphs are lowered into resident physical execution groups",hierarchical-dataflow,0,named-barrier,0,0,0,2,0,0,0,hermes-xor,inplace,radix4,32,20,1048576,16,998244353,30,0,0,0,dataflow-radix4,"2+2+3+3+3+3+4",7,"10+10",2,1,"radix4+radix4+radix4+radix4+radix4+radix4+radix4","256+256+256+256+256+256+256","1+1+1+1+1+1+1","0+0+0+0+0+0+0","0+0+0+0+0+0+0","0+0+0+0+0+0+0","0+0+0+0+0+0+0","0+0+0+0+0+0+0","2+2+3+3+3+3+4","radix4+radix4","resident-fused+resident-fused+resident-fused+full-scratch+resident-fused+resident-fused","1+1+1+1+1+1",8,per-packet,interleaved-rows,0,0,5,30,10.869184,3.728077,3.728273,0.000196,0,0,0,0,0,7,natural,natural,"",10.114720,4291.757199,647.459233,4500233596.647678,fused,shoup,-1
m6_g2_p3-3-4-3-3-4_e10-10_b16_t3,"Tesla V100-SXM2-16GB",7.0,0,"v100-sm70","hierarchical-dataflow-wave-warp-radix4-resident-fused-m6-g2","experimental",0.000000,"warp-parallel subgraphs with dependency-wave readiness; logical subgraphs are lowered into resident physical execution groups",hierarchical-dataflow,0,named-barrier,0,0,0,2,0,0,0,hermes-xor,inplace,radix4,32,20,1048576,16,998244353,30,0,0,0,dataflow-radix4,"3+3+4+3+3+4",6,"10+10",2,1,"radix4+radix4+radix4+radix4+radix4+radix4","256+256+256+256+256+256","1+1+1+1+1+1","0+0+0+0+0+0","0+0+0+0+0+0","0+0+0+0+0+0","0+0+0+0+0+0","0+0+0+0+0+0","3+3+4+3+3+4","radix4+radix4","resident-fused+resident-fused+full-scratch+resident-fused+resident-fused","1+1+1+1+1",8,per-packet,interleaved-rows,0,0,5,30,10.870336,3.677696,3.677901,0.000205,0,0,0,0,0,7,natural,natural,"",10.121728,4350.549922,648.567328,4561882234.802331,fused,shoup,-1
