trial,family,physical_core,weights,device,compute_capability,auto_select,selection_target,selected_implementation,selection_confidence,predicted_kernel_ms,selection_reason,backend,stage_space,stage_handoff,flow_tile_log,data_space,role_stages,target_ctas_per_sm,data_time,token_interleave,pipeline_buffers,dataflow_layout,dataflow_state,compute_unit,word_bits,logN,N,batch,modulus,modulus_bits,n1_log,rows_per_block,threads_per_block,hierarchical_core,stage_partition,segment_cores,segment_threads,segment_units,segment_data_space,segment_data_time,segment_role_stages,segment_token_interleave,segment_cta_weights,boundary_storage,boundary_buffers,ready_window,inverse,warmup,repeat,h2d_ms,kernel_ms,timed_region_wall_ms,host_timing_overhead_ms,d2h_ms,kernel_ntt_s,end_to_end_ntt_s,kernel_points_s,cross_twiddle,mod_multiply,output_order,correct
1,v06,dataflow-radix4,9-11,"Tesla V100-SXM2-16GB",7.0,0,"v100-sm70","hierarchical-dataflow-wave-10x10-resident-radix4","experimental",0.000000,"transform-wave readiness with the generated resident radix-4 core",hierarchical-dataflow,0,named-barrier,0,0,0,2,0,0,0,hermes-xor,inplace,radix4,64,20,1048576,1,576460756061519873,60,0,0,0,dataflow-radix4,"10+10","dataflow-radix4+dataflow-radix4","256+256","1+1","0+0","0+0","0+0","0+0","9+11","full-scratch","1",8,0,1,3,1.415872,0.230400,0.233018,0.002618,1.335232,4340.277572,335.401193,4551110894.944943,fused,shoup,natural,-1
1,appt,appt-online-radix4,3-7-10,"Tesla V100-SXM2-16GB",7.0,0,"v100-sm70","hierarchical-dataflow-appt-online","experimental",0.000000,"persistent CTA fold roles publish online-reordered packet groups without fold-wide barriers",hierarchical-dataflow,0,named-barrier,0,0,0,2,0,0,0,hermes-xor,inplace,radix4,64,20,1048576,1,576460756061519873,60,0,0,0,dataflow-radix4,"7+7+6","appt-online-radix4+appt-online-radix4+appt-online-radix4","256+256+256","8+8+8","16+16+16","4+4+4","2+2+2","1+1+1","3+7+10","ring+ring","2+2",8,0,1,3,1.416192,0.515072,0.517664,0.002592,1.344800,1941.476188,305.244338,2035785335.281458,fused,shoup,natural,-1
1,appt,appt-online-radix4,3-8-9,"Tesla V100-SXM2-16GB",7.0,0,"v100-sm70","hierarchical-dataflow-appt-online","experimental",0.000000,"persistent CTA fold roles publish online-reordered packet groups without fold-wide barriers",hierarchical-dataflow,0,named-barrier,0,0,0,2,0,0,0,hermes-xor,inplace,radix4,64,20,1048576,1,576460756061519873,60,0,0,0,dataflow-radix4,"7+7+6","appt-online-radix4+appt-online-radix4+appt-online-radix4","256+256+256","8+8+8","16+16+16","4+4+4","2+2+2","1+1+1","3+8+9","ring+ring","2+2",8,0,1,3,1.412928,0.512000,0.514600,0.002600,1.336736,1953.124907,306.591975,2047999902.725224,fused,shoup,natural,-1
1,appt,appt-online-radix4,3-9-8,"Tesla V100-SXM2-16GB",7.0,0,"v100-sm70","hierarchical-dataflow-appt-online","experimental",0.000000,"persistent CTA fold roles publish online-reordered packet groups without fold-wide barriers",hierarchical-dataflow,0,named-barrier,0,0,0,2,0,0,0,hermes-xor,inplace,radix4,64,20,1048576,1,576460756061519873,60,0,0,0,dataflow-radix4,"7+7+6","appt-online-radix4+appt-online-radix4+appt-online-radix4","256+256+256","8+8+8","16+16+16","4+4+4","2+2+2","1+1+1","3+9+8","ring+ring","2+2",8,0,1,3,1.424896,0.524971,0.527995,0.003024,1.347520,1904.868394,303.270471,1997399280.618688,fused,shoup,natural,-1
1,appt,appt-online-radix4,3-10-7,"Tesla V100-SXM2-16GB",7.0,0,"v100-sm70","hierarchical-dataflow-appt-online","experimental",0.000000,"persistent CTA fold roles publish online-reordered packet groups without fold-wide barriers",hierarchical-dataflow,0,named-barrier,0,0,0,2,0,0,0,hermes-xor,inplace,radix4,64,20,1048576,1,576460756061519873,60,0,0,0,dataflow-radix4,"7+7+6","appt-online-radix4+appt-online-radix4+appt-online-radix4","256+256+256","8+8+8","16+16+16","4+4+4","2+2+2","1+1+1","3+10+7","ring+ring","2+2",8,0,1,3,1.412384,0.546133,0.548849,0.002716,1.339424,1831.054667,303.219458,1919999978.654087,fused,shoup,natural,-1
1,appt,appt-online-radix4,4-6-10,"Tesla V100-SXM2-16GB",7.0,0,"v100-sm70","hierarchical-dataflow-appt-online","experimental",0.000000,"persistent CTA fold roles publish online-reordered packet groups without fold-wide barriers",hierarchical-dataflow,0,named-barrier,0,0,0,2,0,0,0,hermes-xor,inplace,radix4,64,20,1048576,1,576460756061519873,60,0,0,0,dataflow-radix4,"7+7+6","appt-online-radix4+appt-online-radix4+appt-online-radix4","256+256+256","8+8+8","16+16+16","4+4+4","2+2+2","1+1+1","4+6+10","ring+ring","2+2",8,0,1,3,1.425056,0.483328,0.486080,0.002752,1.343616,2068.988412,307.503077,2169491593.606924,fused,shoup,natural,-1
1,appt,appt-online-radix4,4-7-9,"Tesla V100-SXM2-16GB",7.0,0,"v100-sm70","hierarchical-dataflow-appt-online","experimental",0.000000,"persistent CTA fold roles publish online-reordered packet groups without fold-wide barriers",hierarchical-dataflow,0,named-barrier,0,0,0,2,0,0,0,hermes-xor,inplace,radix4,64,20,1048576,1,576460756061519873,60,0,0,0,dataflow-radix4,"7+7+6","appt-online-radix4+appt-online-radix4+appt-online-radix4","256+256+256","8+8+8","16+16+16","4+4+4","2+2+2","1+1+1","4+7+9","ring+ring","2+2",8,0,1,3,1.414336,0.476843,0.479183,0.002340,1.340032,2097.127752,309.481528,2198997829.639595,fused,shoup,natural,-1
1,appt,appt-online-radix4,4-8-8,"Tesla V100-SXM2-16GB",7.0,0,"v100-sm70","hierarchical-dataflow-appt-online","experimental",0.000000,"persistent CTA fold roles publish online-reordered packet groups without fold-wide barriers",hierarchical-dataflow,0,named-barrier,0,0,0,2,0,0,0,hermes-xor,inplace,radix4,64,20,1048576,1,576460756061519873,60,0,0,0,dataflow-radix4,"7+7+6","appt-online-radix4+appt-online-radix4+appt-online-radix4","256+256+256","8+8+8","16+16+16","4+4+4","2+2+2","1+1+1","4+8+8","ring+ring","2+2",8,0,1,3,1.415744,0.442368,0.445687,0.003319,1.358816,2260.561339,310.855576,2370370366.374243,fused,shoup,natural,-1
1,appt,appt-online-radix4,4-9-7,"Tesla V100-SXM2-16GB",7.0,0,"v100-sm70","hierarchical-dataflow-appt-online","experimental",0.000000,"persistent CTA fold roles publish online-reordered packet groups without fold-wide barriers",hierarchical-dataflow,0,named-barrier,0,0,0,2,0,0,0,hermes-xor,inplace,radix4,64,20,1048576,1,576460756061519873,60,0,0,0,dataflow-radix4,"7+7+6","appt-online-radix4+appt-online-radix4+appt-online-radix4","256+256+256","8+8+8","16+16+16","4+4+4","2+2+2","1+1+1","4+9+7","ring+ring","2+2",8,0,1,3,1.425760,0.468651,0.471809,0.003158,1.345024,2133.785496,308.695836,2237436260.470591,fused,shoup,natural,-1
1,appt,appt-online-radix4,4-10-6,"Tesla V100-SXM2-16GB",7.0,0,"v100-sm70","hierarchical-dataflow-appt-online","experimental",0.000000,"persistent CTA fold roles publish online-reordered packet groups without fold-wide barriers",hierarchical-dataflow,0,named-barrier,0,0,0,2,0,0,0,hermes-xor,inplace,radix4,64,20,1048576,1,576460756061519873,60,0,0,0,dataflow-radix4,"7+7+6","appt-online-radix4+appt-online-radix4+appt-online-radix4","256+256+256","8+8+8","16+16+16","4+4+4","2+2+2","1+1+1","4+10+6","ring+ring","2+2",8,0,1,3,1.420480,0.475136,0.478002,0.002866,1.334976,2104.660508,309.540792,2206896496.735134,fused,shoup,natural,-1
1,appt,appt-online-radix4,5-5-10,"Tesla V100-SXM2-16GB",7.0,0,"v100-sm70","hierarchical-dataflow-appt-online","experimental",0.000000,"persistent CTA fold roles publish online-reordered packet groups without fold-wide barriers",hierarchical-dataflow,0,named-barrier,0,0,0,2,0,0,0,hermes-xor,inplace,radix4,64,20,1048576,1,576460756061519873,60,0,0,0,dataflow-radix4,"7+7+6","appt-online-radix4+appt-online-radix4+appt-online-radix4","256+256+256","8+8+8","16+16+16","4+4+4","2+2+2","1+1+1","5+5+10","ring+ring","2+2",8,0,1,3,1.424704,0.482987,0.485738,0.002751,1.341824,2070.450564,307.738263,2171024770.290990,fused,shoup,natural,-1
1,appt,appt-online-radix4,5-6-9,"Tesla V100-SXM2-16GB",7.0,0,"v100-sm70","hierarchical-dataflow-appt-online","experimental",0.000000,"persistent CTA fold roles publish online-reordered packet groups without fold-wide barriers",hierarchical-dataflow,0,named-barrier,0,0,0,2,0,0,0,hermes-xor,inplace,radix4,64,20,1048576,1,576460756061519873,60,0,0,0,dataflow-radix4,"7+7+6","appt-online-radix4+appt-online-radix4+appt-online-radix4","256+256+256","8+8+8","16+16+16","4+4+4","2+2+2","1+1+1","5+6+9","ring+ring","2+2",8,0,1,3,1.419200,0.488789,0.491619,0.002830,1.335392,2045.871215,308.320213,2145251455.201643,fused,shoup,natural,-1
1,appt,appt-online-radix4,5-7-8,"Tesla V100-SXM2-16GB",7.0,0,"v100-sm70","hierarchical-dataflow-appt-online","experimental",0.000000,"persistent CTA fold roles publish online-reordered packet groups without fold-wide barriers",hierarchical-dataflow,0,named-barrier,0,0,0,2,0,0,0,hermes-xor,inplace,radix4,64,20,1048576,1,576460756061519873,60,0,0,0,dataflow-radix4,"7+7+6","appt-online-radix4+appt-online-radix4+appt-online-radix4","256+256+256","8+8+8","16+16+16","4+4+4","2+2+2","1+1+1","5+7+8","ring+ring","2+2",8,0,1,3,1.415840,0.495616,0.498206,0.002590,1.338112,2017.691161,307.733211,2115702526.424926,fused,shoup,natural,-1
1,appt,appt-online-radix4,5-8-7,"Tesla V100-SXM2-16GB",7.0,0,"v100-sm70","hierarchical-dataflow-appt-online","experimental",0.000000,"persistent CTA fold roles publish online-reordered packet groups without fold-wide barriers",hierarchical-dataflow,0,named-barrier,0,0,0,2,0,0,0,hermes-xor,inplace,radix4,64,20,1048576,1,576460756061519873,60,0,0,0,dataflow-radix4,"7+7+6","appt-online-radix4+appt-online-radix4+appt-online-radix4","256+256+256","8+8+8","16+16+16","4+4+4","2+2+2","1+1+1","5+8+7","ring+ring","2+2",8,0,1,3,1.423744,0.473088,0.475706,0.002618,1.344672,2113.771662,308.498778,2216450234.045321,fused,shoup,natural,-1
1,appt,appt-online-radix4,5-9-6,"Tesla V100-SXM2-16GB",7.0,0,"v100-sm70","hierarchical-dataflow-appt-online","experimental",0.000000,"persistent CTA fold roles publish online-reordered packet groups without fold-wide barriers",hierarchical-dataflow,0,named-barrier,0,0,0,2,0,0,0,hermes-xor,inplace,radix4,64,20,1048576,1,576460756061519873,60,0,0,0,dataflow-radix4,"7+7+6","appt-online-radix4+appt-online-radix4+appt-online-radix4","256+256+256","8+8+8","16+16+16","4+4+4","2+2+2","1+1+1","5+9+6","ring+ring","2+2",8,0,1,3,1.412704,0.470016,0.472677,0.002661,1.335648,2127.587134,310.716494,2230936806.569983,fused,shoup,natural,-1
1,appt,appt-online-radix4,5-10-5,"Tesla V100-SXM2-16GB",7.0,0,"v100-sm70","hierarchical-dataflow-appt-online","experimental",0.000000,"persistent CTA fold roles publish online-reordered packet groups without fold-wide barriers",hierarchical-dataflow,0,named-barrier,0,0,0,2,0,0,0,hermes-xor,inplace,radix4,64,20,1048576,1,576460756061519873,60,0,0,0,dataflow-radix4,"7+7+6","appt-online-radix4+appt-online-radix4+appt-online-radix4","256+256+256","8+8+8","16+16+16","4+4+4","2+2+2","1+1+1","5+10+5","ring+ring","2+2",8,0,1,3,1.414112,0.546475,0.549167,0.002692,1.345696,1829.911097,302.454487,1918800858.610239,fused,shoup,natural,-1
1,appt,appt-online-radix4,6-4-10,"Tesla V100-SXM2-16GB",7.0,0,"v100-sm70","hierarchical-dataflow-appt-online","experimental",0.000000,"persistent CTA fold roles publish online-reordered packet groups without fold-wide barriers",hierarchical-dataflow,0,named-barrier,0,0,0,2,0,0,0,hermes-xor,inplace,radix4,64,20,1048576,1,576460756061519873,60,0,0,0,dataflow-radix4,"7+7+6","appt-online-radix4+appt-online-radix4+appt-online-radix4","256+256+256","8+8+8","16+16+16","4+4+4","2+2+2","1+1+1","6+4+10","ring+ring","2+2",8,0,1,3,1.416096,0.479573,0.482227,0.002654,1.338880,2085.186807,309.162088,2186476841.471231,fused,shoup,natural,-1
1,appt,appt-online-radix4,6-5-9,"Tesla V100-SXM2-16GB",7.0,0,"v100-sm70","hierarchical-dataflow-appt-online","experimental",0.000000,"persistent CTA fold roles publish online-reordered packet groups without fold-wide barriers",hierarchical-dataflow,0,named-barrier,0,0,0,2,0,0,0,hermes-xor,inplace,radix4,64,20,1048576,1,576460756061519873,60,0,0,0,dataflow-radix4,"7+7+6","appt-online-radix4+appt-online-radix4+appt-online-radix4","256+256+256","8+8+8","16+16+16","4+4+4","2+2+2","1+1+1","6+5+9","ring+ring","2+2",8,0,1,3,1.421792,0.487083,0.489829,0.002747,1.351520,2053.039495,306.711335,2152767941.720225,fused,shoup,natural,-1
1,appt,appt-online-radix4,6-6-8,"Tesla V100-SXM2-16GB",7.0,0,"v100-sm70","hierarchical-dataflow-appt-online","experimental",0.000000,"persistent CTA fold roles publish online-reordered packet groups without fold-wide barriers",hierarchical-dataflow,0,named-barrier,0,0,0,2,0,0,0,hermes-xor,inplace,radix4,64,20,1048576,1,576460756061519873,60,0,0,0,dataflow-radix4,"7+7+6","appt-online-radix4+appt-online-radix4+appt-online-radix4","256+256+256","8+8+8","16+16+16","4+4+4","2+2+2","1+1+1","6+6+8","ring+ring","2+2",8,0,1,3,1.413696,0.489472,0.492278,0.002806,1.342400,2043.017775,308.112478,2142259406.387316,fused,shoup,natural,-1
1,appt,appt-online-radix4,6-7-7,"Tesla V100-SXM2-16GB",7.0,0,"v100-sm70","hierarchical-dataflow-appt-online","experimental",0.000000,"persistent CTA fold roles publish online-reordered packet groups without fold-wide barriers",hierarchical-dataflow,0,named-barrier,0,0,0,2,0,0,0,hermes-xor,inplace,radix4,64,20,1048576,1,576460756061519873,60,0,0,0,dataflow-radix4,"7+7+6","appt-online-radix4+appt-online-radix4+appt-online-radix4","256+256+256","8+8+8","16+16+16","4+4+4","2+2+2","1+1+1","6+7+7","ring+ring","2+2",8,0,1,3,1.427712,0.522240,0.524876,0.002636,1.341344,1914.828493,303.831687,2007843202.299819,fused,shoup,natural,-1
1,appt,appt-online-radix4,6-8-6,"Tesla V100-SXM2-16GB",7.0,0,"v100-sm70","hierarchical-dataflow-appt-online","experimental",0.000000,"persistent CTA fold roles publish online-reordered packet groups without fold-wide barriers",hierarchical-dataflow,0,named-barrier,0,0,0,2,0,0,0,hermes-xor,inplace,radix4,64,20,1048576,1,576460756061519873,60,0,0,0,dataflow-radix4,"7+7+6","appt-online-radix4+appt-online-radix4+appt-online-radix4","256+256+256","8+8+8","16+16+16","4+4+4","2+2+2","1+1+1","6+8+6","ring+ring","2+2",8,0,1,3,1.422112,0.509952,0.512802,0.002850,1.342272,1960.968842,305.405428,2056224864.420685,fused,shoup,natural,-1
1,appt,appt-online-radix4,6-9-5,"Tesla V100-SXM2-16GB",7.0,0,"v100-sm70","hierarchical-dataflow-appt-online","experimental",0.000000,"persistent CTA fold roles publish online-reordered packet groups without fold-wide barriers",hierarchical-dataflow,0,named-barrier,0,0,0,2,0,0,0,hermes-xor,inplace,radix4,64,20,1048576,1,576460756061519873,60,0,0,0,dataflow-radix4,"7+7+6","appt-online-radix4+appt-online-radix4+appt-online-radix4","256+256+256","8+8+8","16+16+16","4+4+4","2+2+2","1+1+1","6+9+5","ring+ring","2+2",8,0,1,3,1.412832,0.578901,0.581799,0.002897,1.332896,1727.410031,300.785408,1811320701.009941,fused,shoup,natural,-1
1,appt,appt-online-radix4,6-10-4,"Tesla V100-SXM2-16GB",7.0,0,"v100-sm70","hierarchical-dataflow-appt-online","experimental",0.000000,"persistent CTA fold roles publish online-reordered packet groups without fold-wide barriers",hierarchical-dataflow,0,named-barrier,0,0,0,2,0,0,0,hermes-xor,inplace,radix4,64,20,1048576,1,576460756061519873,60,0,0,0,dataflow-radix4,"7+7+6","appt-online-radix4+appt-online-radix4+appt-online-radix4","256+256+256","8+8+8","16+16+16","4+4+4","2+2+2","1+1+1","6+10+4","ring+ring","2+2",8,0,1,3,1.426144,0.574805,0.577492,0.002686,1.344000,1739.719460,298.958193,1824228073.011074,fused,shoup,natural,-1
1,appt,appt-online-radix4,7-3-10,"Tesla V100-SXM2-16GB",7.0,0,"v100-sm70","hierarchical-dataflow-appt-online","experimental",0.000000,"persistent CTA fold roles publish online-reordered packet groups without fold-wide barriers",hierarchical-dataflow,0,named-barrier,0,0,0,2,0,0,0,hermes-xor,inplace,radix4,64,20,1048576,1,576460756061519873,60,0,0,0,dataflow-radix4,"7+7+6","appt-online-radix4+appt-online-radix4+appt-online-radix4","256+256+256","8+8+8","16+16+16","4+4+4","2+2+2","1+1+1","7+3+10","ring+ring","2+2",8,0,1,3,1.425856,0.596651,0.599367,0.002716,1.357728,1676.022616,295.837449,1757437090.462997,fused,shoup,natural,-1
1,appt,appt-online-radix4,7-4-9,"Tesla V100-SXM2-16GB",7.0,0,"v100-sm70","hierarchical-dataflow-appt-online","experimental",0.000000,"persistent CTA fold roles publish online-reordered packet groups without fold-wide barriers",hierarchical-dataflow,0,named-barrier,0,0,0,2,0,0,0,hermes-xor,inplace,radix4,64,20,1048576,1,576460756061519873,60,0,0,0,dataflow-radix4,"7+7+6","appt-online-radix4+appt-online-radix4+appt-online-radix4","256+256+256","8+8+8","16+16+16","4+4+4","2+2+2","1+1+1","7+4+9","ring+ring","2+2",8,0,1,3,1.423680,0.488448,0.491104,0.002656,1.345344,2047.300864,306.986533,2146750550.506709,fused,shoup,natural,-1
1,appt,appt-online-radix4,7-5-8,"Tesla V100-SXM2-16GB",7.0,0,"v100-sm70","hierarchical-dataflow-appt-online","experimental",0.000000,"persistent CTA fold roles publish online-reordered packet groups without fold-wide barriers",hierarchical-dataflow,0,named-barrier,0,0,0,2,0,0,0,hermes-xor,inplace,radix4,64,20,1048576,1,576460756061519873,60,0,0,0,dataflow-radix4,"7+7+6","appt-online-radix4+appt-online-radix4+appt-online-radix4","256+256+256","8+8+8","16+16+16","4+4+4","2+2+2","1+1+1","7+5+8","ring+ring","2+2",8,0,1,3,1.424832,0.489131,0.491689,0.002559,1.356032,2044.443562,305.810898,2143754452.099165,fused,shoup,natural,-1
1,appt,appt-online-radix4,7-6-7,"Tesla V100-SXM2-16GB",7.0,0,"v100-sm70","hierarchical-dataflow-appt-online","experimental",0.000000,"persistent CTA fold roles publish online-reordered packet groups without fold-wide barriers",hierarchical-dataflow,0,named-barrier,0,0,0,2,0,0,0,hermes-xor,inplace,radix4,64,20,1048576,1,576460756061519873,60,0,0,0,dataflow-radix4,"7+7+6","appt-online-radix4+appt-online-radix4+appt-online-radix4","256+256+256","8+8+8","16+16+16","4+4+4","2+2+2","1+1+1","7+6+7","ring+ring","2+2",8,0,1,3,1.422336,0.525995,0.528796,0.002801,1.343776,1901.159991,303.756868,1993510738.397543,fused,shoup,natural,-1
1,appt,appt-online-radix4,7-7-6,"Tesla V100-SXM2-16GB",7.0,0,"v100-sm70","hierarchical-dataflow-appt-online","experimental",0.000000,"persistent CTA fold roles publish online-reordered packet groups without fold-wide barriers",hierarchical-dataflow,0,named-barrier,0,0,0,2,0,0,0,hermes-xor,inplace,radix4,64,20,1048576,1,576460756061519873,60,0,0,0,dataflow-radix4,"7+7+6","appt-online-radix4+appt-online-radix4+appt-online-radix4","256+256+256","8+8+8","16+16+16","4+4+4","2+2+2","1+1+1","7+7+6","ring+ring","2+2",8,0,1,3,1.423968,0.529067,0.532173,0.003106,1.358368,1890.120913,301.986831,1981935426.948224,fused,shoup,natural,-1
1,appt,appt-online-radix4,7-8-5,"Tesla V100-SXM2-16GB",7.0,0,"v100-sm70","hierarchical-dataflow-appt-online","experimental",0.000000,"persistent CTA fold roles publish online-reordered packet groups without fold-wide barriers",hierarchical-dataflow,0,named-barrier,0,0,0,2,0,0,0,hermes-xor,inplace,radix4,64,20,1048576,1,576460756061519873,60,0,0,0,dataflow-radix4,"7+7+6","appt-online-radix4+appt-online-radix4+appt-online-radix4","256+256+256","8+8+8","16+16+16","4+4+4","2+2+2","1+1+1","7+8+5","ring+ring","2+2",8,0,1,3,1.423552,0.579584,0.582140,0.002556,1.342272,1725.375434,298.917195,1809187271.364320,fused,shoup,natural,-1
1,appt,appt-online-radix4,7-9-4,"Tesla V100-SXM2-16GB",7.0,0,"v100-sm70","hierarchical-dataflow-appt-online","experimental",0.000000,"persistent CTA fold roles publish online-reordered packet groups without fold-wide barriers",hierarchical-dataflow,0,named-barrier,0,0,0,2,0,0,0,hermes-xor,inplace,radix4,64,20,1048576,1,576460756061519873,60,0,0,0,dataflow-radix4,"7+7+6","appt-online-radix4+appt-online-radix4+appt-online-radix4","256+256+256","8+8+8","16+16+16","4+4+4","2+2+2","1+1+1","7+9+4","ring+ring","2+2",8,0,1,3,1.424544,0.576512,0.579629,0.003117,1.345120,1734.569155,298.848599,1818827586.585027,fused,shoup,natural,-1
1,appt,appt-online-radix4,7-10-3,"Tesla V100-SXM2-16GB",7.0,0,"v100-sm70","hierarchical-dataflow-appt-online","experimental",0.000000,"persistent CTA fold roles publish online-reordered packet groups without fold-wide barriers",hierarchical-dataflow,0,named-barrier,0,0,0,2,0,0,0,hermes-xor,inplace,radix4,64,20,1048576,1,576460756061519873,60,0,0,0,dataflow-radix4,"7+7+6","appt-online-radix4+appt-online-radix4+appt-online-radix4","256+256+256","8+8+8","16+16+16","4+4+4","2+2+2","1+1+1","7+10+3","ring+ring","2+2",8,0,1,3,1.425632,0.713728,0.716458,0.002730,1.344480,1401.093953,287.039585,1469153493.133208,fused,shoup,natural,-1
1,appt,appt-online-radix4,8-3-9,"Tesla V100-SXM2-16GB",7.0,0,"v100-sm70","hierarchical-dataflow-appt-online","experimental",0.000000,"persistent CTA fold roles publish online-reordered packet groups without fold-wide barriers",hierarchical-dataflow,0,named-barrier,0,0,0,2,0,0,0,hermes-xor,inplace,radix4,64,20,1048576,1,576460756061519873,60,0,0,0,dataflow-radix4,"7+7+6","appt-online-radix4+appt-online-radix4+appt-online-radix4","256+256+256","8+8+8","16+16+16","4+4+4","2+2+2","1+1+1","8+3+9","ring+ring","2+2",8,0,1,3,1.422080,0.593237,0.596280,0.003042,1.343072,1685.665975,297.761775,1767548885.584471,fused,shoup,natural,-1
1,appt,appt-online-radix4,8-4-8,"Tesla V100-SXM2-16GB",7.0,0,"v100-sm70","hierarchical-dataflow-appt-online","experimental",0.000000,"persistent CTA fold roles publish online-reordered packet groups without fold-wide barriers",hierarchical-dataflow,0,named-barrier,0,0,0,2,0,0,0,hermes-xor,inplace,radix4,64,20,1048576,1,576460756061519873,60,0,0,0,dataflow-radix4,"7+7+6","appt-online-radix4+appt-online-radix4+appt-online-radix4","256+256+256","8+8+8","16+16+16","4+4+4","2+2+2","1+1+1","8+4+8","ring+ring","2+2",8,0,1,3,1.425568,0.478549,0.481268,0.002719,1.345280,2089.648724,307.749372,2191155500.884418,fused,shoup,natural,-1
1,appt,appt-online-radix4,8-5-7,"Tesla V100-SXM2-16GB",7.0,0,"v100-sm70","hierarchical-dataflow-appt-online","experimental",0.000000,"persistent CTA fold roles publish online-reordered packet groups without fold-wide barriers",hierarchical-dataflow,0,named-barrier,0,0,0,2,0,0,0,hermes-xor,inplace,radix4,64,20,1048576,1,576460756061519873,60,0,0,0,dataflow-radix4,"7+7+6","appt-online-radix4+appt-online-radix4+appt-online-radix4","256+256+256","8+8+8","16+16+16","4+4+4","2+2+2","1+1+1","8+5+7","ring+ring","2+2",8,0,1,3,1.421696,0.498688,0.501557,0.002869,1.355040,2005.261877,305.303996,2102669478.054874,fused,shoup,natural,-1
1,appt,appt-online-radix4,8-6-6,"Tesla V100-SXM2-16GB",7.0,0,"v100-sm70","hierarchical-dataflow-appt-online","experimental",0.000000,"persistent CTA fold roles publish online-reordered packet groups without fold-wide barriers",hierarchical-dataflow,0,named-barrier,0,0,0,2,0,0,0,hermes-xor,inplace,radix4,64,20,1048576,1,576460756061519873,60,0,0,0,dataflow-radix4,"7+7+6","appt-online-radix4+appt-online-radix4+appt-online-radix4","256+256+256","8+8+8","16+16+16","4+4+4","2+2+2","1+1+1","8+6+6","ring+ring","2+2",8,0,1,3,1.426400,0.519168,0.521843,0.002675,1.345056,1926.158706,303.893728,2019723790.815222,fused,shoup,natural,-1
1,appt,appt-online-radix4,8-7-5,"Tesla V100-SXM2-16GB",7.0,0,"v100-sm70","hierarchical-dataflow-appt-online","experimental",0.000000,"persistent CTA fold roles publish online-reordered packet groups without fold-wide barriers",hierarchical-dataflow,0,named-barrier,0,0,0,2,0,0,0,hermes-xor,inplace,radix4,64,20,1048576,1,576460756061519873,60,0,0,0,dataflow-radix4,"7+7+6","appt-online-radix4+appt-online-radix4+appt-online-radix4","256+256+256","8+8+8","16+16+16","4+4+4","2+2+2","1+1+1","8+7+5","ring+ring","2+2",8,0,1,3,1.423840,0.567296,0.570051,0.002755,1.344096,1762.748293,299.829221,1848375553.791394,fused,shoup,natural,-1
1,appt,appt-online-radix4,8-8-4,"Tesla V100-SXM2-16GB",7.0,0,"v100-sm70","hierarchical-dataflow-appt-online","experimental",0.000000,"persistent CTA fold roles publish online-reordered packet groups without fold-wide barriers",hierarchical-dataflow,0,named-barrier,0,0,0,2,0,0,0,hermes-xor,inplace,radix4,64,20,1048576,1,576460756061519873,60,0,0,0,dataflow-radix4,"7+7+6","appt-online-radix4+appt-online-radix4+appt-online-radix4","256+256+256","8+8+8","16+16+16","4+4+4","2+2+2","1+1+1","8+8+4","ring+ring","2+2",8,0,1,3,1.425152,0.459776,0.462299,0.002523,1.349536,2174.972094,309.170246,2280623538.129355,fused,shoup,natural,-1
1,appt,appt-online-radix4,8-9-3,"Tesla V100-SXM2-16GB",7.0,0,"v100-sm70","hierarchical-dataflow-appt-online","experimental",0.000000,"persistent CTA fold roles publish online-reordered packet groups without fold-wide barriers",hierarchical-dataflow,0,named-barrier,0,0,0,2,0,0,0,hermes-xor,inplace,radix4,64,20,1048576,1,576460756061519873,60,0,0,0,dataflow-radix4,"7+7+6","appt-online-radix4+appt-online-radix4+appt-online-radix4","256+256+256","8+8+8","16+16+16","4+4+4","2+2+2","1+1+1","8+9+3","ring+ring","2+2",8,0,1,3,1.424096,0.586752,0.589275,0.002523,1.355776,1704.297564,297.033473,1787085522.537285,fused,shoup,natural,-1
1,appt,appt-online-radix4,9-3-8,"Tesla V100-SXM2-16GB",7.0,0,"v100-sm70","hierarchical-dataflow-appt-online","experimental",0.000000,"persistent CTA fold roles publish online-reordered packet groups without fold-wide barriers",hierarchical-dataflow,0,named-barrier,0,0,0,2,0,0,0,hermes-xor,inplace,radix4,64,20,1048576,1,576460756061519873,60,0,0,0,dataflow-radix4,"7+7+6","appt-online-radix4+appt-online-radix4+appt-online-radix4","256+256+256","8+8+8","16+16+16","4+4+4","2+2+2","1+1+1","9+3+8","ring+ring","2+2",8,0,1,3,1.421952,0.595968,0.598847,0.002879,1.341728,1677.942417,297.650231,1759450148.081088,fused,shoup,natural,-1
1,appt,appt-online-radix4,9-4-7,"Tesla V100-SXM2-16GB",7.0,0,"v100-sm70","hierarchical-dataflow-appt-online","experimental",0.000000,"persistent CTA fold roles publish online-reordered packet groups without fold-wide barriers",hierarchical-dataflow,0,named-barrier,0,0,0,2,0,0,0,hermes-xor,inplace,radix4,64,20,1048576,1,576460756061519873,60,0,0,0,dataflow-radix4,"7+7+6","appt-online-radix4+appt-online-radix4+appt-online-radix4","256+256+256","8+8+8","16+16+16","4+4+4","2+2+2","1+1+1","9+4+7","ring+ring","2+2",8,0,1,3,1.423136,0.501760,0.504459,0.002699,1.341440,1992.984670,306.153443,2089795893.582142,fused,shoup,natural,-1
1,appt,appt-online-radix4,9-5-6,"Tesla V100-SXM2-16GB",7.0,0,"v100-sm70","hierarchical-dataflow-appt-online","experimental",0.000000,"persistent CTA fold roles publish online-reordered packet groups without fold-wide barriers",hierarchical-dataflow,0,named-barrier,0,0,0,2,0,0,0,hermes-xor,inplace,radix4,64,20,1048576,1,576460756061519873,60,0,0,0,dataflow-radix4,"7+7+6","appt-online-radix4+appt-online-radix4+appt-online-radix4","256+256+256","8+8+8","16+16+16","4+4+4","2+2+2","1+1+1","9+5+6","ring+ring","2+2",8,0,1,3,1.422208,0.503125,0.505989,0.002864,1.348864,1987.576180,305.418371,2084124680.376110,fused,shoup,natural,-1
1,appt,appt-online-radix4,9-6-5,"Tesla V100-SXM2-16GB",7.0,0,"v100-sm70","hierarchical-dataflow-appt-online","experimental",0.000000,"persistent CTA fold roles publish online-reordered packet groups without fold-wide barriers",hierarchical-dataflow,0,named-barrier,0,0,0,2,0,0,0,hermes-xor,inplace,radix4,64,20,1048576,1,576460756061519873,60,0,0,0,dataflow-radix4,"7+7+6","appt-online-radix4+appt-online-radix4+appt-online-radix4","256+256+256","8+8+8","16+16+16","4+4+4","2+2+2","1+1+1","9+6+5","ring+ring","2+2",8,0,1,3,1.422880,0.579584,0.582335,0.002751,1.340032,1725.375434,299.177617,1809187271.364320,fused,shoup,natural,-1
1,appt,appt-online-radix4,9-7-4,"Tesla V100-SXM2-16GB",7.0,0,"v100-sm70","hierarchical-dataflow-appt-online","experimental",0.000000,"persistent CTA fold roles publish online-reordered packet groups without fold-wide barriers",hierarchical-dataflow,0,named-barrier,0,0,0,2,0,0,0,hermes-xor,inplace,radix4,64,20,1048576,1,576460756061519873,60,0,0,0,dataflow-radix4,"7+7+6","appt-online-radix4+appt-online-radix4+appt-online-radix4","256+256+256","8+8+8","16+16+16","4+4+4","2+2+2","1+1+1","9+7+4","ring+ring","2+2",8,0,1,3,1.416480,0.584363,0.587026,0.002663,1.346208,1711.266007,298.770505,1794392464.979372,fused,shoup,natural,-1
1,appt,appt-online-radix4,9-8-3,"Tesla V100-SXM2-16GB",7.0,0,"v100-sm70","hierarchical-dataflow-appt-online","experimental",0.000000,"persistent CTA fold roles publish online-reordered packet groups without fold-wide barriers",hierarchical-dataflow,0,named-barrier,0,0,0,2,0,0,0,hermes-xor,inplace,radix4,64,20,1048576,1,576460756061519873,60,0,0,0,dataflow-radix4,"7+7+6","appt-online-radix4+appt-online-radix4+appt-online-radix4","256+256+256","8+8+8","16+16+16","4+4+4","2+2+2","1+1+1","9+8+3","ring+ring","2+2",8,0,1,3,1.422624,0.595627,0.598487,0.002860,1.350048,1678.904052,296.885794,1760458495.359882,fused,shoup,natural,-1
1,appt,appt-online-radix4,10-3-7,"Tesla V100-SXM2-16GB",7.0,0,"v100-sm70","hierarchical-dataflow-appt-online","experimental",0.000000,"persistent CTA fold roles publish online-reordered packet groups without fold-wide barriers",hierarchical-dataflow,0,named-barrier,0,0,0,2,0,0,0,hermes-xor,inplace,radix4,64,20,1048576,1,576460756061519873,60,0,0,0,dataflow-radix4,"7+7+6","appt-online-radix4+appt-online-radix4+appt-online-radix4","256+256+256","8+8+8","16+16+16","4+4+4","2+2+2","1+1+1","10+3+7","ring+ring","2+2",8,0,1,3,1.422944,0.620885,0.623599,0.002714,1.343200,1610.603407,295.243983,1688840078.502201,fused,shoup,natural,-1
1,appt,appt-online-radix4,10-4-6,"Tesla V100-SXM2-16GB",7.0,0,"v100-sm70","hierarchical-dataflow-appt-online","experimental",0.000000,"persistent CTA fold roles publish online-reordered packet groups without fold-wide barriers",hierarchical-dataflow,0,named-barrier,0,0,0,2,0,0,0,hermes-xor,inplace,radix4,64,20,1048576,1,576460756061519873,60,0,0,0,dataflow-radix4,"7+7+6","appt-online-radix4+appt-online-radix4+appt-online-radix4","256+256+256","8+8+8","16+16+16","4+4+4","2+2+2","1+1+1","10+4+6","ring+ring","2+2",8,0,1,3,1.424448,0.500395,0.503282,0.002888,1.348704,1998.422676,305.479075,2095498055.433151,fused,shoup,natural,-1
1,appt,appt-online-radix4,10-5-5,"Tesla V100-SXM2-16GB",7.0,0,"v100-sm70","hierarchical-dataflow-appt-online","experimental",0.000000,"persistent CTA fold roles publish online-reordered packet groups without fold-wide barriers",hierarchical-dataflow,0,named-barrier,0,0,0,2,0,0,0,hermes-xor,inplace,radix4,64,20,1048576,1,576460756061519873,60,0,0,0,dataflow-radix4,"7+7+6","appt-online-radix4+appt-online-radix4+appt-online-radix4","256+256+256","8+8+8","16+16+16","4+4+4","2+2+2","1+1+1","10+5+5","ring+ring","2+2",8,0,1,3,1.430464,0.572757,0.575775,0.003018,1.355648,1745.940198,297.719229,1830750988.593622,fused,shoup,natural,-1
1,appt,appt-online-radix4,10-6-4,"Tesla V100-SXM2-16GB",7.0,0,"v100-sm70","hierarchical-dataflow-appt-online","experimental",0.000000,"persistent CTA fold roles publish online-reordered packet groups without fold-wide barriers",hierarchical-dataflow,0,named-barrier,0,0,0,2,0,0,0,hermes-xor,inplace,radix4,64,20,1048576,1,576460756061519873,60,0,0,0,dataflow-radix4,"7+7+6","appt-online-radix4+appt-online-radix4+appt-online-radix4","256+256+256","8+8+8","16+16+16","4+4+4","2+2+2","1+1+1","10+6+4","ring+ring","2+2",8,0,1,3,1.421632,0.585045,0.587634,0.002589,1.336064,1709.269241,299.155660,1792298703.145822,fused,shoup,natural,-1
1,appt,appt-online-radix4,10-7-3,"Tesla V100-SXM2-16GB",7.0,0,"v100-sm70","hierarchical-dataflow-appt-online","experimental",0.000000,"persistent CTA fold roles publish online-reordered packet groups without fold-wide barriers",hierarchical-dataflow,0,named-barrier,0,0,0,2,0,0,0,hermes-xor,inplace,radix4,64,20,1048576,1,576460756061519873,60,0,0,0,dataflow-radix4,"7+7+6","appt-online-radix4+appt-online-radix4+appt-online-radix4","256+256+256","8+8+8","16+16+16","4+4+4","2+2+2","1+1+1","10+7+3","ring+ring","2+2",8,0,1,3,1.423616,0.717824,0.720498,0.002674,1.348448,1393.099179,286.542141,1460770364.246778,fused,shoup,natural,-1
