case,backend,word_bits,logN,batch,stage_space,data_space,pipeline_buffers,dataflow_layout,dataflow_state,kernel_ms,kernel_ntt_s,correct
dataflow_default_w32_n6_b1,hybrid-dataflow,32,6,1,4,32,2,hermes-xor,inplace,0.022733,43989.302048,1
dataflow_search_w32_n6_b1_us2,hybrid-dataflow,32,6,1,2,32,2,hermes-xor,inplace,0.042803,23362.738239,1
dataflow_search_w32_n6_b1_us4,hybrid-dataflow,32,6,1,4,32,2,hermes-xor,inplace,0.022630,44188.350187,1
dataflow_default_w32_n6_b16,hybrid-dataflow,32,6,16,4,32,2,hermes-xor,inplace,0.022733,703828.832768,1
dataflow_search_w32_n6_b16_us2,hybrid-dataflow,32,6,16,2,32,2,hermes-xor,inplace,0.042803,373803.811818,1
dataflow_search_w32_n6_b16_us4,hybrid-dataflow,32,6,16,4,32,2,hermes-xor,inplace,0.022733,703828.832768,1
dataflow_default_w32_n6_b256,hybrid-dataflow,32,6,256,4,32,2,hermes-xor,inplace,0.025272,10129660.006841,1
dataflow_search_w32_n6_b256_us2,hybrid-dataflow,32,6,256,2,32,2,hermes-xor,inplace,0.044872,5705157.880239,1
dataflow_search_w32_n6_b256_us4,hybrid-dataflow,32,6,256,4,32,2,hermes-xor,inplace,0.025293,10121457.939366,1
dataflow_default_w32_n8_b1,hybrid-dataflow,32,8,1,8,32,2,hermes-xor,inplace,0.013414,74546.757401,1
dataflow_search_w32_n8_b1_us2,hybrid-dataflow,32,8,1,2,32,2,hermes-xor,inplace,0.214323,4665.850285,1
dataflow_search_w32_n8_b1_us4,hybrid-dataflow,32,8,1,4,32,2,hermes-xor,inplace,0.034304,29151.119031,1
dataflow_default_w32_n8_b16,hybrid-dataflow,32,8,16,8,32,2,hermes-xor,inplace,0.013517,1183712.079343,1
dataflow_search_w32_n8_b16_us2,hybrid-dataflow,32,8,16,2,32,2,hermes-xor,inplace,0.214426,74617.953102,1
dataflow_search_w32_n8_b16_us4,hybrid-dataflow,32,8,16,4,32,2,hermes-xor,inplace,0.034202,467814.375942,1
dataflow_default_w32_n8_b256,hybrid-dataflow,32,8,256,8,32,2,hermes-xor,inplace,0.013844,18491123.274601,1
dataflow_search_w32_n8_b256_us2,hybrid-dataflow,32,8,256,2,32,2,hermes-xor,inplace,0.225178,1136880.470468,1
dataflow_search_w32_n8_b256_us4,hybrid-dataflow,32,8,256,4,32,2,hermes-xor,inplace,0.039772,6436663.176930,1
dataflow_default_w32_n10_b1,hybrid-dataflow,32,10,1,8,32,2,hermes-xor,inplace,0.258253,3872.174869,1
dataflow_search_w32_n10_b1_us2,hybrid-dataflow,32,10,1,2,32,2,hermes-xor,inplace,1.056154,946.832033,1
dataflow_search_w32_n10_b1_us4,hybrid-dataflow,32,10,1,4,32,2,hermes-xor,inplace,0.350925,2849.613446,1
dataflow_default_w32_n10_b16,hybrid-dataflow,32,10,16,8,32,2,hermes-xor,inplace,0.258867,61807.752164,1
dataflow_search_w32_n10_b16_us2,hybrid-dataflow,32,10,16,2,32,2,hermes-xor,inplace,1.056256,15147.842146,1
dataflow_search_w32_n10_b16_us4,hybrid-dataflow,32,10,16,4,32,2,hermes-xor,inplace,0.350822,45607.123422,1
dataflow_default_w32_n10_b256,hybrid-dataflow,32,10,256,8,32,2,hermes-xor,inplace,0.298537,857515.274370,1
dataflow_search_w32_n10_b256_us2,hybrid-dataflow,32,10,256,2,32,2,hermes-xor,inplace,0.950886,269222.494309,1
dataflow_search_w32_n10_b256_us4,hybrid-dataflow,32,10,256,4,32,2,hermes-xor,inplace,0.341524,749580.231176,1
dataflow_default_w32_n12_b1,hybrid-dataflow,32,12,1,8,32,2,hermes-xor,inplace,0.291021,3436.180381,1
dataflow_search_w32_n12_b1_us2,hybrid-dataflow,32,12,1,2,32,2,hermes-xor,inplace,5.050982,197.981285,1
dataflow_search_w32_n12_b1_us4,hybrid-dataflow,32,12,1,4,32,2,hermes-xor,inplace,0.606208,1649.598908,1
hybrid2d_w32_n12_b1,hybrid2d,32,12,1,0,0,0,hermes-xor,inplace,0.008397,119092.992399,1
dataflow_default_w32_n12_b16,hybrid-dataflow,32,12,16,8,32,2,hermes-xor,inplace,0.248832,64300.407082,1
dataflow_search_w32_n12_b16_us2,hybrid-dataflow,32,12,16,2,32,2,hermes-xor,inplace,4.310835,3711.577608,1
dataflow_search_w32_n12_b16_us4,hybrid-dataflow,32,12,16,4,32,2,hermes-xor,inplace,0.600781,26632.007564,1
hybrid2d_w32_n12_b16,hybrid2d,32,12,16,0,0,0,hermes-xor,inplace,0.008909,1795977.041844,1
dataflow_default_w32_n12_b256,hybrid-dataflow,32,12,256,8,32,2,hermes-xor,inplace,0.566968,451524.344759,1
dataflow_search_w32_n12_b256_us2,hybrid-dataflow,32,12,256,2,32,2,hermes-xor,inplace,4.575846,55945.936353,1
dataflow_search_w32_n12_b256_us4,hybrid-dataflow,32,12,256,4,32,2,hermes-xor,inplace,0.725197,353007.635297,1
hybrid2d_w32_n12_b256,hybrid2d,32,12,256,0,0,0,hermes-xor,inplace,0.048271,5303351.527291,1
dataflow_default_w32_n14_b1,hybrid-dataflow,32,14,1,8,32,2,hermes-xor,inplace,0.338698,2952.480667,1
dataflow_search_w32_n14_b1_us2,hybrid-dataflow,32,14,1,2,32,2,hermes-xor,inplace,20.122522,49.695559,1
dataflow_search_w32_n14_b1_us4,hybrid-dataflow,32,14,1,4,32,2,hermes-xor,inplace,5.528863,180.869016,1
hybrid2d_w32_n14_b1,hybrid2d,32,14,1,0,0,0,hermes-xor,inplace,0.008294,120563.274109,1
dataflow_default_w32_n14_b16,hybrid-dataflow,32,14,16,8,32,2,hermes-xor,inplace,0.338862,47216.852572,1
dataflow_search_w32_n14_b16_us2,hybrid-dataflow,32,14,16,2,32,2,hermes-xor,inplace,20.123423,795.093375,1
dataflow_search_w32_n14_b16_us4,hybrid-dataflow,32,14,16,4,32,2,hermes-xor,inplace,5.528760,2893.957912,1
hybrid2d_w32_n14_b16,hybrid2d,32,14,16,0,0,0,hermes-xor,inplace,0.016097,993956.788354,1
dataflow_default_w32_n14_b256,hybrid-dataflow,32,14,256,8,32,2,hermes-xor,inplace,1.450578,176481.392638,1
dataflow_search_w32_n14_b256_us2,hybrid-dataflow,32,14,256,2,32,2,hermes-xor,inplace,80.701874,3172.169220,1
dataflow_search_w32_n14_b256_us4,hybrid-dataflow,32,14,256,4,32,2,hermes-xor,inplace,22.264013,11498.376176,1
hybrid2d_w32_n14_b256,hybrid2d,32,14,256,0,0,0,hermes-xor,inplace,0.164352,1557632.401032,1
dataflow_default_w64_n6_b1,hybrid-dataflow,64,6,1,4,16,2,hermes-xor,inplace,0.019968,50080.129937,1
dataflow_search_w64_n6_b1_us2,hybrid-dataflow,64,6,1,2,16,2,hermes-xor,inplace,0.038093,26251.680463,1
dataflow_search_w64_n6_b1_us4,hybrid-dataflow,64,6,1,4,16,2,hermes-xor,inplace,0.019968,50080.129937,1
tile256_w64_n6_b1,tile256,64,6,1,0,0,0,hermes-xor,inplace,0.005734,174386.163987,1
dataflow_default_w64_n6_b16,hybrid-dataflow,64,6,16,4,16,2,hermes-xor,inplace,0.020173,793147.173965,1
dataflow_search_w64_n6_b16_us2,hybrid-dataflow,64,6,16,2,16,2,hermes-xor,inplace,0.038093,420026.887402,1
dataflow_search_w64_n6_b16_us4,hybrid-dataflow,64,6,16,4,16,2,hermes-xor,inplace,0.020275,789141.422477,1
tile256_w64_n6_b16,tile256,64,6,16,0,0,0,hermes-xor,inplace,0.005837,2741227.973216,1
dataflow_default_w64_n6_b256,hybrid-dataflow,64,6,256,4,16,2,hermes-xor,inplace,0.022446,11405109.905883,1
dataflow_search_w64_n6_b256_us2,hybrid-dataflow,64,6,256,2,16,2,hermes-xor,inplace,0.040059,6390592.880424,1
dataflow_search_w64_n6_b256_us4,hybrid-dataflow,64,6,256,4,16,2,hermes-xor,inplace,0.022446,11405109.905883,1
tile256_w64_n6_b256,tile256,64,6,256,0,0,0,hermes-xor,inplace,0.006390,40064102.898832,1
dataflow_default_w64_n8_b1,hybrid-dataflow,64,8,1,8,16,2,hermes-xor,inplace,0.020173,49571.698373,1
dataflow_search_w64_n8_b1_us2,hybrid-dataflow,64,8,1,2,16,2,hermes-xor,inplace,0.190157,5258.817916,1
dataflow_search_w64_n8_b1_us4,hybrid-dataflow,64,8,1,4,16,2,hermes-xor,inplace,0.030618,32660.952850,1
stage_pipeline_w64_n8_b1,stage-pipeline,64,8,1,8,0,0,hermes-xor,inplace,0.010035,99649.234252,1
tile256_w64_n8_b1,tile256,64,8,1,0,0,0,hermes-xor,inplace,0.006861,145755.595157,1
dataflow_default_w64_n8_b16,hybrid-dataflow,64,8,16,8,16,2,hermes-xor,inplace,0.020378,785175.857605,1
dataflow_search_w64_n8_b16_us2,hybrid-dataflow,64,8,16,2,16,2,hermes-xor,inplace,0.190157,84141.086654,1
dataflow_search_w64_n8_b16_us4,hybrid-dataflow,64,8,16,4,16,2,hermes-xor,inplace,0.030720,520833.314911,1
stage_pipeline_w64_n8_b16,stage-pipeline,64,8,16,8,0,0,hermes-xor,inplace,0.010240,1562500.039472,1
tile256_w64_n8_b16,tile256,64,8,16,0,0,0,hermes-xor,inplace,0.007066,2264492.673526,1
dataflow_default_w64_n8_b256,hybrid-dataflow,64,8,256,8,16,2,hermes-xor,inplace,0.043971,5822076.983829,1
dataflow_search_w64_n8_b256_us2,hybrid-dataflow,64,8,256,2,16,2,hermes-xor,inplace,0.236012,1084692.814866,1
dataflow_search_w64_n8_b256_us4,hybrid-dataflow,64,8,256,4,16,2,hermes-xor,inplace,0.043090,5941064.805303,1
stage_pipeline_w64_n8_b256,stage-pipeline,64,8,256,8,0,0,hermes-xor,inplace,0.012227,20938023.188458,1
tile256_w64_n8_b256,tile256,64,8,256,0,0,0,hermes-xor,inplace,0.011551,22163120.855641,1
dataflow_default_w64_n10_b1,hybrid-dataflow,64,10,1,8,16,2,hermes-xor,inplace,0.238899,4185.865818,1
dataflow_search_w64_n10_b1_us2,hybrid-dataflow,64,10,1,2,16,2,hermes-xor,inplace,0.934707,1069.853787,1
dataflow_search_w64_n10_b1_us4,hybrid-dataflow,64,10,1,4,16,2,hermes-xor,inplace,0.308531,3241.163346,1
tile256_w64_n10_b1,tile256,64,10,1,0,0,0,hermes-xor,inplace,0.011571,86421.455961,1
dataflow_default_w64_n10_b16,hybrid-dataflow,64,10,16,8,16,2,hermes-xor,inplace,0.239104,66916.487463,1
dataflow_search_w64_n10_b16_us2,hybrid-dataflow,64,10,16,2,16,2,hermes-xor,inplace,0.934912,17113.909712,1
dataflow_search_w64_n10_b16_us4,hybrid-dataflow,64,10,16,4,16,2,hermes-xor,inplace,0.308634,51841.407490,1
tile256_w64_n10_b16,tile256,64,10,16,0,0,0,hermes-xor,inplace,0.012698,1260080.662206,1
dataflow_default_w64_n10_b256,hybrid-dataflow,64,10,256,8,16,2,hermes-xor,inplace,0.518369,493856.390757,1
dataflow_search_w64_n10_b256_us2,hybrid-dataflow,64,10,256,2,16,2,hermes-xor,inplace,0.995738,257095.842169,1
dataflow_search_w64_n10_b256_us4,hybrid-dataflow,64,10,256,4,16,2,hermes-xor,inplace,0.359178,712738.044454,1
tile256_w64_n10_b256,tile256,64,10,256,0,0,0,hermes-xor,inplace,0.030515,8389261.362884,1
dataflow_default_w64_n12_b1,hybrid-dataflow,64,12,1,8,16,2,hermes-xor,inplace,0.286822,3486.478303,1
dataflow_search_w64_n12_b1_us2,hybrid-dataflow,64,12,1,2,16,2,hermes-xor,inplace,4.475187,223.454334,1
dataflow_search_w64_n12_b1_us4,hybrid-dataflow,64,12,1,4,16,2,hermes-xor,inplace,0.624947,1600.135204,1
tile256_w64_n12_b1,tile256,64,12,1,0,0,0,hermes-xor,inplace,0.016077,62201.435125,1
dataflow_default_w64_n12_b16,hybrid-dataflow,64,12,16,8,16,2,hermes-xor,inplace,0.286925,55763.744186,1
dataflow_search_w64_n12_b16_us2,hybrid-dataflow,64,12,16,2,16,2,hermes-xor,inplace,4.475085,3575.351257,1
dataflow_search_w64_n12_b16_us4,hybrid-dataflow,64,12,16,4,16,2,hermes-xor,inplace,0.625152,25593.775928,1
tile256_w64_n12_b16,tile256,64,12,16,0,0,0,hermes-xor,inplace,0.022426,713470.338844,1
dataflow_default_w64_n12_b256,hybrid-dataflow,64,12,256,8,16,2,hermes-xor,inplace,1.154314,221776.689879,1
dataflow_search_w64_n12_b256_us2,hybrid-dataflow,64,12,256,2,16,2,hermes-xor,inplace,9.041409,28314.172388,1
dataflow_search_w64_n12_b256_us4,hybrid-dataflow,64,12,256,4,16,2,hermes-xor,inplace,1.360630,188148.181818,1
tile256_w64_n12_b256,tile256,64,12,256,0,0,0,hermes-xor,inplace,0.168407,1520126.493892,1
dataflow_default_w64_n13_b1,hybrid-dataflow,64,13,1,8,16,2,hermes-xor,inplace,0.338678,2952.659154,1
dataflow_search_w64_n13_b1_us2,hybrid-dataflow,64,13,1,2,16,2,hermes-xor,inplace,11.418665,87.575912,1
dataflow_search_w64_n13_b1_us4,hybrid-dataflow,64,13,1,4,16,2,hermes-xor,inplace,3.757711,266.119425,1
tile256_w64_n13_b1,tile256,64,13,1,0,0,0,hermes-xor,inplace,0.018330,54556.564626,1
dataflow_default_w64_n13_b16,hybrid-dataflow,64,13,16,8,16,2,hermes-xor,inplace,0.339292,47157.001798,1
dataflow_search_w64_n13_b16_us2,hybrid-dataflow,64,13,16,2,16,2,hermes-xor,inplace,11.418788,1401.199502,1
dataflow_search_w64_n13_b16_us4,hybrid-dataflow,64,13,16,4,16,2,hermes-xor,inplace,3.754271,4261.813253,1
tile256_w64_n13_b16,tile256,64,13,16,0,0,0,hermes-xor,inplace,0.030700,521180.796689,1
dataflow_default_w64_n13_b256,hybrid-dataflow,64,13,256,8,16,2,hermes-xor,inplace,1.459077,175453.371533,1
dataflow_search_w64_n13_b256_us2,hybrid-dataflow,64,13,256,2,16,2,hermes-xor,inplace,45.945263,5571.847538,1
dataflow_search_w64_n13_b256_us4,hybrid-dataflow,64,13,256,4,16,2,hermes-xor,inplace,15.230403,16808.485035,1
tile256_w64_n13_b256,tile256,64,13,256,0,0,0,hermes-xor,inplace,0.358687,713714.751716,1
