rank,operator,precision,direction,normalization,placement,logN,N,batch,element_stride,batch_stride,backend,compute_unit,stage_space,tile_threads,warp_stages,pipeline_warps,stage_handoff,trials,median_kernel_ms,min_kernel_ms,max_kernel_ms,median_Gbutterfly_s,slowdown_vs_best
1,fft,fp32,forward,inverse,out-of-place,10,1024,4096,1,1024,cufft,auto,0,0,0,0,named-barrier,1,0.086036,0.086036,0.086036,243.751485,1.000000
2,fft,fp32,forward,inverse,out-of-place,10,1024,4096,1,1024,temporal-tile,radix4,0,256,0,0,named-barrier,1,0.111718,0.111718,0.111718,187.717701,1.298503
3,fft,fp32,forward,inverse,out-of-place,10,1024,4096,1,1024,temporal-tile,radix2,0,256,0,0,named-barrier,1,0.132731,0.132731,0.132731,158.000301,1.542738
4,fft,fp32,forward,inverse,out-of-place,10,1024,4096,1,1024,temporal-tile,radix4,0,128,0,0,named-barrier,1,0.152392,0.152392,0.152392,137.615905,1.771259
5,fft,fp32,forward,inverse,out-of-place,10,1024,4096,1,1024,temporal-tile,radix2,0,128,0,0,named-barrier,1,0.162611,0.162611,0.162611,128.967253,1.890034
6,fft,fp32,forward,inverse,out-of-place,10,1024,4096,1,1024,temporal-tile,radix4,0,64,0,0,named-barrier,1,0.217170,0.217170,0.217170,96.567337,2.524176
7,fft,fp32,forward,inverse,out-of-place,10,1024,4096,1,1024,temporal-tile,radix2,0,64,0,0,named-barrier,1,0.244163,0.244163,0.244163,85.891629,2.837917
8,fft,fp32,forward,inverse,out-of-place,10,1024,4096,1,1024,temporal-tile,radix4,0,32,0,0,named-barrier,1,0.370135,0.370135,0.370135,56.659105,4.302094
9,fft,fp32,forward,inverse,out-of-place,10,1024,4096,1,1024,temporal-tile,radix2,0,32,0,0,named-barrier,1,0.444027,0.444027,0.444027,47.230296,5.160944
1,fft,fp32,forward,inverse,out-of-place,4,16,262144,1,16,cufft,auto,0,0,0,0,named-barrier,1,0.084623,0.084623,0.084623,99.128752,1.000000
2,fft,fp32,forward,inverse,out-of-place,4,16,262144,1,16,temporal-tile,radix4,0,32,0,0,named-barrier,1,0.428831,0.428831,0.428831,19.561584,5.067547
3,fft,fp32,forward,inverse,out-of-place,4,16,262144,1,16,temporal-tile,radix4,0,64,0,0,named-barrier,1,0.429036,0.429036,0.429036,19.552245,5.069969
4,fft,fp32,forward,inverse,out-of-place,4,16,262144,1,16,temporal-tile,radix4,0,128,0,0,named-barrier,1,0.429117,0.429117,0.429117,19.548513,5.070926
5,fft,fp32,forward,inverse,out-of-place,4,16,262144,1,16,temporal-tile,radix2,0,64,0,0,named-barrier,1,0.429240,0.429240,0.429240,19.542917,5.072380
6,fft,fp32,forward,inverse,out-of-place,4,16,262144,1,16,temporal-tile,radix2,0,32,0,0,named-barrier,1,0.429302,0.429302,0.429302,19.540120,5.073113
7,fft,fp32,forward,inverse,out-of-place,4,16,262144,1,16,temporal-tile,radix2,0,128,0,0,named-barrier,1,0.429486,0.429486,0.429486,19.531734,5.075287
8,fft,fp32,forward,inverse,out-of-place,4,16,262144,1,16,temporal-tile,radix4,0,256,0,0,named-barrier,1,0.509174,0.509174,0.509174,16.474942,6.016969
9,fft,fp32,forward,inverse,out-of-place,4,16,262144,1,16,temporal-tile,radix2,0,256,0,0,named-barrier,1,0.581693,0.581693,0.581693,14.421011,6.873935
1,fft,fp32,forward,inverse,out-of-place,8,256,16384,1,256,cufft,auto,0,0,0,0,named-barrier,1,0.084132,0.084132,0.084132,199.415764,1.000000
2,fft,fp32,forward,inverse,out-of-place,8,256,16384,1,256,temporal-tile,radix4,0,128,0,0,named-barrier,1,0.110367,0.110367,0.110367,152.013365,1.311831
3,fft,fp32,forward,inverse,out-of-place,8,256,16384,1,256,temporal-tile,radix4,0,64,0,0,named-barrier,1,0.111964,0.111964,0.111964,149.844523,1.330813
4,fft,fp32,forward,inverse,out-of-place,8,256,16384,1,256,temporal-tile,radix4,0,256,0,0,named-barrier,1,0.112210,0.112210,0.112210,149.516330,1.333737
5,fft,fp32,forward,inverse,out-of-place,8,256,16384,1,256,warp-hybrid,radix2,0,0,5,0,named-barrier,1,0.117166,0.117166,0.117166,143.191750,1.392645
6,fft,fp32,forward,inverse,out-of-place,8,256,16384,1,256,warp-hybrid,radix2,0,0,4,0,named-barrier,1,0.118968,0.118968,0.118968,141.022548,1.414064
7,fft,fp32,forward,inverse,out-of-place,8,256,16384,1,256,warp-hybrid,radix2,0,0,3,0,named-barrier,1,0.126444,0.126444,0.126444,132.685455,1.502924
8,fft,fp32,forward,inverse,out-of-place,8,256,16384,1,256,temporal-tile,radix2,0,128,0,0,named-barrier,1,0.130212,0.130212,0.130212,128.845544,1.547711
9,fft,fp32,forward,inverse,out-of-place,8,256,16384,1,256,temporal-tile,radix2,0,64,0,0,named-barrier,1,0.130478,0.130478,0.130478,128.582636,1.550872
10,fft,fp32,forward,inverse,out-of-place,8,256,16384,1,256,warp-hybrid,radix2,0,0,2,0,named-barrier,1,0.132219,0.132219,0.132219,126.889713,1.571566
11,fft,fp32,forward,inverse,out-of-place,8,256,16384,1,256,temporal-tile,radix2,0,256,0,0,named-barrier,1,0.132239,0.132239,0.132239,126.870067,1.571804
12,fft,fp32,forward,inverse,out-of-place,8,256,16384,1,256,warp-hybrid,radix2,0,0,1,0,named-barrier,1,0.138711,0.138711,0.138711,120.950838,1.648731
13,fft,fp32,forward,inverse,out-of-place,8,256,16384,1,256,temporal-tile,radix2,0,32,0,0,named-barrier,1,0.140145,0.140145,0.140145,119.713571,1.665775
14,fft,fp32,forward,inverse,out-of-place,8,256,16384,1,256,warp-hybrid,radix2,0,0,0,0,named-barrier,1,0.146452,0.146452,0.146452,114.557399,1.740741
15,fft,fp32,forward,inverse,out-of-place,8,256,16384,1,256,temporal-tile,radix4,0,32,0,0,named-barrier,1,0.159150,0.159150,0.159150,105.417579,1.891670
16,fft,fp32,forward,inverse,out-of-place,8,256,16384,1,256,stage-pipeline,radix2,4,0,0,4,named-barrier,1,0.350884,0.350884,0.350884,47.814160,4.170637
17,fft,fp32,forward,inverse,out-of-place,8,256,16384,1,256,stage-pipeline,radix2,4,0,0,8,named-barrier,1,0.369930,0.369930,0.369930,45.352378,4.397019
18,fft,fp32,forward,inverse,out-of-place,8,256,16384,1,256,stage-pipeline,radix2,8,0,0,8,named-barrier,1,0.389632,0.389632,0.389632,43.059134,4.631199
19,fft,fp32,forward,inverse,out-of-place,8,256,16384,1,256,stage-pipeline,radix2,2,0,0,4,named-barrier,1,0.416829,0.416829,0.416829,40.249592,4.954464
20,fft,fp32,forward,inverse,out-of-place,8,256,16384,1,256,stage-pipeline,radix2,2,0,0,8,named-barrier,1,0.423199,0.423199,0.423199,39.643824,5.030179
21,fft,fp32,forward,inverse,out-of-place,8,256,16384,1,256,stage-pipeline,radix2,1,0,0,8,named-barrier,1,0.746496,0.746496,0.746496,22.474624,8.872914
22,fft,fp32,forward,inverse,out-of-place,8,256,16384,1,256,stage-pipeline,radix2,1,0,0,4,named-barrier,1,0.751473,0.751473,0.751473,22.325784,8.932071
1,fft,fp32,inverse,inverse,out-of-place,10,1024,4096,1,1024,temporal-tile,radix4,0,256,0,0,named-barrier,1,0.111739,0.111739,0.111739,187.683279,1.000000
2,fft,fp32,inverse,inverse,out-of-place,10,1024,4096,1,1024,temporal-tile,radix2,0,256,0,0,named-barrier,1,0.132731,0.132731,0.132731,158.000301,1.187866
3,fft,fp32,inverse,inverse,out-of-place,10,1024,4096,1,1024,temporal-tile,radix4,0,128,0,0,named-barrier,1,0.152596,0.152596,0.152596,137.431210,1.365647
4,fft,fp32,inverse,inverse,out-of-place,10,1024,4096,1,1024,temporal-tile,radix2,0,128,0,0,named-barrier,1,0.162836,0.162836,0.162836,128.788834,1.457289
5,fft,fp32,inverse,inverse,out-of-place,10,1024,4096,1,1024,cufft,auto,0,0,0,0,named-barrier,1,0.170578,0.170578,0.170578,122.943925,1.526575
6,fft,fp32,inverse,inverse,out-of-place,10,1024,4096,1,1024,temporal-tile,radix4,0,64,0,0,named-barrier,1,0.216822,0.216822,0.216822,96.722395,1.940433
7,fft,fp32,inverse,inverse,out-of-place,10,1024,4096,1,1024,temporal-tile,radix2,0,64,0,0,named-barrier,1,0.243261,0.243261,0.243261,86.209804,2.177047
8,fft,fp32,inverse,inverse,out-of-place,10,1024,4096,1,1024,temporal-tile,radix4,0,32,0,0,named-barrier,1,0.371630,0.371630,0.371630,56.431166,3.325875
9,fft,fp32,inverse,inverse,out-of-place,10,1024,4096,1,1024,temporal-tile,radix2,0,32,0,0,named-barrier,1,0.442982,0.442982,0.442982,47.341655,3.964435
1,fft,fp32,inverse,inverse,out-of-place,4,16,262144,1,16,cufft,auto,0,0,0,0,named-barrier,1,0.169349,0.169349,0.169349,49.534406,1.000000
2,fft,fp32,inverse,inverse,out-of-place,4,16,262144,1,16,temporal-tile,radix4,0,128,0,0,named-barrier,1,0.428831,0.428831,0.428831,19.561584,2.532232
3,fft,fp32,inverse,inverse,out-of-place,4,16,262144,1,16,temporal-tile,radix4,0,64,0,0,named-barrier,1,0.428872,0.428872,0.428872,19.559715,2.532474
4,fft,fp32,inverse,inverse,out-of-place,4,16,262144,1,16,temporal-tile,radix4,0,32,0,0,named-barrier,1,0.429015,0.429015,0.429015,19.553179,2.533319
5,fft,fp32,inverse,inverse,out-of-place,4,16,262144,1,16,temporal-tile,radix2,0,32,0,0,named-barrier,1,0.429466,0.429466,0.429466,19.532666,2.535982
6,fft,fp32,inverse,inverse,out-of-place,4,16,262144,1,16,temporal-tile,radix2,0,64,0,0,named-barrier,1,0.429466,0.429466,0.429466,19.532666,2.535982
7,fft,fp32,inverse,inverse,out-of-place,4,16,262144,1,16,temporal-tile,radix2,0,128,0,0,named-barrier,1,0.429507,0.429507,0.429507,19.530803,2.536224
8,fft,fp32,inverse,inverse,out-of-place,4,16,262144,1,16,temporal-tile,radix4,0,256,0,0,named-barrier,1,0.510423,0.510423,0.510423,16.434618,3.014030
9,fft,fp32,inverse,inverse,out-of-place,4,16,262144,1,16,temporal-tile,radix2,0,256,0,0,named-barrier,1,0.582636,0.582636,0.582636,14.397694,3.440445
1,fft,fp32,inverse,inverse,out-of-place,8,256,16384,1,256,temporal-tile,radix4,0,128,0,0,named-barrier,1,0.110346,0.110346,0.110346,152.041570,1.000000
2,fft,fp32,inverse,inverse,out-of-place,8,256,16384,1,256,temporal-tile,radix4,0,64,0,0,named-barrier,1,0.111903,0.111903,0.111903,149.926792,1.014110
3,fft,fp32,inverse,inverse,out-of-place,8,256,16384,1,256,temporal-tile,radix4,0,256,0,0,named-barrier,1,0.112312,0.112312,0.112312,149.380019,1.017817
4,fft,fp32,inverse,inverse,out-of-place,8,256,16384,1,256,warp-hybrid,radix2,0,0,5,0,named-barrier,1,0.117023,0.117023,0.117023,143.367165,1.060510
5,fft,fp32,inverse,inverse,out-of-place,8,256,16384,1,256,warp-hybrid,radix2,0,0,4,0,named-barrier,1,0.118866,0.118866,0.118866,141.144036,1.077212
6,fft,fp32,inverse,inverse,out-of-place,8,256,16384,1,256,warp-hybrid,radix2,0,0,3,0,named-barrier,1,0.126525,0.126525,0.126525,132.599540,1.146621
7,fft,fp32,inverse,inverse,out-of-place,8,256,16384,1,256,temporal-tile,radix2,0,128,0,0,named-barrier,1,0.130273,0.130273,0.130273,128.784780,1.180587
8,fft,fp32,inverse,inverse,out-of-place,8,256,16384,1,256,temporal-tile,radix2,0,64,0,0,named-barrier,1,0.130376,0.130376,0.130376,128.683629,1.181520
9,fft,fp32,inverse,inverse,out-of-place,8,256,16384,1,256,warp-hybrid,radix2,0,0,2,0,named-barrier,1,0.132260,0.132260,0.132260,126.850427,1.198594
10,fft,fp32,inverse,inverse,out-of-place,8,256,16384,1,256,temporal-tile,radix2,0,256,0,0,named-barrier,1,0.132403,0.132403,0.132403,126.713075,1.199889
11,fft,fp32,inverse,inverse,out-of-place,8,256,16384,1,256,warp-hybrid,radix2,0,0,1,0,named-barrier,1,0.138772,0.138772,0.138772,120.897291,1.257608
12,fft,fp32,inverse,inverse,out-of-place,8,256,16384,1,256,temporal-tile,radix2,0,32,0,0,named-barrier,1,0.139981,0.139981,0.139981,119.853687,1.268564
13,fft,fp32,inverse,inverse,out-of-place,8,256,16384,1,256,warp-hybrid,radix2,0,0,0,0,named-barrier,1,0.146350,0.146350,0.146350,114.637555,1.326283
14,fft,fp32,inverse,inverse,out-of-place,8,256,16384,1,256,temporal-tile,radix4,0,32,0,0,named-barrier,1,0.157614,0.157614,0.157614,106.444905,1.428362
15,fft,fp32,inverse,inverse,out-of-place,8,256,16384,1,256,cufft,auto,0,0,0,0,named-barrier,1,0.168530,0.168530,0.168530,99.550375,1.527287
16,fft,fp32,inverse,inverse,out-of-place,8,256,16384,1,256,stage-pipeline,radix2,4,0,0,4,named-barrier,1,0.332452,0.332452,0.332452,50.465100,3.012814
17,fft,fp32,inverse,inverse,out-of-place,8,256,16384,1,256,stage-pipeline,radix2,4,0,0,8,named-barrier,1,0.348590,0.348590,0.348590,48.128783,3.159063
18,fft,fp32,inverse,inverse,out-of-place,8,256,16384,1,256,stage-pipeline,radix2,8,0,0,8,named-barrier,1,0.373699,0.373699,0.373699,44.895047,3.386611
19,fft,fp32,inverse,inverse,out-of-place,8,256,16384,1,256,stage-pipeline,radix2,2,0,0,4,named-barrier,1,0.407654,0.407654,0.407654,41.155488,3.694325
20,fft,fp32,inverse,inverse,out-of-place,8,256,16384,1,256,stage-pipeline,radix2,2,0,0,8,named-barrier,1,0.412652,0.412652,0.412652,40.657106,3.739619
21,fft,fp32,inverse,inverse,out-of-place,8,256,16384,1,256,stage-pipeline,radix2,1,0,0,8,named-barrier,1,0.744919,0.744919,0.744919,22.522200,6.750757
22,fft,fp32,inverse,inverse,out-of-place,8,256,16384,1,256,stage-pipeline,radix2,1,0,0,4,named-barrier,1,0.752251,0.752251,0.752251,22.302686,6.817202
1,fft,fp64,forward,inverse,out-of-place,10,1024,4096,1,1024,cufft,auto,0,0,0,0,named-barrier,1,0.168694,0.168694,0.168694,124.317112,1.000000
2,fft,fp64,forward,inverse,out-of-place,10,1024,4096,1,1024,temporal-tile,radix4,0,256,0,0,named-barrier,1,0.211046,0.211046,0.211046,99.369239,1.251058
3,fft,fp64,forward,inverse,out-of-place,10,1024,4096,1,1024,temporal-tile,radix2,0,256,0,0,named-barrier,1,0.237609,0.237609,0.237609,88.260641,1.408521
4,fft,fp64,forward,inverse,out-of-place,10,1024,4096,1,1024,temporal-tile,radix4,0,128,0,0,named-barrier,1,0.274166,0.274166,0.274166,76.492122,1.625227
5,fft,fp64,forward,inverse,out-of-place,10,1024,4096,1,1024,temporal-tile,radix2,0,128,0,0,named-barrier,1,0.285000,0.285000,0.285000,73.584366,1.689450
6,fft,fp64,forward,inverse,out-of-place,10,1024,4096,1,1024,temporal-tile,radix4,0,64,0,0,named-barrier,1,0.461763,0.461763,0.461763,45.416243,2.737282
7,fft,fp64,forward,inverse,out-of-place,10,1024,4096,1,1024,temporal-tile,radix4,0,32,0,0,named-barrier,1,0.505364,0.505364,0.505364,41.497812,2.995744
8,fft,fp64,forward,inverse,out-of-place,10,1024,4096,1,1024,temporal-tile,radix2,0,64,0,0,named-barrier,1,0.535962,0.535962,0.535962,39.128771,3.177125
9,fft,fp64,forward,inverse,out-of-place,10,1024,4096,1,1024,temporal-tile,radix2,0,32,0,0,named-barrier,1,0.606188,0.606188,0.606188,34.595763,3.593418
1,fft,fp64,forward,inverse,out-of-place,4,16,262144,1,16,cufft,auto,0,0,0,0,named-barrier,1,0.166400,0.166400,0.166400,50.412308,1.000000
2,fft,fp64,forward,inverse,out-of-place,4,16,262144,1,16,temporal-tile,radix4,0,32,0,0,named-barrier,1,0.373740,0.373740,0.373740,22.445066,2.246034
3,fft,fp64,forward,inverse,out-of-place,4,16,262144,1,16,temporal-tile,radix4,0,64,0,0,named-barrier,1,0.373862,0.373862,0.373862,22.437689,2.246767
4,fft,fp64,forward,inverse,out-of-place,4,16,262144,1,16,temporal-tile,radix2,0,32,0,0,named-barrier,1,0.404029,0.404029,0.404029,20.762369,2.428059
5,fft,fp64,forward,inverse,out-of-place,4,16,262144,1,16,temporal-tile,radix2,0,128,0,0,named-barrier,1,0.404050,0.404050,0.404050,20.761317,2.428185
6,fft,fp64,forward,inverse,out-of-place,4,16,262144,1,16,temporal-tile,radix2,0,64,0,0,named-barrier,1,0.404296,0.404296,0.404296,20.748695,2.429663
7,fft,fp64,forward,inverse,out-of-place,4,16,262144,1,16,temporal-tile,radix4,0,128,0,0,named-barrier,1,0.419922,0.419922,0.419922,19.976591,2.523570
8,fft,fp64,forward,inverse,out-of-place,4,16,262144,1,16,temporal-tile,radix2,0,256,0,0,named-barrier,1,0.594371,0.594371,0.594371,14.113430,3.571941
9,fft,fp64,forward,inverse,out-of-place,4,16,262144,1,16,temporal-tile,radix4,0,256,0,0,named-barrier,1,0.762737,0.762737,0.762737,10.998039,4.583756
1,fft,fp64,forward,inverse,out-of-place,8,256,16384,1,256,cufft,auto,0,0,0,0,named-barrier,1,0.166154,0.166154,0.166154,100.973749,1.000000
2,fft,fp64,forward,inverse,out-of-place,8,256,16384,1,256,warp-hybrid,radix2,0,0,5,0,named-barrier,1,0.173363,0.173363,0.173363,96.774951,1.043387
3,fft,fp64,forward,inverse,out-of-place,8,256,16384,1,256,warp-hybrid,radix2,0,0,4,0,named-barrier,1,0.173445,0.173445,0.173445,96.729239,1.043881
4,fft,fp64,forward,inverse,out-of-place,8,256,16384,1,256,warp-hybrid,radix2,0,0,3,0,named-barrier,1,0.174428,0.174428,0.174428,96.184100,1.049797
5,fft,fp64,forward,inverse,out-of-place,8,256,16384,1,256,temporal-tile,radix4,0,256,0,0,named-barrier,1,0.175821,0.175821,0.175821,95.422241,1.058181
6,fft,fp64,forward,inverse,out-of-place,8,256,16384,1,256,temporal-tile,radix4,0,128,0,0,named-barrier,1,0.176292,0.176292,0.176292,95.167279,1.061016
7,fft,fp64,forward,inverse,out-of-place,8,256,16384,1,256,warp-hybrid,radix2,0,0,2,0,named-barrier,1,0.176456,0.176456,0.176456,95.078917,1.062003
8,fft,fp64,forward,inverse,out-of-place,8,256,16384,1,256,warp-hybrid,radix2,0,0,1,0,named-barrier,1,0.183542,0.183542,0.183542,91.408168,1.104650
9,fft,fp64,forward,inverse,out-of-place,8,256,16384,1,256,temporal-tile,radix2,0,256,0,0,named-barrier,1,0.185446,0.185446,0.185446,90.469356,1.116109
10,fft,fp64,forward,inverse,out-of-place,8,256,16384,1,256,temporal-tile,radix2,0,128,0,0,named-barrier,1,0.185856,0.185856,0.185856,90.269973,1.118577
11,fft,fp64,forward,inverse,out-of-place,8,256,16384,1,256,warp-hybrid,radix2,0,0,0,0,named-barrier,1,0.194437,0.194437,0.194437,86.286077,1.170222
12,fft,fp64,forward,inverse,out-of-place,8,256,16384,1,256,temporal-tile,radix2,0,64,0,0,named-barrier,1,0.220979,0.220979,0.220979,75.922151,1.329965
13,fft,fp64,forward,inverse,out-of-place,8,256,16384,1,256,temporal-tile,radix4,0,64,0,0,named-barrier,1,0.245719,0.245719,0.245719,68.278049,1.478863
14,fft,fp64,forward,inverse,out-of-place,8,256,16384,1,256,temporal-tile,radix2,0,32,0,0,named-barrier,1,0.271360,0.271360,0.271360,61.826413,1.633184
15,fft,fp64,forward,inverse,out-of-place,8,256,16384,1,256,temporal-tile,radix4,0,32,0,0,named-barrier,1,0.304476,0.304476,0.304476,55.101901,1.832493
1,fft,fp64,inverse,inverse,out-of-place,10,1024,4096,1,1024,temporal-tile,radix4,0,256,0,0,named-barrier,1,0.210760,0.210760,0.210760,99.504419,1.000000
2,fft,fp64,inverse,inverse,out-of-place,10,1024,4096,1,1024,temporal-tile,radix2,0,256,0,0,named-barrier,1,0.237343,0.237343,0.237343,88.359653,1.126129
3,fft,fp64,inverse,inverse,out-of-place,10,1024,4096,1,1024,temporal-tile,radix4,0,128,0,0,named-barrier,1,0.274289,0.274289,0.274289,76.457855,1.301428
4,fft,fp64,inverse,inverse,out-of-place,10,1024,4096,1,1024,temporal-tile,radix2,0,128,0,0,named-barrier,1,0.285102,0.285102,0.285102,73.557937,1.352733
5,fft,fp64,inverse,inverse,out-of-place,10,1024,4096,1,1024,cufft,auto,0,0,0,0,named-barrier,1,0.331612,0.331612,0.331612,63.241105,1.573411
6,fft,fp64,inverse,inverse,out-of-place,10,1024,4096,1,1024,temporal-tile,radix4,0,64,0,0,named-barrier,1,0.462377,0.462377,0.462377,45.355891,2.193856
7,fft,fp64,inverse,inverse,out-of-place,10,1024,4096,1,1024,temporal-tile,radix4,0,32,0,0,named-barrier,1,0.504566,0.504566,0.504566,41.563501,2.394031
8,fft,fp64,inverse,inverse,out-of-place,10,1024,4096,1,1024,temporal-tile,radix2,0,64,0,0,named-barrier,1,0.534938,0.534938,0.534938,39.203674,2.538138
9,fft,fp64,inverse,inverse,out-of-place,10,1024,4096,1,1024,temporal-tile,radix2,0,32,0,0,named-barrier,1,0.604652,0.604652,0.604652,34.683648,2.868913
1,fft,fp64,inverse,inverse,out-of-place,4,16,262144,1,16,cufft,auto,0,0,0,0,named-barrier,1,0.329687,0.329687,0.329687,25.444155,1.000000
2,fft,fp64,inverse,inverse,out-of-place,4,16,262144,1,16,temporal-tile,radix4,0,32,0,0,named-barrier,1,0.373760,0.373760,0.373760,22.443837,1.133681
3,fft,fp64,inverse,inverse,out-of-place,4,16,262144,1,16,temporal-tile,radix4,0,64,0,0,named-barrier,1,0.373842,0.373842,0.373842,22.438916,1.133930
4,fft,fp64,inverse,inverse,out-of-place,4,16,262144,1,16,temporal-tile,radix2,0,32,0,0,named-barrier,1,0.374211,0.374211,0.374211,22.416814,1.135049
5,fft,fp64,inverse,inverse,out-of-place,4,16,262144,1,16,temporal-tile,radix2,0,128,0,0,named-barrier,1,0.374231,0.374231,0.374231,22.415586,1.135110
6,fft,fp64,inverse,inverse,out-of-place,4,16,262144,1,16,temporal-tile,radix2,0,64,0,0,named-barrier,1,0.374477,0.374477,0.374477,22.400874,1.135856
7,fft,fp64,inverse,inverse,out-of-place,4,16,262144,1,16,temporal-tile,radix4,0,128,0,0,named-barrier,1,0.420270,0.420270,0.420270,19.960041,1.274755
8,fft,fp64,inverse,inverse,out-of-place,4,16,262144,1,16,temporal-tile,radix2,0,256,0,0,named-barrier,1,0.558551,0.558551,0.558551,15.018517,1.694186
9,fft,fp64,inverse,inverse,out-of-place,4,16,262144,1,16,temporal-tile,radix4,0,256,0,0,named-barrier,1,0.764641,0.764641,0.764641,10.970645,2.319294
1,fft,fp64,inverse,inverse,out-of-place,8,256,16384,1,256,warp-hybrid,radix2,0,0,5,0,named-barrier,1,0.173281,0.173281,0.173281,96.820706,1.000000
2,fft,fp64,inverse,inverse,out-of-place,8,256,16384,1,256,warp-hybrid,radix2,0,0,4,0,named-barrier,1,0.173548,0.173548,0.173548,96.672173,1.001541
3,fft,fp64,inverse,inverse,out-of-place,8,256,16384,1,256,warp-hybrid,radix2,0,0,3,0,named-barrier,1,0.174510,0.174510,0.174510,96.138953,1.007093
4,fft,fp64,inverse,inverse,out-of-place,8,256,16384,1,256,temporal-tile,radix4,0,256,0,0,named-barrier,1,0.175780,0.175780,0.175780,95.444486,1.014422
5,fft,fp64,inverse,inverse,out-of-place,8,256,16384,1,256,temporal-tile,radix4,0,128,0,0,named-barrier,1,0.176026,0.176026,0.176026,95.311228,1.015841
6,fft,fp64,inverse,inverse,out-of-place,8,256,16384,1,256,warp-hybrid,radix2,0,0,2,0,named-barrier,1,0.176538,0.176538,0.176538,95.034801,1.018796
7,fft,fp64,inverse,inverse,out-of-place,8,256,16384,1,256,warp-hybrid,radix2,0,0,1,0,named-barrier,1,0.183542,0.183542,0.183542,91.408168,1.059216
8,fft,fp64,inverse,inverse,out-of-place,8,256,16384,1,256,temporal-tile,radix2,0,256,0,0,named-barrier,1,0.185364,0.185364,0.185364,90.509341,1.069731
9,fft,fp64,inverse,inverse,out-of-place,8,256,16384,1,256,temporal-tile,radix2,0,128,0,0,named-barrier,1,0.185876,0.185876,0.185876,90.260022,1.072685
10,fft,fp64,inverse,inverse,out-of-place,8,256,16384,1,256,warp-hybrid,radix2,0,0,0,0,named-barrier,1,0.194499,0.194499,0.194499,86.258821,1.122449
11,fft,fp64,inverse,inverse,out-of-place,8,256,16384,1,256,temporal-tile,radix2,0,64,0,0,named-barrier,1,0.220918,0.220918,0.220918,75.943265,1.274912
12,fft,fp64,inverse,inverse,out-of-place,8,256,16384,1,256,temporal-tile,radix4,0,64,0,0,named-barrier,1,0.246968,0.246968,0.246968,67.932662,1.425246
13,fft,fp64,inverse,inverse,out-of-place,8,256,16384,1,256,temporal-tile,radix2,0,32,0,0,named-barrier,1,0.270561,0.270561,0.270561,62.008932,1.561400
14,fft,fp64,inverse,inverse,out-of-place,8,256,16384,1,256,temporal-tile,radix4,0,32,0,0,named-barrier,1,0.303903,0.303903,0.303903,55.205877,1.753816
15,fft,fp64,inverse,inverse,out-of-place,8,256,16384,1,256,cufft,auto,0,0,0,0,named-barrier,1,0.329585,0.329585,0.329585,50.904117,1.902026
1,fwht,fp32,forward,inverse,out-of-place,10,1024,4096,1,1024,temporal-tile,radix4,0,256,0,0,named-barrier,1,0.056832,0.056832,0.056832,369.009005,1.000000
2,fwht,fp32,forward,inverse,out-of-place,10,1024,4096,1,1024,temporal-tile,radix4,0,128,0,0,named-barrier,1,0.056975,0.056975,0.056975,368.080511,1.002516
3,fwht,fp32,forward,inverse,out-of-place,10,1024,4096,1,1024,temporal-tile,radix2,0,256,0,0,named-barrier,1,0.061460,0.061460,0.061460,341.219593,1.081433
4,fwht,fp32,forward,inverse,out-of-place,10,1024,4096,1,1024,temporal-tile,radix4,0,64,0,0,named-barrier,1,0.062116,0.062116,0.062116,337.619515,1.092976
5,fwht,fp32,forward,inverse,out-of-place,10,1024,4096,1,1024,temporal-tile,radix2,0,128,0,0,named-barrier,1,0.065290,0.065290,0.065290,321.204505,1.148825
6,fwht,fp32,forward,inverse,out-of-place,10,1024,4096,1,1024,temporal-tile,radix2,0,64,0,0,named-barrier,1,0.072704,0.072704,0.072704,288.450695,1.279279
7,fwht,fp32,forward,inverse,out-of-place,10,1024,4096,1,1024,temporal-tile,radix4,0,32,0,0,named-barrier,1,0.085053,0.085053,0.085053,246.568734,1.496569
8,fwht,fp32,forward,inverse,out-of-place,10,1024,4096,1,1024,temporal-tile,radix2,0,32,0,0,named-barrier,1,0.104305,0.104305,0.104305,201.060276,1.835322
1,fwht,fp32,forward,inverse,out-of-place,4,16,262144,1,16,temporal-tile,radix4,0,32,0,0,named-barrier,1,0.426721,0.426721,0.426721,19.658284,1.000000
2,fwht,fp32,forward,inverse,out-of-place,4,16,262144,1,16,temporal-tile,radix4,0,64,0,0,named-barrier,1,0.426721,0.426721,0.426721,19.658284,1.000000
3,fwht,fp32,forward,inverse,out-of-place,4,16,262144,1,16,temporal-tile,radix4,0,128,0,0,named-barrier,1,0.426803,0.426803,0.426803,19.654510,1.000192
4,fwht,fp32,forward,inverse,out-of-place,4,16,262144,1,16,temporal-tile,radix2,0,32,0,0,named-barrier,1,0.426967,0.426967,0.426967,19.646968,1.000576
5,fwht,fp32,forward,inverse,out-of-place,4,16,262144,1,16,temporal-tile,radix2,0,64,0,0,named-barrier,1,0.427028,0.427028,0.427028,19.644142,1.000719
6,fwht,fp32,forward,inverse,out-of-place,4,16,262144,1,16,temporal-tile,radix2,0,128,0,0,named-barrier,1,0.427090,0.427090,0.427090,19.641315,1.000865
7,fwht,fp32,forward,inverse,out-of-place,4,16,262144,1,16,temporal-tile,radix4,0,256,0,0,named-barrier,1,0.434196,0.434196,0.434196,19.319844,1.017517
8,fwht,fp32,forward,inverse,out-of-place,4,16,262144,1,16,temporal-tile,radix2,0,256,0,0,named-barrier,1,0.512512,0.512512,0.512512,16.367631,1.201047
1,fwht,fp32,forward,inverse,out-of-place,8,256,16384,1,256,temporal-tile,radix4,0,128,0,0,named-barrier,1,0.051220,0.051220,0.051220,327.548978,1.000000
2,fwht,fp32,forward,inverse,out-of-place,8,256,16384,1,256,temporal-tile,radix4,0,256,0,0,named-barrier,1,0.052060,0.052060,0.052060,322.265927,1.016400
3,fwht,fp32,forward,inverse,out-of-place,8,256,16384,1,256,temporal-tile,radix4,0,64,0,0,named-barrier,1,0.052470,0.052470,0.052470,319.750194,1.024405
4,fwht,fp32,forward,inverse,out-of-place,8,256,16384,1,256,warp-hybrid,radix2,0,0,5,0,named-barrier,1,0.054600,0.054600,0.054600,307.276819,1.065990
5,fwht,fp32,forward,inverse,out-of-place,8,256,16384,1,256,temporal-tile,radix2,0,128,0,0,named-barrier,1,0.055869,0.055869,0.055869,300.293247,1.090765
6,fwht,fp32,forward,inverse,out-of-place,8,256,16384,1,256,warp-hybrid,radix2,0,0,4,0,named-barrier,1,0.056443,0.056443,0.056443,297.242385,1.101972
7,fwht,fp32,forward,inverse,out-of-place,8,256,16384,1,256,temporal-tile,radix2,0,64,0,0,named-barrier,1,0.058757,0.058757,0.058757,285.535035,1.147150
8,fwht,fp32,forward,inverse,out-of-place,8,256,16384,1,256,warp-hybrid,radix2,0,0,3,0,named-barrier,1,0.061092,0.061092,0.061092,274.622878,1.192737
9,fwht,fp32,forward,inverse,out-of-place,8,256,16384,1,256,temporal-tile,radix4,0,32,0,0,named-barrier,1,0.061932,0.061932,0.061932,270.899468,1.209137
10,fwht,fp32,forward,inverse,out-of-place,8,256,16384,1,256,temporal-tile,radix2,0,256,0,0,named-barrier,1,0.063427,0.063427,0.063427,264.514039,1.238325
11,fwht,fp32,forward,inverse,out-of-place,8,256,16384,1,256,warp-hybrid,radix2,0,0,2,0,named-barrier,1,0.063570,0.063570,0.063570,263.917533,1.241117
12,fwht,fp32,forward,inverse,out-of-place,8,256,16384,1,256,warp-hybrid,radix2,0,0,1,0,named-barrier,1,0.066580,0.066580,0.066580,251.983998,1.299883
13,fwht,fp32,forward,inverse,out-of-place,8,256,16384,1,256,warp-hybrid,radix2,0,0,0,0,named-barrier,1,0.069345,0.069345,0.069345,241.937387,1.353866
14,fwht,fp32,forward,inverse,out-of-place,8,256,16384,1,256,temporal-tile,radix2,0,32,0,0,named-barrier,1,0.072561,0.072561,0.072561,231.216489,1.416654
15,fwht,fp32,forward,inverse,out-of-place,8,256,16384,1,256,stage-pipeline,radix2,4,0,0,8,named-barrier,1,0.190095,0.190095,0.190095,88.256839,3.711343
16,fwht,fp32,forward,inverse,out-of-place,8,256,16384,1,256,stage-pipeline,radix2,8,0,0,8,named-barrier,1,0.200622,0.200622,0.200622,83.625969,3.916868
17,fwht,fp32,forward,inverse,out-of-place,8,256,16384,1,256,stage-pipeline,radix2,2,0,0,8,named-barrier,1,0.226263,0.226263,0.226263,74.149165,4.417474
18,fwht,fp32,forward,inverse,out-of-place,8,256,16384,1,256,stage-pipeline,radix2,4,0,0,4,named-barrier,1,0.306729,0.306729,0.306729,54.697203,5.988462
19,fwht,fp32,forward,inverse,out-of-place,8,256,16384,1,256,stage-pipeline,radix2,2,0,0,4,named-barrier,1,0.321126,0.321126,0.321126,52.244898,6.269543
20,fwht,fp32,forward,inverse,out-of-place,8,256,16384,1,256,stage-pipeline,radix2,1,0,0,8,named-barrier,1,0.356536,0.356536,0.356536,47.056119,6.960875
21,fwht,fp32,forward,inverse,out-of-place,8,256,16384,1,256,stage-pipeline,radix2,1,0,0,4,named-barrier,1,0.360817,0.360817,0.360817,46.497898,7.044455
1,fwht,fp32,inverse,inverse,out-of-place,10,1024,4096,1,1024,temporal-tile,radix4,0,256,0,0,named-barrier,1,0.056812,0.056812,0.056812,369.142040,1.000000
2,fwht,fp32,inverse,inverse,out-of-place,10,1024,4096,1,1024,temporal-tile,radix4,0,128,0,0,named-barrier,1,0.057221,0.057221,0.057221,366.499629,1.007199
3,fwht,fp32,inverse,inverse,out-of-place,10,1024,4096,1,1024,temporal-tile,radix2,0,256,0,0,named-barrier,1,0.061522,0.061522,0.061522,340.878821,1.082905
4,fwht,fp32,inverse,inverse,out-of-place,10,1024,4096,1,1024,temporal-tile,radix4,0,64,0,0,named-barrier,1,0.062321,0.062321,0.062321,336.510031,1.096969
5,fwht,fp32,inverse,inverse,out-of-place,10,1024,4096,1,1024,temporal-tile,radix2,0,128,0,0,named-barrier,1,0.065434,0.065434,0.065434,320.500787,1.151764
6,fwht,fp32,inverse,inverse,out-of-place,10,1024,4096,1,1024,temporal-tile,radix2,0,64,0,0,named-barrier,1,0.072847,0.072847,0.072847,287.883052,1.282247
7,fwht,fp32,inverse,inverse,out-of-place,10,1024,4096,1,1024,temporal-tile,radix4,0,32,0,0,named-barrier,1,0.085524,0.085524,0.085524,245.210715,1.505386
8,fwht,fp32,inverse,inverse,out-of-place,10,1024,4096,1,1024,temporal-tile,radix2,0,32,0,0,named-barrier,1,0.105001,0.105001,0.105001,199.726926,1.848219
1,fwht,fp32,inverse,inverse,out-of-place,4,16,262144,1,16,temporal-tile,radix4,0,32,0,0,named-barrier,1,0.426721,0.426721,0.426721,19.658284,1.000000
2,fwht,fp32,inverse,inverse,out-of-place,4,16,262144,1,16,temporal-tile,radix4,0,128,0,0,named-barrier,1,0.426783,0.426783,0.426783,19.655453,1.000145
3,fwht,fp32,inverse,inverse,out-of-place,4,16,262144,1,16,temporal-tile,radix4,0,64,0,0,named-barrier,1,0.426803,0.426803,0.426803,19.654510,1.000192
4,fwht,fp32,inverse,inverse,out-of-place,4,16,262144,1,16,temporal-tile,radix2,0,32,0,0,named-barrier,1,0.427008,0.427008,0.427008,19.645082,1.000673
5,fwht,fp32,inverse,inverse,out-of-place,4,16,262144,1,16,temporal-tile,radix2,0,64,0,0,named-barrier,1,0.427008,0.427008,0.427008,19.645082,1.000673
6,fwht,fp32,inverse,inverse,out-of-place,4,16,262144,1,16,temporal-tile,radix2,0,128,0,0,named-barrier,1,0.427131,0.427131,0.427131,19.639432,1.000961
7,fwht,fp32,inverse,inverse,out-of-place,4,16,262144,1,16,temporal-tile,radix4,0,256,0,0,named-barrier,1,0.434708,0.434708,0.434708,19.297089,1.018717
8,fwht,fp32,inverse,inverse,out-of-place,4,16,262144,1,16,temporal-tile,radix2,0,256,0,0,named-barrier,1,0.513556,0.513556,0.513556,16.334344,1.203494
1,fwht,fp32,inverse,inverse,out-of-place,8,256,16384,1,256,temporal-tile,radix4,0,128,0,0,named-barrier,1,0.051528,0.051528,0.051528,325.596167,1.000000
2,fwht,fp32,inverse,inverse,out-of-place,8,256,16384,1,256,temporal-tile,radix4,0,256,0,0,named-barrier,1,0.052040,0.052040,0.052040,322.392764,1.009936
3,fwht,fp32,inverse,inverse,out-of-place,8,256,16384,1,256,temporal-tile,radix4,0,64,0,0,named-barrier,1,0.052572,0.052572,0.052572,319.127380,1.020261
4,fwht,fp32,inverse,inverse,out-of-place,8,256,16384,1,256,warp-hybrid,radix2,0,0,5,0,named-barrier,1,0.054620,0.054620,0.054620,307.161596,1.060006
5,fwht,fp32,inverse,inverse,out-of-place,8,256,16384,1,256,temporal-tile,radix2,0,128,0,0,named-barrier,1,0.056054,0.056054,0.056054,299.305822,1.087836
6,fwht,fp32,inverse,inverse,out-of-place,8,256,16384,1,256,warp-hybrid,radix2,0,0,4,0,named-barrier,1,0.056484,0.056484,0.056484,297.026818,1.096181
7,fwht,fp32,inverse,inverse,out-of-place,8,256,16384,1,256,temporal-tile,radix2,0,64,0,0,named-barrier,1,0.059023,0.059023,0.059023,284.247043,1.145455
8,fwht,fp32,inverse,inverse,out-of-place,8,256,16384,1,256,warp-hybrid,radix2,0,0,3,0,named-barrier,1,0.061071,0.061071,0.061071,274.714963,1.185200
9,fwht,fp32,inverse,inverse,out-of-place,8,256,16384,1,256,temporal-tile,radix4,0,32,0,0,named-barrier,1,0.062116,0.062116,0.062116,270.095612,1.205481
10,fwht,fp32,inverse,inverse,out-of-place,8,256,16384,1,256,warp-hybrid,radix2,0,0,2,0,named-barrier,1,0.063631,0.063631,0.063631,263.662715,1.234882
11,fwht,fp32,inverse,inverse,out-of-place,8,256,16384,1,256,temporal-tile,radix2,0,256,0,0,named-barrier,1,0.063836,0.063836,0.063836,262.816822,1.238860
12,fwht,fp32,inverse,inverse,out-of-place,8,256,16384,1,256,warp-hybrid,radix2,0,0,1,0,named-barrier,1,0.066560,0.066560,0.066560,252.061538,1.291725
13,fwht,fp32,inverse,inverse,out-of-place,8,256,16384,1,256,warp-hybrid,radix2,0,0,0,0,named-barrier,1,0.069325,0.069325,0.069325,242.008867,1.345385
14,fwht,fp32,inverse,inverse,out-of-place,8,256,16384,1,256,temporal-tile,radix2,0,32,0,0,named-barrier,1,0.072806,0.072806,0.072806,230.435996,1.412941
15,fwht,fp32,inverse,inverse,out-of-place,8,256,16384,1,256,stage-pipeline,radix2,4,0,0,8,named-barrier,1,0.190566,0.190566,0.190566,88.038686,3.698300
16,fwht,fp32,inverse,inverse,out-of-place,8,256,16384,1,256,stage-pipeline,radix2,8,0,0,8,named-barrier,1,0.201462,0.201462,0.201462,83.277427,3.909758
17,fwht,fp32,inverse,inverse,out-of-place,8,256,16384,1,256,stage-pipeline,radix2,2,0,0,8,named-barrier,1,0.226304,0.226304,0.226304,74.135748,4.391865
18,fwht,fp32,inverse,inverse,out-of-place,8,256,16384,1,256,stage-pipeline,radix2,4,0,0,4,named-barrier,1,0.307589,0.307589,0.307589,54.544245,5.969356
19,fwht,fp32,inverse,inverse,out-of-place,8,256,16384,1,256,stage-pipeline,radix2,2,0,0,4,named-barrier,1,0.321352,0.321352,0.321352,52.208278,6.236454
20,fwht,fp32,inverse,inverse,out-of-place,8,256,16384,1,256,stage-pipeline,radix2,1,0,0,8,named-barrier,1,0.356721,0.356721,0.356721,47.031804,6.922857
21,fwht,fp32,inverse,inverse,out-of-place,8,256,16384,1,256,stage-pipeline,radix2,1,0,0,4,named-barrier,1,0.360878,0.360878,0.360878,46.489984,7.003532
1,fwht,fp64,forward,inverse,out-of-place,10,1024,4096,1,1024,temporal-tile,radix4,0,256,0,0,named-barrier,1,0.102605,0.102605,0.102605,204.391220,1.000000
2,fwht,fp64,forward,inverse,out-of-place,10,1024,4096,1,1024,temporal-tile,radix4,0,128,0,0,named-barrier,1,0.108872,0.108872,0.108872,192.626042,1.061079
3,fwht,fp64,forward,inverse,out-of-place,10,1024,4096,1,1024,temporal-tile,radix2,0,256,0,0,named-barrier,1,0.109609,0.109609,0.109609,191.330351,1.068262
4,fwht,fp64,forward,inverse,out-of-place,10,1024,4096,1,1024,temporal-tile,radix2,0,128,0,0,named-barrier,1,0.115630,0.115630,0.115630,181.367335,1.126943
5,fwht,fp64,forward,inverse,out-of-place,10,1024,4096,1,1024,temporal-tile,radix4,0,64,0,0,named-barrier,1,0.126259,0.126259,0.126259,166.098935,1.230535
6,fwht,fp64,forward,inverse,out-of-place,10,1024,4096,1,1024,temporal-tile,radix2,0,64,0,0,named-barrier,1,0.144568,0.144568,0.144568,145.063036,1.408976
7,fwht,fp64,forward,inverse,out-of-place,10,1024,4096,1,1024,temporal-tile,radix4,0,32,0,0,named-barrier,1,0.168694,0.168694,0.168694,124.317112,1.644111
8,fwht,fp64,forward,inverse,out-of-place,10,1024,4096,1,1024,temporal-tile,radix2,0,32,0,0,named-barrier,1,0.194621,0.194621,0.194621,107.755444,1.896798
1,fwht,fp64,forward,inverse,out-of-place,4,16,262144,1,16,temporal-tile,radix4,0,32,0,0,named-barrier,1,0.426783,0.426783,0.426783,19.655453,1.000000
2,fwht,fp64,forward,inverse,out-of-place,4,16,262144,1,16,temporal-tile,radix4,0,64,0,0,named-barrier,1,0.426783,0.426783,0.426783,19.655453,1.000000
3,fwht,fp64,forward,inverse,out-of-place,4,16,262144,1,16,temporal-tile,radix4,0,128,0,0,named-barrier,1,0.426885,0.426885,0.426885,19.650740,1.000239
4,fwht,fp64,forward,inverse,out-of-place,4,16,262144,1,16,temporal-tile,radix2,0,32,0,0,named-barrier,1,0.427049,0.427049,0.427049,19.643200,1.000623
5,fwht,fp64,forward,inverse,out-of-place,4,16,262144,1,16,temporal-tile,radix2,0,64,0,0,named-barrier,1,0.427110,0.427110,0.427110,19.640374,1.000766
6,fwht,fp64,forward,inverse,out-of-place,4,16,262144,1,16,temporal-tile,radix2,0,128,0,0,named-barrier,1,0.427151,0.427151,0.427151,19.638490,1.000862
7,fwht,fp64,forward,inverse,out-of-place,4,16,262144,1,16,temporal-tile,radix4,0,256,0,0,named-barrier,1,0.464261,0.464261,0.464261,18.068727,1.087815
8,fwht,fp64,forward,inverse,out-of-place,4,16,262144,1,16,temporal-tile,radix2,0,256,0,0,named-barrier,1,0.545014,0.545014,0.545014,15.391552,1.277028
1,fwht,fp64,forward,inverse,out-of-place,8,256,16384,1,256,warp-hybrid,radix2,0,0,5,0,named-barrier,1,0.088125,0.088125,0.088125,190.378811,1.000000
2,fwht,fp64,forward,inverse,out-of-place,8,256,16384,1,256,warp-hybrid,radix2,0,0,4,0,named-barrier,1,0.088289,0.088289,0.088289,190.025509,1.001861
3,fwht,fp64,forward,inverse,out-of-place,8,256,16384,1,256,temporal-tile,radix4,0,256,0,0,named-barrier,1,0.089088,0.089088,0.089088,188.321838,1.010928
4,fwht,fp64,forward,inverse,out-of-place,8,256,16384,1,256,warp-hybrid,radix2,0,0,3,0,named-barrier,1,0.089436,0.089436,0.089436,187.588737,1.014877
5,fwht,fp64,forward,inverse,out-of-place,8,256,16384,1,256,warp-hybrid,radix2,0,0,2,0,named-barrier,1,0.089948,0.089948,0.089948,186.520958,1.020687
6,fwht,fp64,forward,inverse,out-of-place,8,256,16384,1,256,temporal-tile,radix2,0,256,0,0,named-barrier,1,0.090706,0.090706,0.090706,184.962753,1.029288
7,fwht,fp64,forward,inverse,out-of-place,8,256,16384,1,256,warp-hybrid,radix2,0,0,1,0,named-barrier,1,0.091873,0.091873,0.091873,182.612571,1.042530
8,fwht,fp64,forward,inverse,out-of-place,8,256,16384,1,256,temporal-tile,radix4,0,64,0,0,named-barrier,1,0.095642,0.095642,0.095642,175.417549,1.085299
9,fwht,fp64,forward,inverse,out-of-place,8,256,16384,1,256,temporal-tile,radix4,0,128,0,0,named-barrier,1,0.096748,0.096748,0.096748,173.412353,1.097850
10,fwht,fp64,forward,inverse,out-of-place,8,256,16384,1,256,warp-hybrid,radix2,0,0,0,0,named-barrier,1,0.098775,0.098775,0.098775,169.852782,1.120851
11,fwht,fp64,forward,inverse,out-of-place,8,256,16384,1,256,temporal-tile,radix2,0,128,0,0,named-barrier,1,0.099185,0.099185,0.099185,169.151353,1.125504
12,fwht,fp64,forward,inverse,out-of-place,8,256,16384,1,256,temporal-tile,radix4,0,32,0,0,named-barrier,1,0.103547,0.103547,0.103547,162.025316,1.175001
13,fwht,fp64,forward,inverse,out-of-place,8,256,16384,1,256,temporal-tile,radix2,0,64,0,0,named-barrier,1,0.104448,0.104448,0.104448,160.627442,1.185226
14,fwht,fp64,forward,inverse,out-of-place,8,256,16384,1,256,temporal-tile,radix2,0,32,0,0,named-barrier,1,0.113766,0.113766,0.113766,147.470744,1.290962
15,fwht,fp64,forward,inverse,out-of-place,8,256,16384,1,256,stage-pipeline,radix2,4,0,0,4,named-barrier,1,0.345149,0.345149,0.345149,48.608558,3.916584
16,fwht,fp64,forward,inverse,out-of-place,8,256,16384,1,256,stage-pipeline,radix2,4,0,0,8,named-barrier,1,0.355389,0.355389,0.355389,47.207975,4.032783
17,fwht,fp64,forward,inverse,out-of-place,8,256,16384,1,256,stage-pipeline,radix2,8,0,0,8,named-barrier,1,0.389468,0.389468,0.389468,43.077246,4.419495
18,fwht,fp64,forward,inverse,out-of-place,8,256,16384,1,256,stage-pipeline,radix2,2,0,0,4,named-barrier,1,0.412590,0.412590,0.412590,40.663161,4.681872
19,fwht,fp64,forward,inverse,out-of-place,8,256,16384,1,256,stage-pipeline,radix2,2,0,0,8,named-barrier,1,0.419656,0.419656,0.419656,39.978527,4.762054
20,fwht,fp64,forward,inverse,out-of-place,8,256,16384,1,256,stage-pipeline,radix2,1,0,0,4,named-barrier,1,0.699884,0.699884,0.699884,23.971440,7.941946
21,fwht,fp64,forward,inverse,out-of-place,8,256,16384,1,256,stage-pipeline,radix2,1,0,0,8,named-barrier,1,0.709530,0.709530,0.709530,23.645548,8.051404
1,fwht,fp64,inverse,inverse,out-of-place,10,1024,4096,1,1024,temporal-tile,radix4,0,256,0,0,named-barrier,1,0.102646,0.102646,0.102646,204.309652,1.000000
2,fwht,fp64,inverse,inverse,out-of-place,10,1024,4096,1,1024,temporal-tile,radix4,0,128,0,0,named-barrier,1,0.108810,0.108810,0.108810,192.734791,1.060051
3,fwht,fp64,inverse,inverse,out-of-place,10,1024,4096,1,1024,temporal-tile,radix2,0,256,0,0,named-barrier,1,0.109732,0.109732,0.109732,191.116091,1.069033
4,fwht,fp64,inverse,inverse,out-of-place,10,1024,4096,1,1024,temporal-tile,radix2,0,128,0,0,named-barrier,1,0.115446,0.115446,0.115446,181.656917,1.124700
5,fwht,fp64,inverse,inverse,out-of-place,10,1024,4096,1,1024,temporal-tile,radix4,0,64,0,0,named-barrier,1,0.125747,0.125747,0.125747,166.775239,1.225055
6,fwht,fp64,inverse,inverse,out-of-place,10,1024,4096,1,1024,temporal-tile,radix2,0,64,0,0,named-barrier,1,0.143974,0.143974,0.143974,145.661457,1.402627
7,fwht,fp64,inverse,inverse,out-of-place,10,1024,4096,1,1024,temporal-tile,radix4,0,32,0,0,named-barrier,1,0.169042,0.169042,0.169042,124.061064,1.646844
8,fwht,fp64,inverse,inverse,out-of-place,10,1024,4096,1,1024,temporal-tile,radix2,0,32,0,0,named-barrier,1,0.195113,0.195113,0.195113,107.483994,1.900834
1,fwht,fp64,inverse,inverse,out-of-place,4,16,262144,1,16,temporal-tile,radix4,0,32,0,0,named-barrier,1,0.426824,0.426824,0.426824,19.653566,1.000000
2,fwht,fp64,inverse,inverse,out-of-place,4,16,262144,1,16,temporal-tile,radix4,0,64,0,0,named-barrier,1,0.426844,0.426844,0.426844,19.652624,1.000047
3,fwht,fp64,inverse,inverse,out-of-place,4,16,262144,1,16,temporal-tile,radix4,0,128,0,0,named-barrier,1,0.426906,0.426906,0.426906,19.649796,1.000192
4,fwht,fp64,inverse,inverse,out-of-place,4,16,262144,1,16,temporal-tile,radix2,0,32,0,0,named-barrier,1,0.427028,0.427028,0.427028,19.644142,1.000478
5,fwht,fp64,inverse,inverse,out-of-place,4,16,262144,1,16,temporal-tile,radix2,0,64,0,0,named-barrier,1,0.427110,0.427110,0.427110,19.640374,1.000670
6,fwht,fp64,inverse,inverse,out-of-place,4,16,262144,1,16,temporal-tile,radix2,0,128,0,0,named-barrier,1,0.427213,0.427213,0.427213,19.635666,1.000911
7,fwht,fp64,inverse,inverse,out-of-place,4,16,262144,1,16,temporal-tile,radix4,0,256,0,0,named-barrier,1,0.465388,0.465388,0.465388,18.024995,1.090351
8,fwht,fp64,inverse,inverse,out-of-place,4,16,262144,1,16,temporal-tile,radix2,0,256,0,0,named-barrier,1,0.546611,0.546611,0.546611,15.346572,1.280647
1,fwht,fp64,inverse,inverse,out-of-place,8,256,16384,1,256,warp-hybrid,radix2,0,0,5,0,named-barrier,1,0.088044,0.088044,0.088044,190.555947,1.000000
2,fwht,fp64,inverse,inverse,out-of-place,8,256,16384,1,256,warp-hybrid,radix2,0,0,4,0,named-barrier,1,0.088289,0.088289,0.088289,190.025509,1.002783
3,fwht,fp64,inverse,inverse,out-of-place,8,256,16384,1,256,temporal-tile,radix4,0,256,0,0,named-barrier,1,0.089108,0.089108,0.089108,188.278568,1.012085
4,fwht,fp64,inverse,inverse,out-of-place,8,256,16384,1,256,warp-hybrid,radix2,0,0,3,0,named-barrier,1,0.089375,0.089375,0.089375,187.717688,1.015117
5,fwht,fp64,inverse,inverse,out-of-place,8,256,16384,1,256,warp-hybrid,radix2,0,0,2,0,named-barrier,1,0.090030,0.090030,0.090030,186.351225,1.022557
6,fwht,fp64,inverse,inverse,out-of-place,8,256,16384,1,256,temporal-tile,radix2,0,256,0,0,named-barrier,1,0.090358,0.090358,0.090358,185.675435,1.026282
7,fwht,fp64,inverse,inverse,out-of-place,8,256,16384,1,256,warp-hybrid,radix2,0,0,1,0,named-barrier,1,0.091935,0.091935,0.091935,182.490536,1.044194
8,fwht,fp64,inverse,inverse,out-of-place,8,256,16384,1,256,temporal-tile,radix4,0,64,0,0,named-barrier,1,0.094740,0.094740,0.094740,177.086035,1.076053
9,fwht,fp64,inverse,inverse,out-of-place,8,256,16384,1,256,temporal-tile,radix4,0,128,0,0,named-barrier,1,0.096010,0.096010,0.096010,174.744031,1.090477
10,fwht,fp64,inverse,inverse,out-of-place,8,256,16384,1,256,temporal-tile,radix2,0,128,0,0,named-barrier,1,0.098284,0.098284,0.098284,170.702226,1.116305
11,fwht,fp64,inverse,inverse,out-of-place,8,256,16384,1,256,warp-hybrid,radix2,0,0,0,0,named-barrier,1,0.098755,0.098755,0.098755,169.888022,1.121655
12,fwht,fp64,inverse,inverse,out-of-place,8,256,16384,1,256,temporal-tile,radix4,0,32,0,0,named-barrier,1,0.102216,0.102216,0.102216,164.135448,1.160965
13,fwht,fp64,inverse,inverse,out-of-place,8,256,16384,1,256,temporal-tile,radix2,0,64,0,0,named-barrier,1,0.103219,0.103219,0.103219,162.539677,1.172357
14,fwht,fp64,inverse,inverse,out-of-place,8,256,16384,1,256,temporal-tile,radix2,0,32,0,0,named-barrier,1,0.111247,0.111247,0.111247,150.810014,1.263539
15,fwht,fp64,inverse,inverse,out-of-place,8,256,16384,1,256,stage-pipeline,radix2,4,0,0,4,named-barrier,1,0.351334,0.351334,0.351334,47.752843,3.990437
16,fwht,fp64,inverse,inverse,out-of-place,8,256,16384,1,256,stage-pipeline,radix2,4,0,0,8,named-barrier,1,0.362271,0.362271,0.362271,46.311264,4.114659
17,fwht,fp64,inverse,inverse,out-of-place,8,256,16384,1,256,stage-pipeline,radix2,8,0,0,8,named-barrier,1,0.400650,0.400650,0.400650,41.874966,4.550566
18,fwht,fp64,inverse,inverse,out-of-place,8,256,16384,1,256,stage-pipeline,radix2,2,0,0,4,named-barrier,1,0.416031,0.416031,0.416031,40.326867,4.725262
19,fwht,fp64,inverse,inverse,out-of-place,8,256,16384,1,256,stage-pipeline,radix2,2,0,0,8,named-barrier,1,0.424018,0.424018,0.424018,39.567235,4.815978
20,fwht,fp64,inverse,inverse,out-of-place,8,256,16384,1,256,stage-pipeline,radix2,1,0,0,4,named-barrier,1,0.699802,0.699802,0.699802,23.974246,7.948321
21,fwht,fp64,inverse,inverse,out-of-place,8,256,16384,1,256,stage-pipeline,radix2,1,0,0,8,named-barrier,1,0.710574,0.710574,0.710574,23.610791,8.070669
1,xor-zeta,uint32,forward,none,out-of-place,10,1024,4096,1,1024,temporal-tile,radix4,0,256,0,0,named-barrier,1,0.055890,0.055890,0.055890,375.229026,1.000000
2,xor-zeta,uint32,forward,none,out-of-place,10,1024,4096,1,1024,temporal-tile,radix4,0,128,0,0,named-barrier,1,0.056033,0.056033,0.056033,374.268983,1.002559
3,xor-zeta,uint32,forward,none,out-of-place,10,1024,4096,1,1024,temporal-tile,radix2,0,256,0,0,named-barrier,1,0.058900,0.058900,0.058900,356.050074,1.053856
4,xor-zeta,uint32,forward,none,out-of-place,10,1024,4096,1,1024,temporal-tile,radix2,0,128,0,0,named-barrier,1,0.060314,0.060314,0.060314,347.707974,1.079155
5,xor-zeta,uint32,forward,none,out-of-place,10,1024,4096,1,1024,temporal-tile,radix4,0,64,0,0,named-barrier,1,0.061174,0.061174,0.061174,342.818885,1.094543
6,xor-zeta,uint32,forward,none,out-of-place,10,1024,4096,1,1024,temporal-tile,radix2,0,64,0,0,named-barrier,1,0.067645,0.067645,0.067645,310.021202,1.210324
7,xor-zeta,uint32,forward,none,out-of-place,10,1024,4096,1,1024,temporal-tile,radix4,0,32,0,0,named-barrier,1,0.083436,0.083436,0.083436,251.350045,1.492861
8,xor-zeta,uint32,forward,none,out-of-place,10,1024,4096,1,1024,temporal-tile,radix2,0,32,0,0,named-barrier,1,0.100905,0.100905,0.100905,207.834374,1.805421
1,xor-zeta,uint32,forward,none,out-of-place,4,16,262144,1,16,temporal-tile,radix4,0,32,0,0,named-barrier,1,0.372593,0.372593,0.372593,22.514153,1.000000
2,xor-zeta,uint32,forward,none,out-of-place,4,16,262144,1,16,temporal-tile,radix4,0,64,0,0,named-barrier,1,0.372613,0.372613,0.372613,22.512917,1.000054
3,xor-zeta,uint32,forward,none,out-of-place,4,16,262144,1,16,temporal-tile,radix4,0,128,0,0,named-barrier,1,0.372654,0.372654,0.372654,22.510442,1.000164
4,xor-zeta,uint32,forward,none,out-of-place,4,16,262144,1,16,temporal-tile,radix2,0,32,0,0,named-barrier,1,0.372900,0.372900,0.372900,22.495605,1.000824
5,xor-zeta,uint32,forward,none,out-of-place,4,16,262144,1,16,temporal-tile,radix2,0,64,0,0,named-barrier,1,0.372900,0.372900,0.372900,22.495605,1.000824
6,xor-zeta,uint32,forward,none,out-of-place,4,16,262144,1,16,temporal-tile,radix2,0,128,0,0,named-barrier,1,0.372961,0.372961,0.372961,22.491900,1.000988
7,xor-zeta,uint32,forward,none,out-of-place,4,16,262144,1,16,temporal-tile,radix4,0,256,0,0,named-barrier,1,0.381194,0.381194,0.381194,22.006125,1.023084
8,xor-zeta,uint32,forward,none,out-of-place,4,16,262144,1,16,temporal-tile,radix2,0,256,0,0,named-barrier,1,0.464056,0.464056,0.464056,18.076703,1.245477
1,xor-zeta,uint32,forward,none,out-of-place,8,256,16384,1,256,temporal-tile,radix4,0,256,0,0,named-barrier,1,0.047432,0.047432,0.047432,353.713317,1.000000
2,xor-zeta,uint32,forward,none,out-of-place,8,256,16384,1,256,temporal-tile,radix4,0,128,0,0,named-barrier,1,0.047780,0.047780,0.047780,351.135853,1.007337
3,xor-zeta,uint32,forward,none,out-of-place,8,256,16384,1,256,temporal-tile,radix4,0,64,0,0,named-barrier,1,0.048456,0.048456,0.048456,346.238365,1.021589
4,xor-zeta,uint32,forward,none,out-of-place,8,256,16384,1,256,temporal-tile,radix2,0,128,0,0,named-barrier,1,0.049623,0.049623,0.049623,338.093257,1.046192
5,xor-zeta,uint32,forward,none,out-of-place,8,256,16384,1,256,temporal-tile,radix2,0,64,0,0,named-barrier,1,0.053760,0.053760,0.053760,312.076193,1.133412
6,xor-zeta,uint32,forward,none,out-of-place,8,256,16384,1,256,warp-hybrid,radix2,0,0,5,0,named-barrier,1,0.053862,0.053862,0.053862,311.482888,1.135562
7,xor-zeta,uint32,forward,none,out-of-place,8,256,16384,1,256,warp-hybrid,radix2,0,0,2,0,named-barrier,1,0.054600,0.054600,0.054600,307.276819,1.151122
8,xor-zeta,uint32,forward,none,out-of-place,8,256,16384,1,256,warp-hybrid,radix2,0,0,4,0,named-barrier,1,0.055685,0.055685,0.055685,301.287250,1.173996
9,xor-zeta,uint32,forward,none,out-of-place,8,256,16384,1,256,temporal-tile,radix2,0,256,0,0,named-barrier,1,0.056279,0.056279,0.056279,298.107710,1.186520
10,xor-zeta,uint32,forward,none,out-of-place,8,256,16384,1,256,warp-hybrid,radix2,0,0,1,0,named-barrier,1,0.056934,0.056934,0.056934,294.676252,1.200329
11,xor-zeta,uint32,forward,none,out-of-place,8,256,16384,1,256,temporal-tile,radix4,0,32,0,0,named-barrier,1,0.057549,0.057549,0.057549,291.530256,1.213295
12,xor-zeta,uint32,forward,none,out-of-place,8,256,16384,1,256,warp-hybrid,radix2,0,0,0,0,named-barrier,1,0.058655,0.058655,0.058655,286.033529,1.236612
13,xor-zeta,uint32,forward,none,out-of-place,8,256,16384,1,256,warp-hybrid,radix2,0,0,3,0,named-barrier,1,0.059802,0.059802,0.059802,280.547941,1.260794
14,xor-zeta,uint32,forward,none,out-of-place,8,256,16384,1,256,temporal-tile,radix2,0,32,0,0,named-barrier,1,0.065147,0.065147,0.065147,257.529085,1.373482
15,xor-zeta,uint32,forward,none,out-of-place,8,256,16384,1,256,stage-pipeline,radix2,4,0,0,8,named-barrier,1,0.193966,0.193966,0.193966,86.495613,4.089349
16,xor-zeta,uint32,forward,none,out-of-place,8,256,16384,1,256,stage-pipeline,radix2,8,0,0,8,named-barrier,1,0.207135,0.207135,0.207135,80.996637,4.366989
17,xor-zeta,uint32,forward,none,out-of-place,8,256,16384,1,256,stage-pipeline,radix2,2,0,0,8,named-barrier,1,0.228086,0.228086,0.228086,73.556609,4.808695
18,xor-zeta,uint32,forward,none,out-of-place,8,256,16384,1,256,stage-pipeline,radix2,4,0,0,4,named-barrier,1,0.314040,0.314040,0.314040,53.423767,6.620847
19,xor-zeta,uint32,forward,none,out-of-place,8,256,16384,1,256,stage-pipeline,radix2,2,0,0,4,named-barrier,1,0.324014,0.324014,0.324014,51.779278,6.831127
20,xor-zeta,uint32,forward,none,out-of-place,8,256,16384,1,256,stage-pipeline,radix2,1,0,0,8,named-barrier,1,0.355553,0.355553,0.355553,47.186223,7.496058
21,xor-zeta,uint32,forward,none,out-of-place,8,256,16384,1,256,stage-pipeline,radix2,1,0,0,4,named-barrier,1,0.358482,0.358482,0.358482,46.800732,7.557809
1,xor-zeta,uint32,inverse,none,out-of-place,10,1024,4096,1,1024,temporal-tile,radix4,0,256,0,0,named-barrier,1,0.056033,0.056033,0.056033,374.268983,1.000000
2,xor-zeta,uint32,inverse,none,out-of-place,10,1024,4096,1,1024,temporal-tile,radix4,0,128,0,0,named-barrier,1,0.056115,0.056115,0.056115,373.722635,1.001463
3,xor-zeta,uint32,inverse,none,out-of-place,10,1024,4096,1,1024,temporal-tile,radix2,0,256,0,0,named-barrier,1,0.059167,0.059167,0.059167,354.447894,1.055931
4,xor-zeta,uint32,inverse,none,out-of-place,10,1024,4096,1,1024,temporal-tile,radix2,0,128,0,0,named-barrier,1,0.060416,0.060416,0.060416,347.118634,1.078222
5,xor-zeta,uint32,inverse,none,out-of-place,10,1024,4096,1,1024,temporal-tile,radix4,0,64,0,0,named-barrier,1,0.061174,0.061174,0.061174,342.818885,1.091750
6,xor-zeta,uint32,inverse,none,out-of-place,10,1024,4096,1,1024,temporal-tile,radix2,0,64,0,0,named-barrier,1,0.067768,0.067768,0.067768,309.459049,1.209430
7,xor-zeta,uint32,inverse,none,out-of-place,10,1024,4096,1,1024,temporal-tile,radix4,0,32,0,0,named-barrier,1,0.083579,0.083579,0.083579,250.918879,1.491603
8,xor-zeta,uint32,inverse,none,out-of-place,10,1024,4096,1,1024,temporal-tile,radix2,0,32,0,0,named-barrier,1,0.100803,0.100803,0.100803,208.045503,1.798993
1,xor-zeta,uint32,inverse,none,out-of-place,4,16,262144,1,16,temporal-tile,radix4,0,32,0,0,named-barrier,1,0.372613,0.372613,0.372613,22.512917,1.000000
2,xor-zeta,uint32,inverse,none,out-of-place,4,16,262144,1,16,temporal-tile,radix4,0,64,0,0,named-barrier,1,0.372634,0.372634,0.372634,22.511680,1.000056
3,xor-zeta,uint32,inverse,none,out-of-place,4,16,262144,1,16,temporal-tile,radix4,0,128,0,0,named-barrier,1,0.372634,0.372634,0.372634,22.511680,1.000056
4,xor-zeta,uint32,inverse,none,out-of-place,4,16,262144,1,16,temporal-tile,radix2,0,32,0,0,named-barrier,1,0.372900,0.372900,0.372900,22.495605,1.000770
5,xor-zeta,uint32,inverse,none,out-of-place,4,16,262144,1,16,temporal-tile,radix2,0,64,0,0,named-barrier,1,0.372941,0.372941,0.372941,22.493137,1.000880
6,xor-zeta,uint32,inverse,none,out-of-place,4,16,262144,1,16,temporal-tile,radix2,0,128,0,0,named-barrier,1,0.372961,0.372961,0.372961,22.491900,1.000934
7,xor-zeta,uint32,inverse,none,out-of-place,4,16,262144,1,16,temporal-tile,radix4,0,256,0,0,named-barrier,1,0.382546,0.382546,0.382546,21.928369,1.026658
8,xor-zeta,uint32,inverse,none,out-of-place,4,16,262144,1,16,temporal-tile,radix2,0,256,0,0,named-barrier,1,0.469156,0.469156,0.469156,17.880216,1.259097
1,xor-zeta,uint32,inverse,none,out-of-place,8,256,16384,1,256,temporal-tile,radix4,0,128,0,0,named-barrier,1,0.050278,0.050278,0.050278,333.686335,1.000000
2,xor-zeta,uint32,inverse,none,out-of-place,8,256,16384,1,256,temporal-tile,radix4,0,256,0,0,named-barrier,1,0.051057,0.051057,0.051057,328.600091,1.015494
3,xor-zeta,uint32,inverse,none,out-of-place,8,256,16384,1,256,temporal-tile,radix4,0,64,0,0,named-barrier,1,0.051937,0.051937,0.051937,323.028401,1.032997
4,xor-zeta,uint32,inverse,none,out-of-place,8,256,16384,1,256,temporal-tile,radix2,0,128,0,0,named-barrier,1,0.053084,0.053084,0.053084,316.049398,1.055810
5,xor-zeta,uint32,inverse,none,out-of-place,8,256,16384,1,256,warp-hybrid,radix2,0,0,5,0,named-barrier,1,0.054354,0.054354,0.054354,308.666171,1.081069
6,xor-zeta,uint32,inverse,none,out-of-place,8,256,16384,1,256,warp-hybrid,radix2,0,0,4,0,named-barrier,1,0.055951,0.055951,0.055951,299.853584,1.112833
7,xor-zeta,uint32,inverse,none,out-of-place,8,256,16384,1,256,temporal-tile,radix2,0,64,0,0,named-barrier,1,0.056484,0.056484,0.056484,297.026818,1.123434
8,xor-zeta,uint32,inverse,none,out-of-place,8,256,16384,1,256,warp-hybrid,radix2,0,0,3,0,named-barrier,1,0.060580,0.060580,0.060580,276.943881,1.204901
9,xor-zeta,uint32,inverse,none,out-of-place,8,256,16384,1,256,temporal-tile,radix4,0,32,0,0,named-barrier,1,0.060948,0.060948,0.060948,275.268818,1.212220
10,xor-zeta,uint32,inverse,none,out-of-place,8,256,16384,1,256,warp-hybrid,radix2,0,0,2,0,named-barrier,1,0.062648,0.062648,0.062648,267.799940,1.246032
11,xor-zeta,uint32,inverse,none,out-of-place,8,256,16384,1,256,temporal-tile,radix2,0,256,0,0,named-barrier,1,0.064430,0.064430,0.064430,260.394150,1.281475
12,xor-zeta,uint32,inverse,none,out-of-place,8,256,16384,1,256,warp-hybrid,radix2,0,0,1,0,named-barrier,1,0.065024,0.065024,0.065024,258.015764,1.293289
13,xor-zeta,uint32,inverse,none,out-of-place,8,256,16384,1,256,warp-hybrid,radix2,0,0,0,0,named-barrier,1,0.066888,0.066888,0.066888,250.826712,1.330363
14,xor-zeta,uint32,inverse,none,out-of-place,8,256,16384,1,256,temporal-tile,radix2,0,32,0,0,named-barrier,1,0.069898,0.069898,0.069898,240.023439,1.390230
15,xor-zeta,uint32,inverse,none,out-of-place,8,256,16384,1,256,stage-pipeline,radix2,4,0,0,8,named-barrier,1,0.193147,0.193147,0.193147,86.862473,3.841581
16,xor-zeta,uint32,inverse,none,out-of-place,8,256,16384,1,256,stage-pipeline,radix2,8,0,0,8,named-barrier,1,0.208855,0.208855,0.208855,80.329479,4.154004
17,xor-zeta,uint32,inverse,none,out-of-place,8,256,16384,1,256,stage-pipeline,radix2,2,0,0,8,named-barrier,1,0.227922,0.227922,0.227922,73.609489,4.533235
18,xor-zeta,uint32,inverse,none,out-of-place,8,256,16384,1,256,stage-pipeline,radix2,4,0,0,4,named-barrier,1,0.314860,0.314860,0.314860,53.284768,6.262381
19,xor-zeta,uint32,inverse,none,out-of-place,8,256,16384,1,256,stage-pipeline,radix2,2,0,0,4,named-barrier,1,0.324055,0.324055,0.324055,51.772740,6.445264
20,xor-zeta,uint32,inverse,none,out-of-place,8,256,16384,1,256,stage-pipeline,radix2,1,0,0,8,named-barrier,1,0.354591,0.354591,0.354591,47.314313,7.052608
21,xor-zeta,uint32,inverse,none,out-of-place,8,256,16384,1,256,stage-pipeline,radix2,1,0,0,4,named-barrier,1,0.358482,0.358482,0.358482,46.800732,7.129997
