rank,operator,precision,direction,normalization,placement,logN,N,batch,element_stride,batch_stride,backend,compute_unit,complex_multiply,cross_twiddle,local_exchange,fft_core,stage_space,tile_threads,prefix_threads,suffix_threads,prefix_ept,suffix_ept,prefix_units_per_cta,suffix_units_per_cta,local_stages,reorder_columns,warp_stages,pipeline_warps,stage_handoff,trials,median_kernel_ms,min_kernel_ms,max_kernel_ms,median_Gbutterfly_s,slowdown_vs_best
1,fft,fp64,forward,none,out-of-place,16,65536,64,1,65536,cufft,auto,four-mul,table,shared,scalar,0,0,0,0,8,8,0,0,0,0,0,0,named-barrier,3,0.344166,0.343808,0.345088,97.494794,1.000000
2,fft,fp64,forward,none,out-of-place,16,65536,64,1,65536,online-reorder,radix4,four-mul,table,shared,scalar,0,128,0,0,8,8,0,0,8,1,0,0,named-barrier,3,0.520602,0.520243,0.521472,64.453183,1.512648
3,fft,fp64,forward,none,out-of-place,16,65536,64,1,65536,online-reorder,radix4,gauss3,table,shared,scalar,0,128,0,0,8,8,0,0,8,1,0,0,named-barrier,3,0.522496,0.522394,0.523725,64.219502,1.518151
4,fft,fp64,forward,none,out-of-place,16,65536,64,1,65536,online-reorder,radix4,gauss3,table,shared,scalar,0,256,0,0,8,8,0,0,10,4,0,0,named-barrier,3,0.525670,0.525056,0.526131,63.831693,1.527373
5,fft,fp64,forward,none,out-of-place,16,65536,64,1,65536,online-reorder,radix4,four-mul,table,shared,scalar,0,256,0,0,8,8,0,0,10,4,0,0,named-barrier,3,0.527258,0.526899,0.527462,63.639546,1.531987
6,fft,fp64,forward,none,out-of-place,16,65536,64,1,65536,online-reorder,radix4,four-mul,table,shared,scalar,0,64,0,0,8,8,0,0,8,1,0,0,named-barrier,3,0.535450,0.534733,0.535859,62.665899,1.555790
7,fft,fp64,forward,none,out-of-place,16,65536,64,1,65536,online-reorder,radix4,gauss3,table,shared,scalar,0,64,0,0,8,8,0,0,8,1,0,0,named-barrier,3,0.535910,0.535654,0.536013,62.612016,1.557127
8,fft,fp64,forward,none,out-of-place,16,65536,64,1,65536,online-reorder,radix4,four-mul,table,shared,scalar,0,128,0,0,8,8,0,0,10,2,0,0,named-barrier,3,0.536832,0.536269,0.537037,62.504533,1.559805
9,fft,fp64,forward,none,out-of-place,16,65536,64,1,65536,online-reorder,radix4,gauss3,table,shared,scalar,0,128,0,0,8,8,0,0,10,2,0,0,named-barrier,3,0.538931,0.538163,0.539085,62.261069,1.565904
10,fft,fp64,forward,none,out-of-place,16,65536,64,1,65536,online-reorder,radix4,four-mul,table,shared,scalar,0,128,0,0,8,8,0,0,10,4,0,0,named-barrier,3,0.539136,0.539085,0.539238,62.237418,1.566500
11,fft,fp64,forward,none,out-of-place,16,65536,64,1,65536,online-reorder,radix4,gauss3,table,shared,scalar,0,128,0,0,8,8,0,0,10,4,0,0,named-barrier,3,0.541338,0.541184,0.541542,61.984299,1.572898
12,fft,fp64,forward,none,out-of-place,16,65536,64,1,65536,online-reorder,radix2,four-mul,table,shared,scalar,0,128,0,0,8,8,0,0,8,1,0,0,named-barrier,3,0.547789,0.547686,0.547994,61.254323,1.591642
13,fft,fp64,forward,none,out-of-place,16,65536,64,1,65536,online-reorder,radix2,gauss3,table,shared,scalar,0,128,0,0,8,8,0,0,8,1,0,0,named-barrier,3,0.548352,0.547994,0.548557,61.191410,1.593278
14,fft,fp64,forward,none,out-of-place,16,65536,64,1,65536,online-reorder,radix2,four-mul,table,shared,scalar,0,256,0,0,8,8,0,0,8,1,0,0,named-barrier,3,0.565094,0.564838,0.565453,59.378453,1.641923
15,fft,fp64,forward,none,out-of-place,16,65536,64,1,65536,online-reorder,radix2,gauss3,table,shared,scalar,0,256,0,0,8,8,0,0,8,1,0,0,named-barrier,3,0.566272,0.566170,0.566323,59.254971,1.645346
16,fft,fp64,forward,none,out-of-place,16,65536,64,1,65536,online-reorder,radix2,four-mul,table,shared,scalar,0,128,0,0,8,8,0,0,10,4,0,0,named-barrier,3,0.572262,0.572160,0.572570,58.634696,1.662750
17,fft,fp64,forward,none,out-of-place,16,65536,64,1,65536,online-reorder,radix2,gauss3,table,shared,scalar,0,128,0,0,8,8,0,0,10,4,0,0,named-barrier,3,0.573952,0.573645,0.574157,58.462085,1.667660
18,fft,fp64,forward,none,out-of-place,16,65536,64,1,65536,online-reorder,radix4,gauss3,table,shared,scalar,0,256,0,0,8,8,0,0,10,2,0,0,named-barrier,3,0.575846,0.575642,0.575949,58.269763,1.673164
19,fft,fp64,forward,none,out-of-place,16,65536,64,1,65536,online-reorder,radix4,four-mul,table,shared,scalar,0,256,0,0,8,8,0,0,10,2,0,0,named-barrier,3,0.576973,0.576922,0.577024,58.155999,1.676438
20,fft,fp64,forward,none,out-of-place,16,65536,64,1,65536,online-reorder,radix8,four-mul,table,shared,scalar,0,128,0,0,8,8,0,0,10,4,0,0,named-barrier,3,0.578560,0.577741,0.579021,57.996461,1.681049
21,fft,fp64,forward,none,out-of-place,16,65536,64,1,65536,online-reorder,radix2,four-mul,table,shared,scalar,0,256,0,0,8,8,0,0,10,4,0,0,named-barrier,3,0.578867,0.578765,0.578867,57.965682,1.681941
22,fft,fp64,forward,none,out-of-place,16,65536,64,1,65536,online-reorder,radix4,four-mul,table,shared,scalar,0,128,0,0,8,8,0,0,8,2,0,0,named-barrier,3,0.579738,0.579482,0.579994,57.878654,1.684472
23,fft,fp64,forward,none,out-of-place,16,65536,64,1,65536,online-reorder,radix2,gauss3,table,shared,scalar,0,256,0,0,8,8,0,0,10,4,0,0,named-barrier,3,0.579789,0.579482,0.579840,57.873543,1.684620
24,fft,fp64,forward,none,out-of-place,16,65536,64,1,65536,online-reorder,radix4,gauss3,table,shared,scalar,0,128,0,0,8,8,0,0,8,2,0,0,named-barrier,3,0.582451,0.582451,0.583117,57.608999,1.692355
25,fft,fp64,forward,none,out-of-place,16,65536,64,1,65536,online-reorder,radix2,four-mul,table,shared,scalar,0,128,0,0,8,8,0,0,10,2,0,0,named-barrier,3,0.589414,0.589005,0.589875,56.928421,1.712586
26,fft,fp64,forward,none,out-of-place,16,65536,64,1,65536,online-reorder,radix2,gauss3,table,shared,scalar,0,128,0,0,8,8,0,0,10,2,0,0,named-barrier,3,0.591923,0.591872,0.592026,56.687140,1.719876
27,fft,fp64,forward,none,out-of-place,16,65536,64,1,65536,online-reorder,radix4,four-mul,table,shared,scalar,0,64,0,0,8,8,0,0,10,1,0,0,named-barrier,3,0.597658,0.597453,0.597709,56.143240,1.736540
28,fft,fp64,forward,none,out-of-place,16,65536,64,1,65536,online-reorder,radix4,gauss3,table,shared,scalar,0,64,0,0,8,8,0,0,10,2,0,0,named-barrier,3,0.597709,0.597402,0.597862,56.138425,1.736688
29,fft,fp64,forward,none,out-of-place,16,65536,64,1,65536,online-reorder,radix4,four-mul,table,shared,scalar,0,256,0,0,8,8,0,0,8,4,0,0,named-barrier,3,0.597862,0.597453,0.598221,56.124008,1.737133
30,fft,fp64,forward,none,out-of-place,16,65536,64,1,65536,online-reorder,radix4,gauss3,table,shared,scalar,0,64,0,0,8,8,0,0,10,4,0,0,named-barrier,3,0.598118,0.598118,0.598938,56.099981,1.737876
31,fft,fp64,forward,none,out-of-place,16,65536,64,1,65536,online-reorder,radix4,four-mul,table,shared,scalar,0,64,0,0,8,8,0,0,10,4,0,0,named-barrier,3,0.599962,0.598067,0.606515,55.927629,1.743234
32,fft,fp64,forward,none,out-of-place,16,65536,64,1,65536,online-reorder,radix4,gauss3,table,shared,scalar,0,256,0,0,8,8,0,0,8,4,0,0,named-barrier,3,0.600832,0.600781,0.601139,55.846614,1.745762
33,fft,fp64,forward,none,out-of-place,16,65536,64,1,65536,online-reorder,radix2,four-mul,table,shared,scalar,0,64,0,0,8,8,0,0,8,1,0,0,named-barrier,3,0.601242,0.601190,0.601242,55.808568,1.746954
34,fft,fp64,forward,none,out-of-place,16,65536,64,1,65536,online-reorder,radix2,gauss3,table,shared,scalar,0,64,0,0,8,8,0,0,8,1,0,0,named-barrier,3,0.601651,0.601242,0.601907,55.770573,1.748142
35,fft,fp64,forward,none,out-of-place,16,65536,64,1,65536,online-reorder,radix4,four-mul,table,shared,scalar,0,64,0,0,8,8,0,0,10,2,0,0,named-barrier,3,0.601856,0.597811,0.601907,55.751596,1.748738
36,fft,fp64,forward,none,out-of-place,16,65536,64,1,65536,online-reorder,radix8,four-mul,table,shared,scalar,0,128,0,0,8,8,0,0,10,2,0,0,named-barrier,3,0.604314,0.604211,0.604416,55.524865,1.755879
37,fft,fp64,forward,none,out-of-place,16,65536,64,1,65536,online-reorder,radix8,gauss3,table,shared,scalar,0,128,0,0,8,8,0,0,10,2,0,0,named-barrier,3,0.605184,0.604826,0.605286,55.445012,1.758407
38,fft,fp64,forward,none,out-of-place,16,65536,64,1,65536,online-reorder,radix4,four-mul,table,shared,scalar,0,32,0,0,8,8,0,0,8,1,0,0,named-barrier,3,0.605286,0.605133,0.605542,55.435627,1.758704
39,fft,fp64,forward,none,out-of-place,16,65536,64,1,65536,online-reorder,radix4,four-mul,table,shared,scalar,0,256,0,0,8,8,0,0,8,1,0,0,named-barrier,3,0.607283,0.606925,0.607437,55.253348,1.764506
40,fft,fp64,forward,none,out-of-place,16,65536,64,1,65536,online-reorder,radix4,gauss3,table,shared,scalar,0,32,0,0,8,8,0,0,8,1,0,0,named-barrier,3,0.609382,0.609382,0.610406,55.063015,1.770605
41,fft,fp64,forward,none,out-of-place,16,65536,64,1,65536,online-reorder,radix4,gauss3,table,shared,scalar,0,256,0,0,8,8,0,0,8,1,0,0,named-barrier,3,0.610202,0.609997,0.610355,54.989092,1.772987
42,fft,fp64,forward,none,out-of-place,16,65536,64,1,65536,online-reorder,radix4,four-mul,table,shared,scalar,0,256,0,0,8,8,0,0,8,2,0,0,named-barrier,3,0.614758,0.614656,0.615168,54.581497,1.786225
43,fft,fp64,forward,none,out-of-place,16,65536,64,1,65536,online-reorder,radix8,four-mul,table,shared,scalar,0,64,0,0,8,8,0,0,10,2,0,0,named-barrier,3,0.615014,0.614349,0.615680,54.558772,1.786969
44,fft,fp64,forward,none,out-of-place,16,65536,64,1,65536,online-reorder,radix2,four-mul,table,shared,scalar,0,256,0,0,8,8,0,0,10,2,0,0,named-barrier,3,0.615475,0.615168,0.615680,54.517929,1.788309
45,fft,fp64,forward,none,out-of-place,16,65536,64,1,65536,online-reorder,radix2,gauss3,table,shared,scalar,0,256,0,0,8,8,0,0,10,2,0,0,named-barrier,3,0.615782,0.615526,0.616038,54.490731,1.789201
46,fft,fp64,forward,none,out-of-place,16,65536,64,1,65536,online-reorder,radix8,gauss3,table,shared,scalar,0,64,0,0,8,8,0,0,10,2,0,0,named-barrier,3,0.616192,0.615578,0.616602,54.454509,1.790392
47,fft,fp64,forward,none,out-of-place,16,65536,64,1,65536,online-reorder,radix4,gauss3,table,shared,scalar,0,256,0,0,8,8,0,0,8,2,0,0,named-barrier,3,0.617882,0.617677,0.617882,54.305602,1.795302
48,fft,fp64,forward,none,out-of-place,16,65536,64,1,65536,online-reorder,radix2,four-mul,table,shared,scalar,0,128,0,0,8,8,0,0,10,1,0,0,named-barrier,3,0.622029,0.621773,0.622080,53.943537,1.807352
49,fft,fp64,forward,none,out-of-place,16,65536,64,1,65536,online-reorder,radix2,gauss3,table,shared,scalar,0,128,0,0,8,8,0,0,10,1,0,0,named-barrier,3,0.623155,0.623104,0.623309,53.846024,1.810623
50,fft,fp64,forward,none,out-of-place,16,65536,64,1,65536,online-reorder,radix4,gauss3,table,shared,scalar,0,64,0,0,8,8,0,0,10,1,0,0,named-barrier,3,0.638618,0.598016,0.648602,52.542288,1.855552
51,fft,fp64,forward,none,out-of-place,16,65536,64,1,65536,online-reorder,radix8,four-mul,table,shared,scalar,0,64,0,0,8,8,0,0,10,4,0,0,named-barrier,3,0.640512,0.640256,0.640614,52.386891,1.861055
52,fft,fp64,forward,none,out-of-place,16,65536,64,1,65536,online-reorder,radix8,gauss3,table,shared,scalar,0,64,0,0,8,8,0,0,10,4,0,0,named-barrier,3,0.640768,0.640102,0.641843,52.365962,1.861799
53,fft,fp64,forward,none,out-of-place,16,65536,64,1,65536,online-reorder,radix2,four-mul,table,shared,scalar,0,256,0,0,8,8,0,0,8,2,0,0,named-barrier,3,0.644147,0.644147,0.644147,52.091247,1.871617
54,fft,fp64,forward,none,out-of-place,16,65536,64,1,65536,online-reorder,radix2,gauss3,table,shared,scalar,0,256,0,0,8,8,0,0,8,2,0,0,named-barrier,3,0.645171,0.645018,0.645171,52.008569,1.874592
55,fft,fp64,forward,none,out-of-place,16,65536,64,1,65536,online-reorder,radix4,four-mul,table,shared,scalar,0,128,0,0,8,8,0,0,10,1,0,0,named-barrier,3,0.649216,0.649165,0.649830,51.684543,1.886346
56,fft,fp64,forward,none,out-of-place,16,65536,64,1,65536,online-reorder,radix8,gauss3,table,shared,scalar,0,128,0,0,8,8,0,0,10,4,0,0,named-barrier,3,0.649267,0.577690,0.649933,51.680467,1.886494
57,fft,fp64,forward,none,out-of-place,16,65536,64,1,65536,online-reorder,radix4,four-mul,table,shared,scalar,0,128,0,0,8,8,0,0,8,4,0,0,named-barrier,3,0.650342,0.650138,0.651725,51.595024,1.889617
58,fft,fp64,forward,none,out-of-place,16,65536,64,1,65536,online-reorder,radix2,four-mul,table,shared,scalar,0,128,0,0,8,8,0,0,8,2,0,0,named-barrier,3,0.651366,0.651059,0.651418,51.513917,1.892593
59,fft,fp64,forward,none,out-of-place,16,65536,64,1,65536,online-reorder,radix2,gauss3,table,shared,scalar,0,128,0,0,8,8,0,0,8,2,0,0,named-barrier,3,0.652134,0.652083,0.652186,51.453245,1.894824
60,fft,fp64,forward,none,out-of-place,16,65536,64,1,65536,online-reorder,radix4,gauss3,table,shared,scalar,0,128,0,0,8,8,0,0,10,1,0,0,named-barrier,3,0.652544,0.652390,0.652595,51.420948,1.896015
61,fft,fp64,forward,none,out-of-place,16,65536,64,1,65536,online-reorder,radix4,gauss3,table,shared,scalar,0,128,0,0,8,8,0,0,8,4,0,0,named-barrier,3,0.653619,0.653363,0.653773,51.336365,1.899139
62,fft,fp64,forward,none,out-of-place,16,65536,64,1,65536,online-reorder,radix2,four-mul,table,shared,scalar,0,128,0,0,8,8,0,0,6,1,0,0,named-barrier,3,0.653670,0.653619,0.654234,51.332339,1.899287
63,fft,fp64,forward,none,out-of-place,16,65536,64,1,65536,online-reorder,radix2,gauss3,table,shared,scalar,0,128,0,0,8,8,0,0,6,1,0,0,named-barrier,3,0.657101,0.657050,0.729242,51.064361,1.909256
64,fft,fp64,forward,none,out-of-place,16,65536,64,1,65536,online-reorder,radix2,four-mul,table,shared,scalar,0,32,0,0,8,8,0,0,8,1,0,0,named-barrier,3,0.659866,0.659354,0.660634,50.850402,1.917290
65,fft,fp64,forward,none,out-of-place,16,65536,64,1,65536,online-reorder,radix2,gauss3,table,shared,scalar,0,32,0,0,8,8,0,0,8,1,0,0,named-barrier,3,0.661606,0.661606,0.661811,50.716605,1.922346
66,fft,fp64,forward,none,out-of-place,16,65536,64,1,65536,online-reorder,radix4,gauss3,table,shared,scalar,0,32,0,0,8,8,0,0,10,1,0,0,named-barrier,3,0.663040,0.662989,0.663859,50.606947,1.926512
67,fft,fp64,forward,none,out-of-place,16,65536,64,1,65536,online-reorder,radix8,four-mul,table,shared,scalar,0,64,0,0,8,8,0,0,8,1,0,0,named-barrier,3,0.663808,0.663296,0.664371,50.548400,1.928744
68,fft,fp64,forward,none,out-of-place,16,65536,64,1,65536,online-reorder,radix8,gauss3,table,shared,scalar,0,64,0,0,8,8,0,0,8,1,0,0,named-barrier,3,0.664986,0.664883,0.664986,50.458885,1.932166
69,fft,fp64,forward,none,out-of-place,16,65536,64,1,65536,online-reorder,radix2,four-mul,table,shared,scalar,0,256,0,0,8,8,0,0,8,4,0,0,named-barrier,3,0.667187,0.666982,0.667341,50.292379,1.938562
70,fft,fp64,forward,none,out-of-place,16,65536,64,1,65536,online-reorder,radix2,gauss3,table,shared,scalar,0,256,0,0,8,8,0,0,8,4,0,0,named-barrier,3,0.668672,0.668416,0.668723,50.180707,1.942876
71,fft,fp64,forward,none,out-of-place,16,65536,64,1,65536,online-reorder,radix8,four-mul,table,shared,scalar,0,128,0,0,8,8,0,0,8,4,0,0,named-barrier,3,0.671949,0.668928,0.673741,49.935996,1.952398
72,fft,fp64,forward,none,out-of-place,16,65536,64,1,65536,online-reorder,radix4,four-mul,table,shared,scalar,0,32,0,0,8,8,0,0,10,1,0,0,named-barrier,3,0.672358,0.671590,0.674099,49.905575,1.953586
73,fft,fp64,forward,none,out-of-place,16,65536,64,1,65536,online-reorder,radix8,gauss3,table,shared,scalar,0,128,0,0,8,8,0,0,8,4,0,0,named-barrier,3,0.675635,0.671590,0.695654,49.663533,1.963108
74,fft,fp64,forward,none,out-of-place,16,65536,64,1,65536,online-reorder,radix8,four-mul,table,shared,scalar,0,128,0,0,8,8,0,0,8,1,0,0,named-barrier,3,0.677069,0.676915,0.677478,49.558377,1.967275
75,fft,fp64,forward,none,out-of-place,16,65536,64,1,65536,online-reorder,radix8,gauss3,table,shared,scalar,0,128,0,0,8,8,0,0,8,1,0,0,named-barrier,3,0.677069,0.677018,0.677325,49.558377,1.967275
76,fft,fp64,forward,none,out-of-place,16,65536,64,1,65536,online-reorder,radix4,gauss3,table,shared,scalar,0,128,0,0,8,8,0,0,6,1,0,0,named-barrier,3,0.677120,0.676608,0.677171,49.554629,1.967423
77,fft,fp64,forward,none,out-of-place,16,65536,64,1,65536,online-reorder,radix4,four-mul,table,shared,scalar,0,128,0,0,8,8,0,0,6,1,0,0,named-barrier,3,0.677274,0.677069,0.677478,49.543391,1.967870
78,fft,fp64,forward,none,out-of-place,16,65536,64,1,65536,online-reorder,radix8,four-mul,table,shared,scalar,0,128,0,0,8,8,0,0,8,2,0,0,named-barrier,3,0.678656,0.677786,0.679117,49.442476,1.971886
79,fft,fp64,forward,none,out-of-place,16,65536,64,1,65536,online-reorder,radix8,gauss3,table,shared,scalar,0,128,0,0,8,8,0,0,8,2,0,0,named-barrier,3,0.678656,0.678554,0.679219,49.442476,1.971886
80,fft,fp64,forward,none,out-of-place,16,65536,64,1,65536,online-reorder,radix4,four-mul,table,shared,scalar,0,64,0,0,8,8,0,0,8,2,0,0,named-barrier,3,0.679629,0.679322,0.679731,49.371705,1.974713
81,fft,fp64,forward,none,out-of-place,16,65536,64,1,65536,online-reorder,radix4,gauss3,table,shared,scalar,0,64,0,0,8,8,0,0,8,2,0,0,named-barrier,3,0.680806,0.680397,0.683213,49.286305,1.978133
82,fft,fp64,forward,none,out-of-place,16,65536,64,1,65536,online-reorder,radix8,four-mul,table,shared,scalar,0,32,0,0,8,8,0,0,8,1,0,0,named-barrier,3,0.682035,0.680960,0.682650,49.197507,1.981704
83,fft,fp64,forward,none,out-of-place,16,65536,64,1,65536,online-reorder,radix8,four-mul,table,shared,scalar,0,64,0,0,8,8,0,0,8,2,0,0,named-barrier,3,0.682138,0.681984,0.682138,49.190122,1.982003
84,fft,fp64,forward,none,out-of-place,16,65536,64,1,65536,online-reorder,radix8,gauss3,table,shared,scalar,0,64,0,0,8,8,0,0,8,2,0,0,named-barrier,3,0.683878,0.682650,0.689050,49.064908,1.987059
85,fft,fp64,forward,none,out-of-place,16,65536,64,1,65536,online-reorder,radix4,gauss3,table,shared,scalar,0,32,0,0,8,8,0,0,10,2,0,0,named-barrier,3,0.686234,0.683776,0.701696,48.896513,1.993904
86,fft,fp64,forward,none,out-of-place,16,65536,64,1,65536,online-reorder,radix8,gauss3,table,shared,scalar,0,32,0,0,8,8,0,0,8,1,0,0,named-barrier,3,0.686797,0.682291,0.690944,48.856420,1.995540
87,fft,fp64,forward,none,out-of-place,16,65536,64,1,65536,online-reorder,radix2,four-mul,table,shared,scalar,0,256,0,0,8,8,0,0,10,1,0,0,named-barrier,3,0.690432,0.689459,0.690637,48.599188,2.006102
88,fft,fp64,forward,none,out-of-place,16,65536,64,1,65536,online-reorder,radix2,gauss3,table,shared,scalar,0,256,0,0,8,8,0,0,10,1,0,0,named-barrier,3,0.690995,0.690944,0.692070,48.559572,2.007738
89,fft,fp64,forward,none,out-of-place,16,65536,64,1,65536,online-reorder,radix4,four-mul,table,shared,scalar,0,32,0,0,8,8,0,0,10,2,0,0,named-barrier,3,0.691251,0.688947,0.693811,48.541592,2.008481
90,fft,fp64,forward,none,out-of-place,16,65536,64,1,65536,online-reorder,radix2,four-mul,table,shared,scalar,0,128,0,0,8,8,0,0,8,4,0,0,named-barrier,3,0.713984,0.713318,0.714189,46.996055,2.074534
91,fft,fp64,forward,none,out-of-place,16,65536,64,1,65536,online-reorder,radix2,four-mul,table,shared,scalar,0,64,0,0,8,8,0,0,6,1,0,0,named-barrier,3,0.714342,0.714138,0.714701,46.972476,2.075574
92,fft,fp64,forward,none,out-of-place,16,65536,64,1,65536,online-reorder,radix2,gauss3,table,shared,scalar,0,128,0,0,8,8,0,0,8,4,0,0,named-barrier,3,0.715622,0.715315,0.716595,46.888462,2.079293
93,fft,fp64,forward,none,out-of-place,16,65536,64,1,65536,online-reorder,radix2,gauss3,table,shared,scalar,0,64,0,0,8,8,0,0,6,1,0,0,named-barrier,3,0.718438,0.718080,0.718490,46.704676,2.087475
94,fft,fp64,forward,none,out-of-place,16,65536,64,1,65536,online-reorder,radix2,gauss3,table,shared,scalar,0,64,0,0,8,8,0,0,10,2,0,0,named-barrier,3,0.720333,0.719309,0.720845,46.581847,2.092981
95,fft,fp64,forward,none,out-of-place,16,65536,64,1,65536,online-reorder,radix2,four-mul,table,shared,scalar,0,64,0,0,8,8,0,0,10,2,0,0,named-barrier,3,0.720589,0.718080,0.720896,46.565297,2.093725
96,fft,fp64,forward,none,out-of-place,16,65536,64,1,65536,online-reorder,radix2,gauss3,table,shared,scalar,0,64,0,0,8,8,0,0,10,1,0,0,named-barrier,3,0.721203,0.720845,0.722074,46.525628,2.095509
97,fft,fp64,forward,none,out-of-place,16,65536,64,1,65536,online-reorder,radix2,four-mul,table,shared,scalar,0,64,0,0,8,8,0,0,10,1,0,0,named-barrier,3,0.721408,0.720947,0.721715,46.512420,2.096105
98,fft,fp64,forward,none,out-of-place,16,65536,64,1,65536,online-reorder,radix8,four-mul,table,shared,scalar,0,256,0,0,8,8,0,0,10,4,0,0,named-barrier,3,0.724736,0.724531,0.725248,46.298832,2.105775
99,fft,fp64,forward,none,out-of-place,16,65536,64,1,65536,online-reorder,radix4,four-mul,table,shared,scalar,0,64,0,0,8,8,0,0,6,1,0,0,named-barrier,3,0.725094,0.724634,0.726170,46.275947,2.106815
100,fft,fp64,forward,none,out-of-place,16,65536,64,1,65536,online-reorder,radix8,gauss3,table,shared,scalar,0,256,0,0,8,8,0,0,10,4,0,0,named-barrier,3,0.725811,0.724634,0.726016,46.230249,2.108898
101,fft,fp64,forward,none,out-of-place,16,65536,64,1,65536,online-reorder,radix4,gauss3,table,shared,scalar,0,64,0,0,8,8,0,0,6,1,0,0,named-barrier,3,0.725914,0.725811,0.726938,46.223724,2.109197
102,fft,fp64,forward,none,out-of-place,16,65536,64,1,65536,online-reorder,radix2,four-mul,table,shared,scalar,0,64,0,0,8,8,0,0,8,2,0,0,named-barrier,3,0.726067,0.724941,0.746547,46.213949,2.109642
103,fft,fp64,forward,none,out-of-place,16,65536,64,1,65536,online-reorder,radix2,gauss3,table,shared,scalar,0,64,0,0,8,8,0,0,8,2,0,0,named-barrier,3,0.726323,0.725197,0.726682,46.197657,2.110386
104,fft,fp64,forward,none,out-of-place,16,65536,64,1,65536,online-reorder,radix2,four-mul,table,shared,scalar,0,64,0,0,8,8,0,0,10,4,0,0,named-barrier,3,0.727450,0.726528,0.728064,46.126126,2.113660
105,fft,fp64,forward,none,out-of-place,16,65536,64,1,65536,online-reorder,radix2,gauss3,table,shared,scalar,0,64,0,0,8,8,0,0,10,4,0,0,named-barrier,3,0.728832,0.728678,0.729088,46.038637,2.117676
106,fft,fp64,forward,none,out-of-place,16,65536,64,1,65536,online-reorder,radix4,four-mul,table,shared,scalar,0,256,0,0,8,8,0,0,6,1,0,0,named-barrier,3,0.738611,0.738611,0.738867,45.429085,2.146089
107,fft,fp64,forward,none,out-of-place,16,65536,64,1,65536,online-reorder,radix8,four-mul,table,shared,scalar,0,64,0,0,8,8,0,0,10,1,0,0,named-barrier,3,0.741069,0.739891,0.741171,45.278431,2.153231
108,fft,fp64,forward,none,out-of-place,16,65536,64,1,65536,online-reorder,radix4,gauss3,table,shared,scalar,0,32,0,0,8,8,0,0,10,4,0,0,named-barrier,3,0.741939,0.741069,0.742656,45.225313,2.155759
109,fft,fp64,forward,none,out-of-place,16,65536,64,1,65536,online-reorder,radix8,gauss3,table,shared,scalar,0,64,0,0,8,8,0,0,10,1,0,0,named-barrier,3,0.742810,0.741581,0.744755,45.172319,2.158290
110,fft,fp64,forward,none,out-of-place,16,65536,64,1,65536,online-reorder,radix8,four-mul,table,shared,scalar,0,32,0,0,8,8,0,0,10,2,0,0,named-barrier,3,0.743424,0.742451,0.743475,45.134986,2.160074
111,fft,fp64,forward,none,out-of-place,16,65536,64,1,65536,online-reorder,radix2,four-mul,table,shared,scalar,0,256,0,0,8,8,0,0,6,1,0,0,named-barrier,3,0.745062,0.744806,0.745882,45.035733,2.164833
112,fft,fp64,forward,none,out-of-place,16,65536,64,1,65536,online-reorder,radix4,four-mul,table,shared,scalar,0,32,0,0,8,8,0,0,10,4,0,0,named-barrier,3,0.748134,0.746854,0.748902,44.850806,2.173759
113,fft,fp64,forward,none,out-of-place,16,65536,64,1,65536,online-reorder,radix2,gauss3,table,shared,scalar,0,256,0,0,8,8,0,0,6,1,0,0,named-barrier,3,0.748339,0.747930,0.748595,44.838535,2.174355
114,fft,fp64,forward,none,out-of-place,16,65536,64,1,65536,online-reorder,radix8,gauss3,table,shared,scalar,0,32,0,0,8,8,0,0,10,2,0,0,named-barrier,3,0.748646,0.748032,0.753152,44.820135,2.175247
115,fft,fp64,forward,none,out-of-place,16,65536,64,1,65536,online-reorder,radix4,four-mul,table,shared,scalar,0,32,0,0,8,8,0,0,8,2,0,0,named-barrier,3,0.751002,0.750694,0.751104,44.679575,2.182092
116,fft,fp64,forward,none,out-of-place,16,65536,64,1,65536,online-reorder,radix4,gauss3,table,shared,scalar,0,32,0,0,8,8,0,0,8,2,0,0,named-barrier,3,0.751002,0.750643,0.751309,44.679575,2.182092
117,fft,fp64,forward,none,out-of-place,16,65536,64,1,65536,online-reorder,radix4,gauss3,table,shared,scalar,0,256,0,0,8,8,0,0,6,1,0,0,named-barrier,3,0.762368,0.762214,0.762419,44.013430,2.215117
118,fft,fp64,forward,none,out-of-place,16,65536,64,1,65536,online-reorder,radix8,four-mul,table,shared,scalar,0,256,0,0,8,8,0,0,10,2,0,0,named-barrier,3,0.763290,0.763290,0.763904,43.960291,2.217796
119,fft,fp64,forward,none,out-of-place,16,65536,64,1,65536,online-reorder,radix8,gauss3,table,shared,scalar,0,256,0,0,8,8,0,0,10,2,0,0,named-barrier,3,0.763443,0.762829,0.763904,43.951447,2.218241
120,fft,fp64,forward,none,out-of-place,16,65536,64,1,65536,online-reorder,radix4,four-mul,table,shared,scalar,0,64,0,0,8,8,0,0,8,4,0,0,named-barrier,3,0.771533,0.770355,0.771738,43.490608,2.241747
121,fft,fp64,forward,none,out-of-place,16,65536,64,1,65536,online-reorder,radix4,gauss3,table,shared,scalar,0,64,0,0,8,8,0,0,8,4,0,0,named-barrier,3,0.772864,0.771840,0.773171,43.415701,2.245614
122,fft,fp64,forward,none,out-of-place,16,65536,64,1,65536,online-reorder,radix4,four-mul,table,shared,scalar,0,32,0,0,8,8,0,0,6,1,0,0,named-barrier,3,0.778240,0.778138,0.778342,43.115788,2.261234
123,fft,fp64,forward,none,out-of-place,16,65536,64,1,65536,online-reorder,radix4,gauss3,table,shared,scalar,0,32,0,0,8,8,0,0,6,1,0,0,named-barrier,3,0.778240,0.777882,0.778445,43.115788,2.261234
124,fft,fp64,forward,none,out-of-place,16,65536,64,1,65536,online-reorder,radix8,four-mul,table,shared,scalar,0,32,0,0,8,8,0,0,10,4,0,0,named-barrier,3,0.779930,0.778854,0.784230,43.022387,2.266145
125,fft,fp64,forward,none,out-of-place,16,65536,64,1,65536,online-reorder,radix8,gauss3,table,shared,scalar,0,32,0,0,8,8,0,0,10,4,0,0,named-barrier,3,0.783616,0.783206,0.785050,42.819993,2.276855
126,fft,fp64,forward,none,out-of-place,16,65536,64,1,65536,online-reorder,radix8,four-mul,table,shared,scalar,0,128,0,0,8,8,0,0,6,1,0,0,named-barrier,3,0.786586,0.786330,0.786688,42.658333,2.285484
127,fft,fp64,forward,none,out-of-place,16,65536,64,1,65536,online-reorder,radix8,gauss3,table,shared,scalar,0,128,0,0,8,8,0,0,6,1,0,0,named-barrier,3,0.787814,0.787712,0.787917,42.591799,2.289052
128,fft,fp64,forward,none,out-of-place,16,65536,64,1,65536,online-reorder,radix8,four-mul,table,shared,scalar,0,64,0,0,8,8,0,0,8,4,0,0,named-barrier,3,0.789658,0.788378,0.792064,42.492382,2.294410
129,fft,fp64,forward,none,out-of-place,16,65536,64,1,65536,online-reorder,radix8,gauss3,table,shared,scalar,0,64,0,0,8,8,0,0,8,4,0,0,named-barrier,3,0.791501,0.791091,0.794266,42.393427,2.299765
130,fft,fp64,forward,none,out-of-place,16,65536,64,1,65536,online-reorder,radix2,four-mul,table,shared,scalar,0,32,0,0,8,8,0,0,8,2,0,0,named-barrier,3,0.797747,0.797338,0.798157,42.061485,2.317913
131,fft,fp64,forward,none,out-of-place,16,65536,64,1,65536,online-reorder,radix8,gauss3,table,shared,scalar,0,32,0,0,8,8,0,0,10,1,0,0,named-barrier,3,0.798925,0.798874,0.802253,41.999487,2.321336
132,fft,fp64,forward,none,out-of-place,16,65536,64,1,65536,online-reorder,radix8,four-mul,table,shared,scalar,0,32,0,0,8,8,0,0,10,1,0,0,named-barrier,3,0.799642,0.797389,0.801894,41.961838,2.323420
133,fft,fp64,forward,none,out-of-place,16,65536,64,1,65536,online-reorder,radix2,gauss3,table,shared,scalar,0,32,0,0,8,8,0,0,8,2,0,0,named-barrier,3,0.800614,0.800563,0.801792,41.910855,2.326244
134,fft,fp64,forward,none,out-of-place,16,65536,64,1,65536,online-reorder,radix8,four-mul,table,shared,scalar,0,64,0,0,8,8,0,0,6,1,0,0,named-barrier,3,0.804096,0.804096,0.804301,41.729383,2.336361
135,fft,fp64,forward,none,out-of-place,16,65536,64,1,65536,online-reorder,radix8,gauss3,table,shared,scalar,0,64,0,0,8,8,0,0,6,1,0,0,named-barrier,3,0.805120,0.804762,0.805478,41.676312,2.339336
136,fft,fp64,forward,none,out-of-place,16,65536,64,1,65536,online-reorder,radix8,four-mul,table,shared,scalar,0,256,0,0,8,8,0,0,8,4,0,0,named-barrier,3,0.807731,0.806605,0.808294,41.541579,2.346923
137,fft,fp64,forward,none,out-of-place,16,65536,64,1,65536,online-reorder,radix4,gauss3,table,shared,scalar,0,256,0,0,8,8,0,0,10,1,0,0,named-barrier,3,0.809984,0.809626,0.810035,41.426042,2.353469
138,fft,fp64,forward,none,out-of-place,16,65536,64,1,65536,online-reorder,radix2,four-mul,table,shared,scalar,0,64,0,0,8,8,0,0,8,4,0,0,named-barrier,3,0.811110,0.810547,0.811162,41.368515,2.356741
139,fft,fp64,forward,none,out-of-place,16,65536,64,1,65536,online-reorder,radix4,four-mul,table,shared,scalar,0,256,0,0,8,8,0,0,10,1,0,0,named-barrier,3,0.811520,0.811264,0.811622,41.347635,2.357932
140,fft,fp64,forward,none,out-of-place,16,65536,64,1,65536,online-reorder,radix8,gauss3,table,shared,scalar,0,256,0,0,8,8,0,0,8,4,0,0,named-barrier,3,0.811674,0.811366,0.813466,41.339807,2.358379
141,fft,fp64,forward,none,out-of-place,16,65536,64,1,65536,online-reorder,radix8,gauss3,table,shared,scalar,0,32,0,0,8,8,0,0,8,2,0,0,named-barrier,3,0.813926,0.813926,0.816179,41.225389,2.364923
142,fft,fp64,forward,none,out-of-place,16,65536,64,1,65536,online-reorder,radix2,gauss3,table,shared,scalar,0,64,0,0,8,8,0,0,8,4,0,0,named-barrier,3,0.815053,0.814797,0.815309,41.168415,2.368197
143,fft,fp64,forward,none,out-of-place,16,65536,64,1,65536,online-reorder,radix8,four-mul,table,shared,scalar,0,32,0,0,8,8,0,0,8,2,0,0,named-barrier,3,0.815974,0.812851,0.816128,41.121917,2.370873
144,fft,fp64,forward,none,out-of-place,16,65536,64,1,65536,online-reorder,radix2,four-mul,table,shared,scalar,0,32,0,0,8,8,0,0,6,1,0,0,named-barrier,3,0.816384,0.815923,0.816947,41.101285,2.372065
145,fft,fp64,forward,none,out-of-place,16,65536,64,1,65536,online-reorder,radix2,gauss3,table,shared,scalar,0,32,0,0,8,8,0,0,6,1,0,0,named-barrier,3,0.822528,0.822477,0.822886,40.794273,2.389916
146,fft,fp64,forward,none,out-of-place,16,65536,64,1,65536,online-reorder,radix4,four-mul,table,shared,scalar,0,32,0,0,8,8,0,0,8,4,0,0,named-barrier,3,0.822528,0.822067,0.823603,40.794273,2.389916
147,fft,fp64,forward,none,out-of-place,16,65536,64,1,65536,online-reorder,radix4,gauss3,table,shared,scalar,0,32,0,0,8,8,0,0,8,4,0,0,named-barrier,3,0.828467,0.827802,0.829901,40.501824,2.407173
148,fft,fp64,forward,none,out-of-place,16,65536,64,1,65536,online-reorder,radix8,four-mul,table,shared,scalar,0,256,0,0,8,8,0,0,8,2,0,0,named-barrier,3,0.831181,0.830925,0.831590,40.369597,2.415058
149,fft,fp64,forward,none,out-of-place,16,65536,64,1,65536,online-reorder,radix8,four-mul,table,shared,scalar,0,128,0,0,8,8,0,0,10,1,0,0,named-barrier,3,0.832614,0.832358,0.832666,40.300085,2.419222
150,fft,fp64,forward,none,out-of-place,16,65536,64,1,65536,online-reorder,radix8,gauss3,table,shared,scalar,0,128,0,0,8,8,0,0,10,1,0,0,named-barrier,3,0.834048,0.833946,0.834304,40.230818,2.423389
151,fft,fp64,forward,none,out-of-place,16,65536,64,1,65536,online-reorder,radix8,gauss3,table,shared,scalar,0,256,0,0,8,8,0,0,8,2,0,0,named-barrier,3,0.836557,0.835994,0.836710,40.110166,2.430679
152,fft,fp64,forward,none,out-of-place,16,65536,64,1,65536,online-reorder,radix2,four-mul,table,shared,scalar,0,32,0,0,8,8,0,0,10,1,0,0,named-barrier,3,0.845261,0.844954,0.845619,39.697135,2.455969
153,fft,fp64,forward,none,out-of-place,16,65536,64,1,65536,online-reorder,radix8,four-mul,table,shared,scalar,0,32,0,0,8,8,0,0,6,1,0,0,named-barrier,3,0.846029,0.845414,0.846182,39.661099,2.458200
154,fft,fp64,forward,none,out-of-place,16,65536,64,1,65536,online-reorder,radix8,gauss3,table,shared,scalar,0,32,0,0,8,8,0,0,6,1,0,0,named-barrier,3,0.847718,0.847360,0.847770,39.582049,2.463108
155,fft,fp64,forward,none,out-of-place,16,65536,64,1,65536,online-reorder,radix2,gauss3,table,shared,scalar,0,32,0,0,8,8,0,0,10,1,0,0,named-barrier,3,0.854016,0.853862,0.854016,39.290168,2.481407
156,fft,fp64,forward,none,out-of-place,16,65536,64,1,65536,online-reorder,radix2,four-mul,table,shared,scalar,0,32,0,0,8,8,0,0,10,2,0,0,named-barrier,3,0.873677,0.873626,0.874803,38.406002,2.538534
157,fft,fp64,forward,none,out-of-place,16,65536,64,1,65536,online-reorder,radix2,gauss3,table,shared,scalar,0,32,0,0,8,8,0,0,10,2,0,0,named-barrier,3,0.880794,0.880435,0.881920,38.095682,2.559213
158,fft,fp64,forward,none,out-of-place,16,65536,64,1,65536,online-reorder,radix8,gauss3,table,shared,scalar,0,32,0,0,8,8,0,0,8,4,0,0,named-barrier,3,0.892723,0.892570,0.893338,37.586602,2.593873
159,fft,fp64,forward,none,out-of-place,16,65536,64,1,65536,online-reorder,radix8,four-mul,table,shared,scalar,0,256,0,0,8,8,0,0,8,1,0,0,named-barrier,3,0.898458,0.898253,0.898816,37.346704,2.610537
160,fft,fp64,forward,none,out-of-place,16,65536,64,1,65536,online-reorder,radix2,four-mul,table,shared,scalar,0,32,0,0,8,8,0,0,10,4,0,0,named-barrier,3,0.901120,0.899840,0.901376,37.236363,2.618271
161,fft,fp64,forward,none,out-of-place,16,65536,64,1,65536,online-reorder,radix8,gauss3,table,shared,scalar,0,256,0,0,8,8,0,0,8,1,0,0,named-barrier,3,0.902144,0.902144,0.902349,37.194099,2.621247
162,fft,fp64,forward,none,out-of-place,16,65536,64,1,65536,online-reorder,radix8,four-mul,table,shared,scalar,0,32,0,0,8,8,0,0,8,4,0,0,named-barrier,3,0.903885,0.887808,0.906803,37.122466,2.626305
163,fft,fp64,forward,none,out-of-place,16,65536,64,1,65536,online-reorder,radix2,four-mul,table,shared,scalar,0,32,0,0,8,8,0,0,8,4,0,0,named-barrier,3,0.904346,0.904090,0.904755,37.103548,2.627645
164,fft,fp64,forward,none,out-of-place,16,65536,64,1,65536,online-reorder,radix2,gauss3,table,shared,scalar,0,32,0,0,8,8,0,0,10,4,0,0,named-barrier,3,0.909210,0.909005,0.909261,36.905057,2.641778
165,fft,fp64,forward,none,out-of-place,16,65536,64,1,65536,online-reorder,radix2,gauss3,table,shared,scalar,0,32,0,0,8,8,0,0,8,4,0,0,named-barrier,3,0.911821,0.911104,0.911872,36.799372,2.649364
166,fft,fp64,forward,none,out-of-place,16,65536,64,1,65536,online-reorder,radix8,gauss3,table,shared,scalar,0,256,0,0,8,8,0,0,10,1,0,0,named-barrier,3,1.123942,1.123635,1.123994,29.854228,3.265697
167,fft,fp64,forward,none,out-of-place,16,65536,64,1,65536,online-reorder,radix8,four-mul,table,shared,scalar,0,256,0,0,8,8,0,0,10,1,0,0,named-barrier,3,1.153690,1.123328,1.255578,29.084453,3.352132
168,fft,fp64,forward,none,out-of-place,16,65536,64,1,65536,online-reorder,radix8,gauss3,table,shared,scalar,0,256,0,0,8,8,0,0,6,1,0,0,named-barrier,3,1.165568,1.162598,1.166029,28.788052,3.386645
169,fft,fp64,forward,none,out-of-place,16,65536,64,1,65536,online-reorder,radix8,four-mul,table,shared,scalar,0,256,0,0,8,8,0,0,6,1,0,0,named-barrier,3,1.171558,1.164288,1.301402,28.640854,3.404049
170,fft,fp64,forward,none,out-of-place,16,65536,64,1,65536,hierarchical,radix4,gauss3,table,shared,scalar,0,256,0,0,8,8,0,0,10,0,0,0,named-barrier,3,1.234278,1.234125,1.235610,27.185464,3.586287
171,fft,fp64,forward,none,out-of-place,16,65536,64,1,65536,hierarchical,radix4,four-mul,table,shared,scalar,0,256,0,0,8,8,0,0,10,0,0,0,named-barrier,3,1.237862,1.236070,1.238221,27.106755,3.596700
172,fft,fp64,forward,none,out-of-place,16,65536,64,1,65536,hierarchical,radix4,four-mul,table,shared,scalar,0,128,0,0,8,8,0,0,10,0,0,0,named-barrier,3,1.245542,1.245440,1.246310,26.939614,3.619015
173,fft,fp64,forward,none,out-of-place,16,65536,64,1,65536,hierarchical,radix4,gauss3,table,shared,scalar,0,128,0,0,8,8,0,0,10,0,0,0,named-barrier,3,1.247181,1.246464,1.247232,26.904224,3.623777
174,fft,fp64,forward,none,out-of-place,16,65536,64,1,65536,hierarchical,radix8,gauss3,table,shared,scalar,0,256,0,0,8,8,0,0,10,0,0,0,named-barrier,3,1.249997,1.249690,1.250918,26.843615,3.631960
175,fft,fp64,forward,none,out-of-place,16,65536,64,1,65536,hierarchical,radix8,four-mul,table,shared,scalar,0,256,0,0,8,8,0,0,10,0,0,0,named-barrier,3,1.250918,1.250765,1.251482,26.823838,3.634636
176,fft,fp64,forward,none,out-of-place,16,65536,64,1,65536,hierarchical,radix8,four-mul,table,shared,scalar,0,128,0,0,8,8,0,0,10,0,0,0,named-barrier,3,1.254656,1.253990,1.255629,26.743928,3.645497
177,fft,fp64,forward,none,out-of-place,16,65536,64,1,65536,hierarchical,radix8,gauss3,table,shared,scalar,0,128,0,0,8,8,0,0,10,0,0,0,named-barrier,3,1.255014,1.254349,1.255526,26.736292,3.646537
178,fft,fp64,forward,none,out-of-place,16,65536,64,1,65536,hierarchical,radix2,gauss3,table,shared,scalar,0,256,0,0,8,8,0,0,10,0,0,0,named-barrier,3,1.267917,1.267814,1.268122,26.464222,3.684027
179,fft,fp64,forward,none,out-of-place,16,65536,64,1,65536,hierarchical,radix2,four-mul,table,shared,scalar,0,256,0,0,8,8,0,0,10,0,0,0,named-barrier,3,1.267968,1.267558,1.267968,26.463155,3.684176
180,fft,fp64,forward,none,out-of-place,16,65536,64,1,65536,hierarchical,radix4,gauss3,table,shared,scalar,0,64,0,0,8,8,0,0,10,0,0,0,named-barrier,3,1.286246,1.285939,1.286451,26.087095,3.737284
181,fft,fp64,forward,none,out-of-place,16,65536,64,1,65536,hierarchical,radix4,four-mul,table,shared,scalar,0,64,0,0,8,8,0,0,10,0,0,0,named-barrier,3,1.286912,1.286758,1.287424,26.073603,3.739219
182,fft,fp64,forward,none,out-of-place,16,65536,64,1,65536,hierarchical,radix2,four-mul,table,shared,scalar,0,128,0,0,8,8,0,0,10,0,0,0,named-barrier,3,1.288141,1.286912,1.288141,26.048731,3.742790
183,fft,fp64,forward,none,out-of-place,16,65536,64,1,65536,hierarchical,radix2,gauss3,table,shared,scalar,0,128,0,0,8,8,0,0,10,0,0,0,named-barrier,3,1.290035,1.288090,1.290496,26.010479,3.748293
184,fft,fp64,forward,none,out-of-place,16,65536,64,1,65536,hierarchical,radix8,four-mul,table,shared,scalar,0,64,0,0,8,8,0,0,10,0,0,0,named-barrier,3,1.303194,1.302323,1.303450,25.747850,3.786527
185,fft,fp64,forward,none,out-of-place,16,65536,64,1,65536,hierarchical,radix8,gauss3,table,shared,scalar,0,64,0,0,8,8,0,0,10,0,0,0,named-barrier,3,1.303450,1.303245,1.303859,25.742791,3.787271
186,fft,fp64,forward,none,out-of-place,16,65536,64,1,65536,hierarchical,radix2,four-mul,table,shared,scalar,0,64,0,0,8,8,0,0,10,0,0,0,named-barrier,3,1.392282,1.392230,1.392486,24.100319,4.045379
187,fft,fp64,forward,none,out-of-place,16,65536,64,1,65536,hierarchical,radix4,four-mul,table,shared,scalar,0,32,0,0,8,8,0,0,10,0,0,0,named-barrier,3,1.392589,1.392538,1.392947,24.095003,4.046271
188,fft,fp64,forward,none,out-of-place,16,65536,64,1,65536,hierarchical,radix4,gauss3,table,shared,scalar,0,32,0,0,8,8,0,0,10,0,0,0,named-barrier,3,1.394330,1.394278,1.396582,24.064920,4.051330
189,fft,fp64,forward,none,out-of-place,16,65536,64,1,65536,hierarchical,radix2,gauss3,table,shared,scalar,0,64,0,0,8,8,0,0,10,0,0,0,named-barrier,3,1.395302,1.394483,1.395866,24.048143,4.054154
190,fft,fp64,forward,none,out-of-place,16,65536,64,1,65536,hierarchical,radix8,four-mul,table,shared,scalar,0,32,0,0,8,8,0,0,10,0,0,0,named-barrier,3,1.445325,1.445274,1.445376,23.215842,4.199500
191,fft,fp64,forward,none,out-of-place,16,65536,64,1,65536,hierarchical,radix8,gauss3,table,shared,scalar,0,32,0,0,8,8,0,0,10,0,0,0,named-barrier,3,1.447680,1.447424,1.447680,23.178073,4.206342
192,fft,fp64,forward,none,out-of-place,16,65536,64,1,65536,hierarchical,radix2,four-mul,table,shared,scalar,0,32,0,0,8,8,0,0,10,0,0,0,named-barrier,3,1.514394,1.513728,1.551155,22.157009,4.400185
193,fft,fp64,forward,none,out-of-place,16,65536,64,1,65536,hierarchical,radix4,four-mul,table,shared,scalar,0,128,0,0,8,8,0,0,8,0,0,0,named-barrier,3,1.519206,1.518848,1.519667,22.086816,4.414166
194,fft,fp64,forward,none,out-of-place,16,65536,64,1,65536,hierarchical,radix4,gauss3,table,shared,scalar,0,128,0,0,8,8,0,0,8,0,0,0,named-barrier,3,1.519360,1.519053,1.520026,22.084584,4.414614
195,fft,fp64,forward,none,out-of-place,16,65536,64,1,65536,hierarchical,radix2,gauss3,table,shared,scalar,0,32,0,0,8,8,0,0,10,0,0,0,named-barrier,3,1.519974,1.519821,1.521306,22.075655,4.416398
196,fft,fp64,forward,none,out-of-place,16,65536,64,1,65536,hierarchical,radix4,four-mul,table,shared,scalar,0,256,0,0,8,8,0,0,8,0,0,0,named-barrier,3,1.522432,1.521971,1.522739,22.040019,4.423540
197,fft,fp64,forward,none,out-of-place,16,65536,64,1,65536,hierarchical,radix4,gauss3,table,shared,scalar,0,256,0,0,8,8,0,0,8,0,0,0,named-barrier,3,1.526221,1.525299,1.526477,21.985306,4.434549
198,fft,fp64,forward,none,out-of-place,16,65536,64,1,65536,hierarchical,radix2,four-mul,table,shared,scalar,0,256,0,0,8,8,0,0,8,0,0,0,named-barrier,3,1.534771,1.534208,1.534771,21.862824,4.459392
199,fft,fp64,forward,none,out-of-place,16,65536,64,1,65536,hierarchical,radix2,gauss3,table,shared,scalar,0,256,0,0,8,8,0,0,8,0,0,0,named-barrier,3,1.535334,1.534874,1.535437,21.854804,4.461028
200,fft,fp64,forward,none,out-of-place,16,65536,64,1,65536,hierarchical,radix2,four-mul,table,shared,scalar,0,128,0,0,8,8,0,0,8,0,0,0,named-barrier,3,1.537382,1.537229,1.538406,21.825691,4.466978
201,fft,fp64,forward,none,out-of-place,16,65536,64,1,65536,hierarchical,radix2,gauss3,table,shared,scalar,0,128,0,0,8,8,0,0,8,0,0,0,named-barrier,3,1.537485,1.537280,1.537536,21.824235,4.467277
202,fft,fp64,forward,none,out-of-place,16,65536,64,1,65536,hierarchical,radix8,four-mul,table,shared,scalar,0,128,0,0,8,8,0,0,8,0,0,0,named-barrier,3,1.552486,1.552384,1.553613,21.613350,4.510864
203,fft,fp64,forward,none,out-of-place,16,65536,64,1,65536,hierarchical,radix8,gauss3,table,shared,scalar,0,128,0,0,8,8,0,0,8,0,0,0,named-barrier,3,1.552538,1.552538,1.552947,21.612636,4.511015
204,fft,fp64,forward,none,out-of-place,16,65536,64,1,65536,hierarchical,radix4,gauss3,table,shared,scalar,0,64,0,0,8,8,0,0,8,0,0,0,named-barrier,3,1.554739,1.554688,1.555302,21.582032,4.517410
205,fft,fp64,forward,none,out-of-place,16,65536,64,1,65536,hierarchical,radix4,four-mul,table,shared,scalar,0,64,0,0,8,8,0,0,8,0,0,0,named-barrier,3,1.556429,1.555866,1.556736,21.558604,4.522321
206,fft,fp64,forward,none,out-of-place,16,65536,64,1,65536,hierarchical,radix4,four-mul,table,shared,scalar,0,32,0,0,8,8,0,0,8,0,0,0,named-barrier,3,1.564979,1.564979,1.565491,21.440817,4.547163
207,fft,fp64,forward,none,out-of-place,16,65536,64,1,65536,hierarchical,radix4,gauss3,table,shared,scalar,0,32,0,0,8,8,0,0,8,0,0,0,named-barrier,3,1.567130,1.566259,1.567539,21.411396,4.553413
208,fft,fp64,forward,none,out-of-place,16,65536,64,1,65536,hierarchical,radix2,four-mul,table,shared,scalar,0,64,0,0,8,8,0,0,8,0,0,0,named-barrier,3,1.573478,1.573171,1.573734,21.325002,4.571858
209,fft,fp64,forward,none,out-of-place,16,65536,64,1,65536,hierarchical,radix2,gauss3,table,shared,scalar,0,64,0,0,8,8,0,0,8,0,0,0,named-barrier,3,1.573990,1.573325,1.574195,21.318066,4.573345
210,fft,fp64,forward,none,out-of-place,16,65536,64,1,65536,hierarchical,radix8,gauss3,table,shared,scalar,0,64,0,0,8,8,0,0,8,0,0,0,named-barrier,3,1.576960,1.576909,1.577626,21.277923,4.581975
211,fft,fp64,forward,none,out-of-place,16,65536,64,1,65536,hierarchical,radix8,four-mul,table,shared,scalar,0,64,0,0,8,8,0,0,8,0,0,0,named-barrier,3,1.577574,1.575219,1.579264,21.269634,4.583759
212,fft,fp64,forward,none,out-of-place,16,65536,64,1,65536,hierarchical,radix8,gauss3,table,shared,scalar,0,32,0,0,8,8,0,0,8,0,0,0,named-barrier,3,1.583411,1.583258,1.583616,21.191230,4.600719
213,fft,fp64,forward,none,out-of-place,16,65536,64,1,65536,hierarchical,radix8,four-mul,table,shared,scalar,0,32,0,0,8,8,0,0,8,0,0,0,named-barrier,3,1.584128,1.583923,1.584538,21.181642,4.602802
214,fft,fp64,forward,none,out-of-place,16,65536,64,1,65536,hierarchical,radix2,four-mul,table,shared,scalar,0,32,0,0,8,8,0,0,8,0,0,0,named-barrier,3,1.591859,1.591194,1.592320,21.078768,4.625265
215,fft,fp64,forward,none,out-of-place,16,65536,64,1,65536,hierarchical,radix2,gauss3,table,shared,scalar,0,32,0,0,8,8,0,0,8,0,0,0,named-barrier,3,1.592678,1.592166,1.592781,21.067928,4.627645
216,fft,fp64,forward,none,out-of-place,16,65536,64,1,65536,hierarchical,radix8,four-mul,table,shared,scalar,0,256,0,0,8,8,0,0,8,0,0,0,named-barrier,3,1.669376,1.669325,1.669734,20.099984,4.850497
217,fft,fp64,forward,none,out-of-place,16,65536,64,1,65536,hierarchical,radix8,gauss3,table,shared,scalar,0,256,0,0,8,8,0,0,8,0,0,0,named-barrier,3,1.669581,1.669478,1.670093,20.097519,4.851092
218,fft,fp64,forward,none,out-of-place,16,65536,64,1,65536,hierarchical,radix4,four-mul,table,shared,scalar,0,64,0,0,8,8,0,0,6,0,0,0,named-barrier,3,1.832192,1.832192,1.832397,18.313818,5.323571
219,fft,fp64,forward,none,out-of-place,16,65536,64,1,65536,hierarchical,radix4,gauss3,table,shared,scalar,0,64,0,0,8,8,0,0,6,0,0,0,named-barrier,3,1.833062,1.833011,1.833830,18.305123,5.326098
220,fft,fp64,forward,none,out-of-place,16,65536,64,1,65536,hierarchical,radix4,gauss3,table,shared,scalar,0,32,0,0,8,8,0,0,6,0,0,0,named-barrier,3,1.834291,1.833933,1.834650,18.292860,5.329669
221,fft,fp64,forward,none,out-of-place,16,65536,64,1,65536,hierarchical,radix4,four-mul,table,shared,scalar,0,32,0,0,8,8,0,0,6,0,0,0,named-barrier,3,1.836851,1.836390,1.837056,18.267366,5.337108
222,fft,fp64,forward,none,out-of-place,16,65536,64,1,65536,hierarchical,radix2,gauss3,table,shared,scalar,0,32,0,0,8,8,0,0,6,0,0,0,named-barrier,3,1.846067,1.845555,1.846323,18.176170,5.363885
223,fft,fp64,forward,none,out-of-place,16,65536,64,1,65536,hierarchical,radix2,four-mul,table,shared,scalar,0,32,0,0,8,8,0,0,6,0,0,0,named-barrier,3,1.847859,1.847450,1.848781,18.158544,5.369092
224,fft,fp64,forward,none,out-of-place,16,65536,64,1,65536,hierarchical,radix2,gauss3,table,shared,scalar,0,64,0,0,8,8,0,0,6,0,0,0,named-barrier,3,1.848678,1.848320,1.849037,18.150498,5.371472
225,fft,fp64,forward,none,out-of-place,16,65536,64,1,65536,hierarchical,radix2,four-mul,table,shared,scalar,0,64,0,0,8,8,0,0,6,0,0,0,named-barrier,3,1.849242,1.849088,1.850010,18.144969,5.373111
226,fft,fp64,forward,none,out-of-place,16,65536,64,1,65536,hierarchical,radix2,gauss3,table,shared,scalar,0,128,0,0,8,8,0,0,6,0,0,0,named-barrier,3,1.857792,1.857075,1.860045,18.061457,5.397953
227,fft,fp64,forward,none,out-of-place,16,65536,64,1,65536,hierarchical,radix2,four-mul,table,shared,scalar,0,128,0,0,8,8,0,0,6,0,0,0,named-barrier,3,1.861274,1.860813,1.861837,18.027674,5.408071
228,fft,fp64,forward,none,out-of-place,16,65536,64,1,65536,hierarchical,radix8,four-mul,table,shared,scalar,0,32,0,0,8,8,0,0,6,0,0,0,named-barrier,3,1.862400,1.862246,1.862502,18.016769,5.411342
229,fft,fp64,forward,none,out-of-place,16,65536,64,1,65536,hierarchical,radix8,gauss3,table,shared,scalar,0,32,0,0,8,8,0,0,6,0,0,0,named-barrier,3,1.863117,1.862810,1.863219,18.009838,5.413425
230,fft,fp64,forward,none,out-of-place,16,65536,64,1,65536,hierarchical,radix4,gauss3,table,shared,scalar,0,128,0,0,8,8,0,0,6,0,0,0,named-barrier,3,1.898957,1.898752,1.899059,17.669928,5.517561
231,fft,fp64,forward,none,out-of-place,16,65536,64,1,65536,hierarchical,radix4,four-mul,table,shared,scalar,0,128,0,0,8,8,0,0,6,0,0,0,named-barrier,3,1.900134,1.899469,1.900390,17.658978,5.520981
232,fft,fp64,forward,none,out-of-place,16,65536,64,1,65536,hierarchical,radix2,four-mul,table,shared,scalar,0,256,0,0,8,8,0,0,6,0,0,0,named-barrier,3,1.920000,1.919693,1.920358,17.476266,5.578703
233,fft,fp64,forward,none,out-of-place,16,65536,64,1,65536,hierarchical,radix2,gauss3,table,shared,scalar,0,256,0,0,8,8,0,0,6,0,0,0,named-barrier,3,1.920102,1.920051,1.920256,17.475335,5.579000
234,fft,fp64,forward,none,out-of-place,16,65536,64,1,65536,hierarchical,radix8,gauss3,table,shared,scalar,0,64,0,0,8,8,0,0,6,0,0,0,named-barrier,3,1.922458,1.922458,1.922970,17.453925,5.585845
235,fft,fp64,forward,none,out-of-place,16,65536,64,1,65536,hierarchical,radix8,four-mul,table,shared,scalar,0,64,0,0,8,8,0,0,6,0,0,0,named-barrier,3,1.922560,1.922458,1.922611,17.452996,5.586142
236,fft,fp64,forward,none,out-of-place,16,65536,64,1,65536,hierarchical,radix4,four-mul,table,shared,scalar,0,256,0,0,8,8,0,0,6,0,0,0,named-barrier,3,1.961165,1.961011,1.961626,17.109440,5.698311
237,fft,fp64,forward,none,out-of-place,16,65536,64,1,65536,hierarchical,radix4,gauss3,table,shared,scalar,0,256,0,0,8,8,0,0,6,0,0,0,named-barrier,3,1.974323,1.974221,1.974426,16.995409,5.736543
238,fft,fp64,forward,none,out-of-place,16,65536,64,1,65536,hierarchical,radix4,four-mul,table,shared,scalar,0,32,0,0,8,8,0,0,5,0,0,0,named-barrier,3,2.021530,2.021427,2.021888,16.598535,5.873706
239,fft,fp64,forward,none,out-of-place,16,65536,64,1,65536,hierarchical,radix4,gauss3,table,shared,scalar,0,32,0,0,8,8,0,0,5,0,0,0,named-barrier,3,2.021581,2.021530,2.021939,16.598115,5.873854
240,fft,fp64,forward,none,out-of-place,16,65536,64,1,65536,hierarchical,radix8,four-mul,table,shared,scalar,0,128,0,0,8,8,0,0,6,0,0,0,named-barrier,3,2.022042,2.021581,2.022144,16.594334,5.875194
241,fft,fp64,forward,none,out-of-place,16,65536,64,1,65536,hierarchical,radix8,gauss3,table,shared,scalar,0,128,0,0,8,8,0,0,6,0,0,0,named-barrier,3,2.022144,2.021581,2.022144,16.593494,5.875490
242,fft,fp64,forward,none,out-of-place,16,65536,64,1,65536,hierarchical,radix2,gauss3,table,shared,scalar,0,64,0,0,8,8,0,0,5,0,0,0,named-barrier,3,2.032640,2.032333,2.033306,16.507809,5.905987
243,fft,fp64,forward,none,out-of-place,16,65536,64,1,65536,hierarchical,radix2,four-mul,table,shared,scalar,0,64,0,0,8,8,0,0,5,0,0,0,named-barrier,3,2.032999,2.032845,2.033459,16.504897,5.907030
244,fft,fp64,forward,none,out-of-place,16,65536,64,1,65536,hierarchical,radix2,gauss3,table,shared,scalar,0,32,0,0,8,8,0,0,5,0,0,0,named-barrier,3,2.033561,2.032742,2.034330,16.500328,5.908663
245,fft,fp64,forward,none,out-of-place,16,65536,64,1,65536,hierarchical,radix2,four-mul,table,shared,scalar,0,32,0,0,8,8,0,0,5,0,0,0,named-barrier,3,2.040679,2.032691,2.058394,16.442782,5.929345
246,fft,fp64,forward,none,out-of-place,16,65536,64,1,65536,hierarchical,radix8,four-mul,table,shared,scalar,0,32,0,0,8,8,0,0,5,0,0,0,named-barrier,3,2.067712,2.067610,2.068121,16.227807,6.007892
247,fft,fp64,forward,none,out-of-place,16,65536,64,1,65536,hierarchical,radix4,four-mul,table,shared,scalar,0,64,0,0,8,8,0,0,5,0,0,0,named-barrier,3,2.068326,2.068326,2.068634,16.222986,6.009676
248,fft,fp64,forward,none,out-of-place,16,65536,64,1,65536,hierarchical,radix8,gauss3,table,shared,scalar,0,32,0,0,8,8,0,0,5,0,0,0,named-barrier,3,2.068429,2.067405,2.068634,16.222184,6.009975
249,fft,fp64,forward,none,out-of-place,16,65536,64,1,65536,hierarchical,radix4,gauss3,table,shared,scalar,0,64,0,0,8,8,0,0,5,0,0,0,named-barrier,3,2.069299,2.069248,2.069606,16.215360,6.012503
250,fft,fp64,forward,none,out-of-place,16,65536,64,1,65536,hierarchical,radix2,four-mul,table,shared,scalar,0,128,0,0,8,8,0,0,5,0,0,0,named-barrier,3,2.089011,2.088806,2.089011,16.062351,6.069777
251,fft,fp64,forward,none,out-of-place,16,65536,64,1,65536,hierarchical,radix2,gauss3,table,shared,scalar,0,128,0,0,8,8,0,0,5,0,0,0,named-barrier,3,2.089216,2.089216,2.089574,16.060777,6.070373
252,fft,fp64,forward,none,out-of-place,16,65536,64,1,65536,hierarchical,radix4,four-mul,table,shared,scalar,0,128,0,0,8,8,0,0,5,0,0,0,named-barrier,3,2.138777,2.138624,2.138880,15.688603,6.214376
253,fft,fp64,forward,none,out-of-place,16,65536,64,1,65536,hierarchical,radix4,gauss3,table,shared,scalar,0,128,0,0,8,8,0,0,5,0,0,0,named-barrier,3,2.140672,2.140467,2.140723,15.674719,6.219882
254,fft,fp64,forward,none,out-of-place,16,65536,64,1,65536,hierarchical,radix8,four-mul,table,shared,scalar,0,64,0,0,8,8,0,0,5,0,0,0,named-barrier,3,2.154291,2.154189,2.154342,15.575625,6.259453
255,fft,fp64,forward,none,out-of-place,16,65536,64,1,65536,hierarchical,radix8,gauss3,table,shared,scalar,0,64,0,0,8,8,0,0,5,0,0,0,named-barrier,3,2.157210,2.157158,2.157363,15.554553,6.267935
256,fft,fp64,forward,none,out-of-place,16,65536,64,1,65536,hierarchical,radix2,four-mul,table,shared,scalar,0,256,0,0,8,8,0,0,5,0,0,0,named-barrier,3,2.176307,2.176205,2.176512,15.418059,6.323422
257,fft,fp64,forward,none,out-of-place,16,65536,64,1,65536,hierarchical,radix2,gauss3,table,shared,scalar,0,256,0,0,8,8,0,0,5,0,0,0,named-barrier,3,2.181990,2.181786,2.182297,15.377901,6.339935
258,fft,fp64,forward,none,out-of-place,16,65536,64,1,65536,hierarchical,radix8,four-mul,table,shared,scalar,0,128,0,0,8,8,0,0,5,0,0,0,named-barrier,3,2.330573,2.330471,2.330829,14.397504,6.771654
259,fft,fp64,forward,none,out-of-place,16,65536,64,1,65536,hierarchical,radix8,gauss3,table,shared,scalar,0,128,0,0,8,8,0,0,5,0,0,0,named-barrier,3,2.334925,2.334464,2.335334,14.370668,6.784299
260,fft,fp64,forward,none,out-of-place,16,65536,64,1,65536,hierarchical,radix4,four-mul,table,shared,scalar,0,256,0,0,8,8,0,0,5,0,0,0,named-barrier,3,2.367334,2.367078,2.367437,14.173930,6.878466
261,fft,fp64,forward,none,out-of-place,16,65536,64,1,65536,hierarchical,radix4,gauss3,table,shared,scalar,0,256,0,0,8,8,0,0,5,0,0,0,named-barrier,3,2.371635,2.371430,2.388890,14.148227,6.890963
262,fft,fp64,forward,none,out-of-place,16,65536,64,1,65536,hierarchical,radix8,four-mul,table,shared,scalar,0,256,0,0,8,8,0,0,6,0,0,0,named-barrier,3,2.413619,2.413517,2.413978,13.902123,7.012950
263,fft,fp64,forward,none,out-of-place,16,65536,64,1,65536,hierarchical,radix8,gauss3,table,shared,scalar,0,256,0,0,8,8,0,0,6,0,0,0,named-barrier,3,2.414182,2.413670,2.414234,13.898880,7.014586
264,fft,fp64,forward,none,out-of-place,16,65536,64,1,65536,hierarchical,radix8,four-mul,table,shared,scalar,0,256,0,0,8,8,0,0,5,0,0,0,named-barrier,3,3.001702,3.001344,3.002010,11.178468,8.721669
265,fft,fp64,forward,none,out-of-place,16,65536,64,1,65536,hierarchical,radix8,gauss3,table,shared,scalar,0,256,0,0,8,8,0,0,5,0,0,0,named-barrier,3,3.010150,3.010150,3.010560,11.147095,8.746215
