trial,device,compute_capability,operator,precision,direction,normalization,placement,auto_select,backend,compute_unit,complex_multiply,cross_twiddle,direct_boundary,decomposition_count,stages_per_decomposition,segment_threads,segment_ept,boundary_twiddles,boundary_layouts,boundary_residencies,execution_group_count,group_threads,group_ept,local_exchange,fft_core,stage_space,stage_handoff,tile_threads,prefix_threads,suffix_threads,prefix_ept,suffix_ept,prefix_units_per_cta,suffix_units_per_cta,local_stages,reorder_columns,warp_stages,pipeline_warps,logN,N,batch,element_stride,batch_stride,warmup,repeat,h2d_ms,kernel_ms,d2h_ms,transforms_s,Gbutterfly_s,points_s,max_error,correct
1,Tesla V100-SXM2-16GB,7.0,fft,fp64,forward,none,out-of-place,0,online-reorder,auto,four-mul,recurrence,direct-strided,2,8x8,128x128,4x4,recurrence,direct-strided,global-scratch,2,128x128,4x4,shared,cufftdx-block,0,named-barrier,32,128,128,4,4,2,2,8,1,0,0,16,65536,64,1,65536,100,50,10.966400,0.397046,10.134624,161190.500024,84.510245,10563780609.564287,0.000000,-1
2,Tesla V100-SXM2-16GB,7.0,fft,fp64,forward,none,out-of-place,0,online-reorder,auto,four-mul,recurrence,direct-strided,2,8x8,128x128,4x4,recurrence,direct-strided,global-scratch,2,128x128,4x4,shared,cufftdx-block,0,named-barrier,32,128,128,4,4,2,2,8,1,0,0,16,65536,64,1,65536,100,50,10.952864,0.393871,10.139136,162489.610082,85.191353,10648919086.317030,0.000000,-1
3,Tesla V100-SXM2-16GB,7.0,fft,fp64,forward,none,out-of-place,0,online-reorder,auto,four-mul,recurrence,direct-strided,2,8x8,128x128,4x4,recurrence,direct-strided,global-scratch,2,128x128,4x4,shared,cufftdx-block,0,named-barrier,32,128,128,4,4,2,2,8,1,0,0,16,65536,64,1,65536,100,50,10.952256,0.396370,10.118368,161465.324428,84.654332,10581791501.703463,0.000000,-1
1,Tesla V100-SXM2-16GB,7.0,fft,fp64,forward,none,out-of-place,0,online-reorder,auto,four-mul,recurrence,direct-strided,2,8x8,128x128,4x8,recurrence,direct-strided,global-scratch,2,128x128,4x8,shared,cufftdx-block,0,named-barrier,32,128,128,4,8,2,4,8,1,0,0,16,65536,64,1,65536,100,50,10.943648,0.376095,10.112256,170169.907170,89.218040,11152255036.301182,0.000000,-1
2,Tesla V100-SXM2-16GB,7.0,fft,fp64,forward,none,out-of-place,0,online-reorder,auto,four-mul,recurrence,direct-strided,2,8x8,128x128,4x8,recurrence,direct-strided,global-scratch,2,128x128,4x8,shared,cufftdx-block,0,named-barrier,32,128,128,4,8,2,4,8,1,0,0,16,65536,64,1,65536,100,50,10.934848,0.375787,10.112192,170309.019285,89.290975,11161371887.887514,0.000000,-1
3,Tesla V100-SXM2-16GB,7.0,fft,fp64,forward,none,out-of-place,0,online-reorder,auto,four-mul,recurrence,direct-strided,2,8x8,128x128,4x8,recurrence,direct-strided,global-scratch,2,128x128,4x8,shared,cufftdx-block,0,named-barrier,32,128,128,4,8,2,4,8,1,0,0,16,65536,64,1,65536,100,50,10.940416,0.376197,10.125248,170123.573476,89.193748,11149218511.338713,0.000000,-1
1,Tesla V100-SXM2-16GB,7.0,fft,fp64,forward,none,out-of-place,0,online-reorder,auto,four-mul,recurrence,direct-strided,2,8x8,128x256,4x4,recurrence,direct-strided,global-scratch,2,128x256,4x4,shared,cufftdx-block,0,named-barrier,32,128,256,4,4,2,4,8,1,0,0,16,65536,64,1,65536,100,50,10.978784,0.376750,10.134272,169873.884826,89.062839,11132854915.944654,0.000000,-1
2,Tesla V100-SXM2-16GB,7.0,fft,fp64,forward,none,out-of-place,0,online-reorder,auto,four-mul,recurrence,direct-strided,2,8x8,128x256,4x4,recurrence,direct-strided,global-scratch,2,128x256,4x4,shared,cufftdx-block,0,named-barrier,32,128,256,4,4,2,4,8,1,0,0,16,65536,64,1,65536,100,50,10.952672,0.377160,10.132832,169689.398318,88.966115,11120764408.187853,0.000000,-1
3,Tesla V100-SXM2-16GB,7.0,fft,fp64,forward,none,out-of-place,0,online-reorder,auto,four-mul,recurrence,direct-strided,2,8x8,128x256,4x4,recurrence,direct-strided,global-scratch,2,128x256,4x4,shared,cufftdx-block,0,named-barrier,32,128,256,4,4,2,4,8,1,0,0,16,65536,64,1,65536,100,50,10.946048,0.376730,10.124864,169883.130433,89.067687,11133460836.069323,0.000000,-1
1,Tesla V100-SXM2-16GB,7.0,fft,fp64,forward,none,out-of-place,0,online-reorder,auto,four-mul,recurrence,direct-strided,2,8x8,128x256,4x8,recurrence,direct-strided,global-scratch,2,128x256,4x8,shared,cufftdx-block,0,named-barrier,32,128,256,4,8,2,8,8,1,0,0,16,65536,64,1,65536,100,50,10.947360,0.382259,10.127328,167425.654296,87.779261,10972407679.959234,0.000000,-1
2,Tesla V100-SXM2-16GB,7.0,fft,fp64,forward,none,out-of-place,0,online-reorder,auto,four-mul,recurrence,direct-strided,2,8x8,128x256,4x8,recurrence,direct-strided,global-scratch,2,128x256,4x8,shared,cufftdx-block,0,named-barrier,32,128,256,4,8,2,8,8,1,0,0,16,65536,64,1,65536,100,50,10.934560,0.381932,10.106048,167569.296421,87.854571,10981821410.215260,0.000000,-1
3,Tesla V100-SXM2-16GB,7.0,fft,fp64,forward,none,out-of-place,0,online-reorder,auto,four-mul,recurrence,direct-strided,2,8x8,128x256,4x8,recurrence,direct-strided,global-scratch,2,128x256,4x8,shared,cufftdx-block,0,named-barrier,32,128,256,4,8,2,8,8,1,0,0,16,65536,64,1,65536,100,50,10.937184,0.381891,10.110880,167587.277192,87.863998,10982999798.060905,0.000000,-1
1,Tesla V100-SXM2-16GB,7.0,fft,fp64,forward,none,out-of-place,0,online-reorder,auto,four-mul,recurrence,direct-strided,2,8x8,128x512,4x4,recurrence,direct-strided,global-scratch,2,128x512,4x4,shared,cufftdx-block,0,named-barrier,32,128,512,4,4,2,8,8,1,0,0,16,65536,64,1,65536,100,50,10.961792,0.381092,10.161344,167938.524100,88.048153,11006019115.446239,0.000000,-1
2,Tesla V100-SXM2-16GB,7.0,fft,fp64,forward,none,out-of-place,0,online-reorder,auto,four-mul,recurrence,direct-strided,2,8x8,128x512,4x4,recurrence,direct-strided,global-scratch,2,128x512,4x4,shared,cufftdx-block,0,named-barrier,32,128,512,4,4,2,8,8,1,0,0,16,65536,64,1,65536,100,50,10.948960,0.381010,10.109760,167974.635050,88.067085,11008385682.658260,0.000000,-1
3,Tesla V100-SXM2-16GB,7.0,fft,fp64,forward,none,out-of-place,0,online-reorder,auto,four-mul,recurrence,direct-strided,2,8x8,128x512,4x4,recurrence,direct-strided,global-scratch,2,128x512,4x4,shared,cufftdx-block,0,named-barrier,32,128,512,4,4,2,8,8,1,0,0,16,65536,64,1,65536,100,50,10.968416,0.381542,10.127552,167740.210732,87.944180,10993022450.515129,0.000000,-1
1,Tesla V100-SXM2-16GB,7.0,fft,fp64,forward,none,out-of-place,0,online-reorder,auto,four-mul,recurrence,direct-strided,2,8x8,128x512,4x8,recurrence,direct-strided,global-scratch,2,128x512,4x8,shared,cufftdx-block,0,named-barrier,32,128,512,4,8,2,16,8,1,0,0,16,65536,64,1,65536,100,50,10.978976,0.397517,10.121504,160999.490046,84.410101,10551262579.634665,0.000000,-1
2,Tesla V100-SXM2-16GB,7.0,fft,fp64,forward,none,out-of-place,0,online-reorder,auto,four-mul,recurrence,direct-strided,2,8x8,128x512,4x8,recurrence,direct-strided,global-scratch,2,128x512,4x8,shared,cufftdx-block,0,named-barrier,32,128,512,4,8,2,16,8,1,0,0,16,65536,64,1,65536,100,50,10.960096,0.397496,10.129792,161007.770718,84.414442,10551805261.761118,0.000000,-1
3,Tesla V100-SXM2-16GB,7.0,fft,fp64,forward,none,out-of-place,0,online-reorder,auto,four-mul,recurrence,direct-strided,2,8x8,128x512,4x8,recurrence,direct-strided,global-scratch,2,128x512,4x8,shared,cufftdx-block,0,named-barrier,32,128,512,4,8,2,16,8,1,0,0,16,65536,64,1,65536,100,50,10.954688,0.397107,10.119040,161165.543678,84.497161,10562145070.456558,0.000000,-1
1,Tesla V100-SXM2-16GB,7.0,fft,fp64,forward,none,out-of-place,0,online-reorder,auto,four-mul,recurrence,direct-strided,2,8x8,128x128,8x4,recurrence,direct-strided,global-scratch,2,128x128,8x4,shared,cufftdx-block,0,named-barrier,32,128,128,8,4,4,2,8,1,0,0,16,65536,64,1,65536,100,50,10.952160,0.388915,10.129984,164560.290254,86.276985,10784623182.060699,0.000000,-1
2,Tesla V100-SXM2-16GB,7.0,fft,fp64,forward,none,out-of-place,0,online-reorder,auto,four-mul,recurrence,direct-strided,2,8x8,128x128,8x4,recurrence,direct-strided,global-scratch,2,128x128,8x4,shared,cufftdx-block,0,named-barrier,32,128,128,8,4,4,2,8,1,0,0,16,65536,64,1,65536,100,50,10.931904,0.389284,10.107648,164404.463016,86.195287,10774410888.223253,0.000000,-1
3,Tesla V100-SXM2-16GB,7.0,fft,fp64,forward,none,out-of-place,0,online-reorder,auto,four-mul,recurrence,direct-strided,2,8x8,128x128,8x4,recurrence,direct-strided,global-scratch,2,128x128,8x4,shared,cufftdx-block,0,named-barrier,32,128,128,8,4,4,2,8,1,0,0,16,65536,64,1,65536,100,50,10.967072,0.390902,10.116768,163724.007177,85.838532,10729816534.346775,0.000000,-1
1,Tesla V100-SXM2-16GB,7.0,fft,fp64,forward,none,out-of-place,0,online-reorder,auto,four-mul,recurrence,direct-strided,2,8x8,128x128,8x8,recurrence,direct-strided,global-scratch,2,128x128,8x8,shared,cufftdx-block,0,named-barrier,32,128,128,8,8,4,4,8,1,0,0,16,65536,64,1,65536,100,50,10.968448,0.368230,10.118592,173804.225753,91.123470,11390433738.957418,0.000000,-1
2,Tesla V100-SXM2-16GB,7.0,fft,fp64,forward,none,out-of-place,0,online-reorder,auto,four-mul,recurrence,direct-strided,2,8x8,128x128,8x8,recurrence,direct-strided,global-scratch,2,128x128,8x8,shared,cufftdx-block,0,named-barrier,32,128,128,8,8,4,4,8,1,0,0,16,65536,64,1,65536,100,50,10.955296,0.368128,10.131168,173852.572220,91.148817,11393602173.010008,0.000000,-1
3,Tesla V100-SXM2-16GB,7.0,fft,fp64,forward,none,out-of-place,0,online-reorder,auto,four-mul,recurrence,direct-strided,2,8x8,128x128,8x8,recurrence,direct-strided,global-scratch,2,128x128,8x8,shared,cufftdx-block,0,named-barrier,32,128,128,8,8,4,4,8,1,0,0,16,65536,64,1,65536,100,50,10.939040,0.368271,10.111872,173784.886256,91.113330,11389166305.700745,0.000000,-1
1,Tesla V100-SXM2-16GB,7.0,fft,fp64,forward,none,out-of-place,0,online-reorder,auto,four-mul,recurrence,direct-strided,2,8x8,128x256,8x4,recurrence,direct-strided,global-scratch,2,128x256,8x4,shared,cufftdx-block,0,named-barrier,32,128,256,8,4,4,4,8,1,0,0,16,65536,64,1,65536,100,50,10.938752,0.369787,10.139264,173072.672862,90.739926,11342490688.686031,0.000000,-1
2,Tesla V100-SXM2-16GB,7.0,fft,fp64,forward,none,out-of-place,0,online-reorder,auto,four-mul,recurrence,direct-strided,2,8x8,128x256,8x4,recurrence,direct-strided,global-scratch,2,128x256,8x4,shared,cufftdx-block,0,named-barrier,32,128,256,8,4,4,4,8,1,0,0,16,65536,64,1,65536,100,50,10.939200,0.369705,10.109696,173111.011798,90.760026,11345003269.209463,0.000000,-1
3,Tesla V100-SXM2-16GB,7.0,fft,fp64,forward,none,out-of-place,0,online-reorder,auto,four-mul,recurrence,direct-strided,2,8x8,128x256,8x4,recurrence,direct-strided,global-scratch,2,128x256,8x4,shared,cufftdx-block,0,named-barrier,32,128,256,8,4,4,4,8,1,0,0,16,65536,64,1,65536,100,50,10.947776,0.369500,10.115616,173206.961432,90.810331,11351291424.430054,0.000000,-1
1,Tesla V100-SXM2-16GB,7.0,fft,fp64,forward,none,out-of-place,0,online-reorder,auto,four-mul,recurrence,direct-strided,2,8x8,128x256,8x8,recurrence,direct-strided,global-scratch,2,128x256,8x8,shared,cufftdx-block,0,named-barrier,32,128,256,8,8,4,8,8,1,0,0,16,65536,64,1,65536,100,50,10.956192,0.374559,10.122080,170867.736067,89.583904,11197987950.874695,0.000000,-1
2,Tesla V100-SXM2-16GB,7.0,fft,fp64,forward,none,out-of-place,0,online-reorder,auto,four-mul,recurrence,direct-strided,2,8x8,128x256,8x8,recurrence,direct-strided,global-scratch,2,128x256,8x8,shared,cufftdx-block,0,named-barrier,32,128,256,8,8,4,8,8,1,0,0,16,65536,64,1,65536,100,50,10.922912,0.374845,10.108032,170737.048870,89.515386,11189423234.752548,0.000000,-1
3,Tesla V100-SXM2-16GB,7.0,fft,fp64,forward,none,out-of-place,0,online-reorder,auto,four-mul,recurrence,direct-strided,2,8x8,128x256,8x8,recurrence,direct-strided,global-scratch,2,128x256,8x8,shared,cufftdx-block,0,named-barrier,32,128,256,8,8,4,8,8,1,0,0,16,65536,64,1,65536,100,50,10.946496,0.374641,10.119264,170830.370634,89.564313,11195539169.839058,0.000000,-1
1,Tesla V100-SXM2-16GB,7.0,fft,fp64,forward,none,out-of-place,0,online-reorder,auto,four-mul,recurrence,direct-strided,2,8x8,128x512,8x4,recurrence,direct-strided,global-scratch,2,128x512,8x4,shared,cufftdx-block,0,named-barrier,32,128,512,8,4,4,8,8,1,0,0,16,65536,64,1,65536,100,50,10.942976,0.373596,10.132256,171307.969882,89.814713,11226839114.173344,0.000000,-1
2,Tesla V100-SXM2-16GB,7.0,fft,fp64,forward,none,out-of-place,0,online-reorder,auto,four-mul,recurrence,direct-strided,2,8x8,128x512,8x4,recurrence,direct-strided,global-scratch,2,128x512,8x4,shared,cufftdx-block,0,named-barrier,32,128,512,8,4,4,8,8,1,0,0,16,65536,64,1,65536,100,50,10.919872,0.374047,10.123392,171101.623825,89.706528,11213316018.964977,0.000000,-1
3,Tesla V100-SXM2-16GB,7.0,fft,fp64,forward,none,out-of-place,0,online-reorder,auto,four-mul,recurrence,direct-strided,2,8x8,128x512,8x4,recurrence,direct-strided,global-scratch,2,128x512,8x4,shared,cufftdx-block,0,named-barrier,32,128,512,8,4,4,8,8,1,0,0,16,65536,64,1,65536,100,50,10.937952,0.374047,10.113184,171101.623825,89.706528,11213316018.964977,0.000000,-1
1,Tesla V100-SXM2-16GB,7.0,fft,fp64,forward,none,out-of-place,0,online-reorder,auto,four-mul,recurrence,direct-strided,2,8x8,128x512,8x8,recurrence,direct-strided,global-scratch,2,128x512,8x8,shared,cufftdx-block,0,named-barrier,32,128,512,8,8,4,16,8,1,0,0,16,65536,64,1,65536,100,50,10.944512,0.389878,10.123232,164154.013181,86.063979,10757997407.862497,0.000000,-1
2,Tesla V100-SXM2-16GB,7.0,fft,fp64,forward,none,out-of-place,0,online-reorder,auto,four-mul,recurrence,direct-strided,2,8x8,128x512,8x8,recurrence,direct-strided,global-scratch,2,128x512,8x8,shared,cufftdx-block,0,named-barrier,32,128,512,8,8,4,16,8,1,0,0,16,65536,64,1,65536,100,50,10.937600,0.389939,10.112192,164128.155908,86.050423,10756302825.618832,0.000000,-1
3,Tesla V100-SXM2-16GB,7.0,fft,fp64,forward,none,out-of-place,0,online-reorder,auto,four-mul,recurrence,direct-strided,2,8x8,128x512,8x8,recurrence,direct-strided,global-scratch,2,128x512,8x8,shared,cufftdx-block,0,named-barrier,32,128,512,8,8,4,16,8,1,0,0,16,65536,64,1,65536,100,50,10.939616,0.389775,10.114944,164197.139301,86.086590,10760823721.221642,0.000000,-1
1,Tesla V100-SXM2-16GB,7.0,fft,fp64,forward,none,out-of-place,0,online-reorder,auto,four-mul,recurrence,direct-strided,2,8x8,256x128,4x4,recurrence,direct-strided,global-scratch,2,256x128,4x4,shared,cufftdx-block,0,named-barrier,32,256,128,4,4,4,2,8,1,0,0,16,65536,64,1,65536,100,50,10.960064,0.381256,10.116896,167866.348759,88.010312,11001289032.277956,0.000000,-1
2,Tesla V100-SXM2-16GB,7.0,fft,fp64,forward,none,out-of-place,0,online-reorder,auto,four-mul,recurrence,direct-strided,2,8x8,256x128,4x4,recurrence,direct-strided,global-scratch,2,256x128,4x4,shared,cufftdx-block,0,named-barrier,32,256,128,4,4,4,2,8,1,0,0,16,65536,64,1,65536,100,50,11.047872,0.380170,10.167616,168345.626747,88.261592,11032698994.498838,0.000000,-1
3,Tesla V100-SXM2-16GB,7.0,fft,fp64,forward,none,out-of-place,0,online-reorder,auto,four-mul,recurrence,direct-strided,2,8x8,256x128,4x4,recurrence,direct-strided,global-scratch,2,256x128,4x4,shared,cufftdx-block,0,named-barrier,32,256,128,4,4,4,2,8,1,0,0,16,65536,64,1,65536,100,50,10.932480,0.380170,10.107264,168345.626747,88.261592,11032698994.498838,0.000000,-1
1,Tesla V100-SXM2-16GB,7.0,fft,fp64,forward,none,out-of-place,0,online-reorder,auto,four-mul,recurrence,direct-strided,2,8x8,256x128,4x8,recurrence,direct-strided,global-scratch,2,256x128,4x8,shared,cufftdx-block,0,named-barrier,32,256,128,4,8,4,4,8,1,0,0,16,65536,64,1,65536,100,50,10.958240,0.361759,10.176544,176913.487204,92.753618,11594202297.423700,0.000000,-1
2,Tesla V100-SXM2-16GB,7.0,fft,fp64,forward,none,out-of-place,0,online-reorder,auto,four-mul,recurrence,direct-strided,2,8x8,256x128,4x8,recurrence,direct-strided,global-scratch,2,256x128,4x8,shared,cufftdx-block,0,named-barrier,32,256,128,4,8,4,4,8,1,0,0,16,65536,64,1,65536,100,50,10.933888,0.361697,10.111712,176943.544816,92.769377,11596172153.029028,0.000000,-1
3,Tesla V100-SXM2-16GB,7.0,fft,fp64,forward,none,out-of-place,0,online-reorder,auto,four-mul,recurrence,direct-strided,2,8x8,256x128,4x8,recurrence,direct-strided,global-scratch,2,256x128,4x8,shared,cufftdx-block,0,named-barrier,32,256,128,4,8,4,4,8,1,0,0,16,65536,64,1,65536,100,50,10.957600,0.361574,10.122048,177003.676100,92.800903,11600112916.868713,0.000000,-1
1,Tesla V100-SXM2-16GB,7.0,fft,fp64,forward,none,out-of-place,0,online-reorder,auto,four-mul,recurrence,direct-strided,2,8x8,256x256,4x4,recurrence,direct-strided,global-scratch,2,256x256,4x4,shared,cufftdx-block,0,named-barrier,32,256,256,4,4,4,4,8,1,0,0,16,65536,64,1,65536,100,50,10.952192,0.362537,10.125728,176533.721691,92.554512,11569313984.760853,0.000000,-1
2,Tesla V100-SXM2-16GB,7.0,fft,fp64,forward,none,out-of-place,0,online-reorder,auto,four-mul,recurrence,direct-strided,2,8x8,256x256,4x4,recurrence,direct-strided,global-scratch,2,256x256,4x4,shared,cufftdx-block,0,named-barrier,32,256,256,4,4,4,4,8,1,0,0,16,65536,64,1,65536,100,50,10.943616,0.362783,10.123872,176414.137292,92.491815,11561476901.551701,0.000000,-1
3,Tesla V100-SXM2-16GB,7.0,fft,fp64,forward,none,out-of-place,0,online-reorder,auto,four-mul,recurrence,direct-strided,2,8x8,256x256,4x4,recurrence,direct-strided,global-scratch,2,256x256,4x4,shared,cufftdx-block,0,named-barrier,32,256,256,4,4,4,4,8,1,0,0,16,65536,64,1,65536,100,50,10.930048,0.363028,10.124416,176294.700323,92.429196,11553649480.394854,0.000000,-1
1,Tesla V100-SXM2-16GB,7.0,fft,fp64,forward,none,out-of-place,0,online-reorder,auto,four-mul,recurrence,direct-strided,2,8x8,256x256,4x8,recurrence,direct-strided,global-scratch,2,256x256,4x8,shared,cufftdx-block,0,named-barrier,32,256,256,4,8,4,8,8,1,0,0,16,65536,64,1,65536,100,50,10.947552,0.367637,10.131840,174084.998874,91.270676,11408834486.207254,0.000000,-1
2,Tesla V100-SXM2-16GB,7.0,fft,fp64,forward,none,out-of-place,0,online-reorder,auto,four-mul,recurrence,direct-strided,2,8x8,256x256,4x8,recurrence,direct-strided,global-scratch,2,256x256,4x8,shared,cufftdx-block,0,named-barrier,32,256,256,4,8,4,8,8,1,0,0,16,65536,64,1,65536,100,50,10.956640,0.367903,10.132000,173959.026363,91.204630,11400578751.735695,0.000000,-1
3,Tesla V100-SXM2-16GB,7.0,fft,fp64,forward,none,out-of-place,0,online-reorder,auto,four-mul,recurrence,direct-strided,2,8x8,256x256,4x8,recurrence,direct-strided,global-scratch,2,256x256,4x8,shared,cufftdx-block,0,named-barrier,32,256,256,4,8,4,8,8,1,0,0,16,65536,64,1,65536,100,50,10.937984,0.367862,10.121760,173978.404640,91.214790,11401848726.454447,0.000000,-1
1,Tesla V100-SXM2-16GB,7.0,fft,fp64,forward,none,out-of-place,0,online-reorder,auto,four-mul,recurrence,direct-strided,2,8x8,256x512,4x4,recurrence,direct-strided,global-scratch,2,256x512,4x4,shared,cufftdx-block,0,named-barrier,32,256,512,4,4,4,8,8,1,0,0,16,65536,64,1,65536,100,50,10.945472,0.366776,10.113280,174493.272796,91.484729,11435591125.982828,0.000000,-1
2,Tesla V100-SXM2-16GB,7.0,fft,fp64,forward,none,out-of-place,0,online-reorder,auto,four-mul,recurrence,direct-strided,2,8x8,256x512,4x4,recurrence,direct-strided,global-scratch,2,256x512,4x4,shared,cufftdx-block,0,named-barrier,32,256,512,4,4,4,8,8,1,0,0,16,65536,64,1,65536,100,50,10.936832,0.366797,10.116128,174483.532773,91.479622,11434952803.801342,0.000000,-1
3,Tesla V100-SXM2-16GB,7.0,fft,fp64,forward,none,out-of-place,0,online-reorder,auto,four-mul,recurrence,direct-strided,2,8x8,256x512,4x4,recurrence,direct-strided,global-scratch,2,256x512,4x4,shared,cufftdx-block,0,named-barrier,32,256,512,4,4,4,8,8,1,0,0,16,65536,64,1,65536,100,50,10.967328,0.367104,10.123456,174337.520334,91.403070,11425383732.616894,0.000000,-1
1,Tesla V100-SXM2-16GB,7.0,fft,fp64,forward,none,out-of-place,0,online-reorder,auto,four-mul,recurrence,direct-strided,2,8x8,256x512,4x8,recurrence,direct-strided,global-scratch,2,256x512,4x8,shared,cufftdx-block,0,named-barrier,32,256,512,4,8,4,16,8,1,0,0,16,65536,64,1,65536,100,50,10.941856,0.383365,10.115392,166942.676618,87.526042,10940755254.834047,0.000000,-1
2,Tesla V100-SXM2-16GB,7.0,fft,fp64,forward,none,out-of-place,0,online-reorder,auto,four-mul,recurrence,direct-strided,2,8x8,256x512,4x8,recurrence,direct-strided,global-scratch,2,256x512,4x8,shared,cufftdx-block,0,named-barrier,32,256,512,4,8,4,16,8,1,0,0,16,65536,64,1,65536,100,50,10.953024,0.383529,10.117312,166871.354532,87.488649,10936081090.641247,0.000000,-1
3,Tesla V100-SXM2-16GB,7.0,fft,fp64,forward,none,out-of-place,0,online-reorder,auto,four-mul,recurrence,direct-strided,2,8x8,256x512,4x8,recurrence,direct-strided,global-scratch,2,256x512,4x8,shared,cufftdx-block,0,named-barrier,32,256,512,4,8,4,16,8,1,0,0,16,65536,64,1,65536,100,50,10.964896,0.383427,10.130208,166915.933423,87.512021,10939002612.794680,0.000000,-1
1,Tesla V100-SXM2-16GB,7.0,fft,fp64,forward,none,out-of-place,0,online-reorder,auto,four-mul,recurrence,direct-strided,2,8x8,256x128,8x4,recurrence,direct-strided,global-scratch,2,256x128,8x4,shared,cufftdx-block,0,named-barrier,32,256,128,8,4,8,2,8,1,0,0,16,65536,64,1,65536,100,50,10.957504,0.419656,10.118528,152505.977996,79.957054,9994631773.932364,0.000000,-1
2,Tesla V100-SXM2-16GB,7.0,fft,fp64,forward,none,out-of-place,0,online-reorder,auto,four-mul,recurrence,direct-strided,2,8x8,256x128,8x4,recurrence,direct-strided,global-scratch,2,256x128,8x4,shared,cufftdx-block,0,named-barrier,32,256,128,8,4,8,2,8,1,0,0,16,65536,64,1,65536,100,50,10.954240,0.419840,10.117984,152439.021478,79.921950,9990243711.590700,0.000000,-1
3,Tesla V100-SXM2-16GB,7.0,fft,fp64,forward,none,out-of-place,0,online-reorder,auto,four-mul,recurrence,direct-strided,2,8x8,256x128,8x4,recurrence,direct-strided,global-scratch,2,256x128,8x4,shared,cufftdx-block,0,named-barrier,32,256,128,8,4,8,2,8,1,0,0,16,65536,64,1,65536,100,50,10.966048,0.418836,10.119840,152804.265886,80.113443,10014180369.132948,0.000000,-1
1,Tesla V100-SXM2-16GB,7.0,fft,fp64,forward,none,out-of-place,0,online-reorder,auto,four-mul,recurrence,direct-strided,2,8x8,256x128,8x8,recurrence,direct-strided,global-scratch,2,256x128,8x8,shared,cufftdx-block,0,named-barrier,32,256,128,8,8,8,4,8,1,0,0,16,65536,64,1,65536,100,50,10.937824,0.398336,10.124832,160668.383169,84.236505,10529563159.377815,0.000000,-1
2,Tesla V100-SXM2-16GB,7.0,fft,fp64,forward,none,out-of-place,0,online-reorder,auto,four-mul,recurrence,direct-strided,2,8x8,256x128,8x8,recurrence,direct-strided,global-scratch,2,256x128,8x8,shared,cufftdx-block,0,named-barrier,32,256,128,8,8,8,4,8,1,0,0,16,65536,64,1,65536,100,50,10.950528,0.398254,10.125024,160701.422939,84.253828,10531728453.709631,0.000000,-1
3,Tesla V100-SXM2-16GB,7.0,fft,fp64,forward,none,out-of-place,0,online-reorder,auto,four-mul,recurrence,direct-strided,2,8x8,256x128,8x8,recurrence,direct-strided,global-scratch,2,256x128,8x8,shared,cufftdx-block,0,named-barrier,32,256,128,8,8,8,4,8,1,0,0,16,65536,64,1,65536,100,50,10.933184,0.398213,10.112704,160717.959948,84.262498,10532812223.139446,0.000000,-1
1,Tesla V100-SXM2-16GB,7.0,fft,fp64,forward,none,out-of-place,0,online-reorder,auto,four-mul,recurrence,direct-strided,2,8x8,256x256,8x4,recurrence,direct-strided,global-scratch,2,256x256,8x4,shared,cufftdx-block,0,named-barrier,32,256,256,8,4,8,4,8,1,0,0,16,65536,64,1,65536,100,50,10.962400,0.399749,10.129696,160100.422907,83.938731,10492341315.626801,0.000000,-1
2,Tesla V100-SXM2-16GB,7.0,fft,fp64,forward,none,out-of-place,0,online-reorder,auto,four-mul,recurrence,direct-strided,2,8x8,256x256,8x4,recurrence,direct-strided,global-scratch,2,256x256,8x4,shared,cufftdx-block,0,named-barrier,32,256,256,8,4,8,4,8,1,0,0,16,65536,64,1,65536,100,50,10.952256,0.399688,10.112864,160125.026573,83.951630,10493953741.472057,0.000000,-1
3,Tesla V100-SXM2-16GB,7.0,fft,fp64,forward,none,out-of-place,0,online-reorder,auto,four-mul,recurrence,direct-strided,2,8x8,256x256,8x4,recurrence,direct-strided,global-scratch,2,256x256,8x4,shared,cufftdx-block,0,named-barrier,32,256,256,8,4,8,4,8,1,0,0,16,65536,64,1,65536,100,50,10.945568,0.400056,10.113728,159977.482151,83.874274,10484284270.218365,0.000000,-1
1,Tesla V100-SXM2-16GB,7.0,fft,fp64,forward,none,out-of-place,0,online-reorder,auto,four-mul,recurrence,direct-strided,2,8x8,256x256,8x8,recurrence,direct-strided,global-scratch,2,256x256,8x8,shared,cufftdx-block,0,named-barrier,32,256,256,8,8,8,8,8,1,0,0,16,65536,64,1,65536,100,50,10.949376,0.405094,10.115552,157987.860702,82.831140,10353892438.936068,0.000000,-1
2,Tesla V100-SXM2-16GB,7.0,fft,fp64,forward,none,out-of-place,0,online-reorder,auto,four-mul,recurrence,direct-strided,2,8x8,256x256,8x8,recurrence,direct-strided,global-scratch,2,256x256,8x8,shared,cufftdx-block,0,named-barrier,32,256,256,8,8,8,8,8,1,0,0,16,65536,64,1,65536,100,50,10.942144,0.404644,10.108064,158163.784246,82.923374,10365421764.366205,0.000000,-1
3,Tesla V100-SXM2-16GB,7.0,fft,fp64,forward,none,out-of-place,0,online-reorder,auto,four-mul,recurrence,direct-strided,2,8x8,256x256,8x8,recurrence,direct-strided,global-scratch,2,256x256,8x8,shared,cufftdx-block,0,named-barrier,32,256,256,8,8,8,8,8,1,0,0,16,65536,64,1,65536,100,50,10.941504,0.404562,10.129760,158195.813507,82.940167,10367520833.963703,0.000000,-1
1,Tesla V100-SXM2-16GB,7.0,fft,fp64,forward,none,out-of-place,0,online-reorder,auto,four-mul,recurrence,direct-strided,2,8x8,256x512,8x4,recurrence,direct-strided,global-scratch,2,256x512,8x4,shared,cufftdx-block,0,named-barrier,32,256,512,8,4,8,8,8,1,0,0,16,65536,64,1,65536,100,50,10.932736,0.404255,10.106976,158316.018430,83.003189,10375398583.816713,0.000000,-1
2,Tesla V100-SXM2-16GB,7.0,fft,fp64,forward,none,out-of-place,0,online-reorder,auto,four-mul,recurrence,direct-strided,2,8x8,256x512,8x4,recurrence,direct-strided,global-scratch,2,256x512,8x4,shared,cufftdx-block,0,named-barrier,32,256,512,8,4,8,8,8,1,0,0,16,65536,64,1,65536,100,50,10.939072,0.404152,10.111776,158356.131235,83.024219,10378027416.601393,0.000000,-1
3,Tesla V100-SXM2-16GB,7.0,fft,fp64,forward,none,out-of-place,0,online-reorder,auto,four-mul,recurrence,direct-strided,2,8x8,256x512,8x4,recurrence,direct-strided,global-scratch,2,256x512,8x4,shared,cufftdx-block,0,named-barrier,32,256,512,8,4,8,8,8,1,0,0,16,65536,64,1,65536,100,50,10.946880,0.404070,10.110848,158388.238453,83.041053,10380131595.285063,0.000000,-1
1,Tesla V100-SXM2-16GB,7.0,fft,fp64,forward,none,out-of-place,0,online-reorder,auto,four-mul,recurrence,direct-strided,2,8x8,256x512,8x8,recurrence,direct-strided,global-scratch,2,256x512,8x8,shared,cufftdx-block,0,named-barrier,32,256,512,8,8,8,16,8,1,0,0,16,65536,64,1,65536,100,50,10.943488,0.420024,10.134848,152372.123728,79.886876,9985859500.644756,0.000000,-1
2,Tesla V100-SXM2-16GB,7.0,fft,fp64,forward,none,out-of-place,0,online-reorder,auto,four-mul,recurrence,direct-strided,2,8x8,256x512,8x8,recurrence,direct-strided,global-scratch,2,256x512,8x8,shared,cufftdx-block,0,named-barrier,32,256,512,8,8,8,16,8,1,0,0,16,65536,64,1,65536,100,50,10.966144,0.419983,10.131136,152386.990828,79.894671,9986833830.874060,0.000000,-1
3,Tesla V100-SXM2-16GB,7.0,fft,fp64,forward,none,out-of-place,0,online-reorder,auto,four-mul,recurrence,direct-strided,2,8x8,256x512,8x8,recurrence,direct-strided,global-scratch,2,256x512,8x8,shared,cufftdx-block,0,named-barrier,32,256,512,8,8,8,16,8,1,0,0,16,65536,64,1,65536,100,50,10.948608,0.420250,10.130944,152290.455106,79.844058,9980507265.840242,0.000000,-1
1,Tesla V100-SXM2-16GB,7.0,fft,fp64,forward,none,out-of-place,0,online-reorder,auto,four-mul,recurrence,direct-strided,2,8x8,512x128,4x4,recurrence,direct-strided,global-scratch,2,512x128,4x4,shared,cufftdx-block,0,named-barrier,32,512,128,4,4,8,2,8,1,0,0,16,65536,64,1,65536,100,50,10.953984,0.408453,10.127168,156688.733473,82.150023,10268752836.859482,0.000000,-1
2,Tesla V100-SXM2-16GB,7.0,fft,fp64,forward,none,out-of-place,0,online-reorder,auto,four-mul,recurrence,direct-strided,2,8x8,512x128,4x4,recurrence,direct-strided,global-scratch,2,512x128,4x4,shared,cufftdx-block,0,named-barrier,32,512,128,4,4,8,2,8,1,0,0,16,65536,64,1,65536,100,50,10.936224,0.409641,10.126464,156234.373570,81.911807,10238975906.281069,0.000000,-1
3,Tesla V100-SXM2-16GB,7.0,fft,fp64,forward,none,out-of-place,0,online-reorder,auto,four-mul,recurrence,direct-strided,2,8x8,512x128,4x4,recurrence,direct-strided,global-scratch,2,512x128,4x4,shared,cufftdx-block,0,named-barrier,32,512,128,4,4,8,2,8,1,0,0,16,65536,64,1,65536,100,50,10.943328,0.408289,10.123616,156751.592346,82.182979,10272872355.956636,0.000000,-1
1,Tesla V100-SXM2-16GB,7.0,fft,fp64,forward,none,out-of-place,0,online-reorder,auto,four-mul,recurrence,direct-strided,2,8x8,512x128,4x8,recurrence,direct-strided,global-scratch,2,512x128,4x8,shared,cufftdx-block,0,named-barrier,32,512,128,4,8,8,4,8,1,0,0,16,65536,64,1,65536,100,50,10.940192,0.387748,10.126816,165055.716855,86.536732,10817091459.804457,0.000000,-1
2,Tesla V100-SXM2-16GB,7.0,fft,fp64,forward,none,out-of-place,0,online-reorder,auto,four-mul,recurrence,direct-strided,2,8x8,512x128,4x8,recurrence,direct-strided,global-scratch,2,512x128,4x8,shared,cufftdx-block,0,named-barrier,32,512,128,4,8,8,4,8,1,0,0,16,65536,64,1,65536,100,50,10.959648,0.387338,10.120448,165230.260258,86.628243,10828530336.262720,0.000000,-1
3,Tesla V100-SXM2-16GB,7.0,fft,fp64,forward,none,out-of-place,0,online-reorder,auto,four-mul,recurrence,direct-strided,2,8x8,512x128,4x8,recurrence,direct-strided,global-scratch,2,512x128,4x8,shared,cufftdx-block,0,named-barrier,32,512,128,4,8,8,4,8,1,0,0,16,65536,64,1,65536,100,50,10.934336,0.387871,10.109216,165003.440934,86.509324,10813665505.038309,0.000000,-1
1,Tesla V100-SXM2-16GB,7.0,fft,fp64,forward,none,out-of-place,0,online-reorder,auto,four-mul,recurrence,direct-strided,2,8x8,512x256,4x4,recurrence,direct-strided,global-scratch,2,512x256,4x4,shared,cufftdx-block,0,named-barrier,32,512,256,4,4,8,4,8,1,0,0,16,65536,64,1,65536,100,50,10.955680,0.389919,10.125216,164136.774094,86.054941,10756867627.046309,0.000000,-1
2,Tesla V100-SXM2-16GB,7.0,fft,fp64,forward,none,out-of-place,0,online-reorder,auto,four-mul,recurrence,direct-strided,2,8x8,512x256,4x4,recurrence,direct-strided,global-scratch,2,512x256,4x4,shared,cufftdx-block,0,named-barrier,32,512,256,4,4,8,4,8,1,0,0,16,65536,64,1,65536,100,50,10.952864,0.388833,10.123392,164594.962858,86.295164,10786895485.834991,0.000000,-1
3,Tesla V100-SXM2-16GB,7.0,fft,fp64,forward,none,out-of-place,0,online-reorder,auto,four-mul,recurrence,direct-strided,2,8x8,512x256,4x4,recurrence,direct-strided,global-scratch,2,512x256,4x4,shared,cufftdx-block,0,named-barrier,32,512,256,4,4,8,4,8,1,0,0,16,65536,64,1,65536,100,50,10.943552,0.388895,10.125728,164568.953882,86.281528,10785190961.622458,0.000000,-1
1,Tesla V100-SXM2-16GB,7.0,fft,fp64,forward,none,out-of-place,0,online-reorder,auto,four-mul,recurrence,direct-strided,2,8x8,512x256,4x8,recurrence,direct-strided,global-scratch,2,512x256,4x8,shared,cufftdx-block,0,named-barrier,32,512,256,4,8,8,8,8,1,0,0,16,65536,64,1,65536,100,50,10.929504,0.393810,10.121376,162514.953609,85.204640,10650579999.688818,0.000000,-1
2,Tesla V100-SXM2-16GB,7.0,fft,fp64,forward,none,out-of-place,0,online-reorder,auto,four-mul,recurrence,direct-strided,2,8x8,512x256,4x8,recurrence,direct-strided,global-scratch,2,512x256,4x8,shared,cufftdx-block,0,named-barrier,32,512,256,4,8,8,8,8,1,0,0,16,65536,64,1,65536,100,50,10.953792,0.394015,10.120960,162430.481342,85.160352,10645044025.260532,0.000000,-1
3,Tesla V100-SXM2-16GB,7.0,fft,fp64,forward,none,out-of-place,0,online-reorder,auto,four-mul,recurrence,direct-strided,2,8x8,512x256,4x8,recurrence,direct-strided,global-scratch,2,512x256,4x8,shared,cufftdx-block,0,named-barrier,32,512,256,4,8,8,8,8,1,0,0,16,65536,64,1,65536,100,50,10.936928,0.393748,10.111840,162540.317345,85.217938,10652242237.501860,0.000000,-1
1,Tesla V100-SXM2-16GB,7.0,fft,fp64,forward,none,out-of-place,0,online-reorder,auto,four-mul,recurrence,direct-strided,2,8x8,512x512,4x4,recurrence,direct-strided,global-scratch,2,512x512,4x4,shared,cufftdx-block,0,named-barrier,32,512,512,4,4,8,8,8,1,0,0,16,65536,64,1,65536,100,50,10.951936,0.394179,10.133280,162362.974095,85.124959,10640619870.289179,0.000000,-1
2,Tesla V100-SXM2-16GB,7.0,fft,fp64,forward,none,out-of-place,0,online-reorder,auto,four-mul,recurrence,direct-strided,2,8x8,512x512,4x4,recurrence,direct-strided,global-scratch,2,512x512,4x4,shared,cufftdx-block,0,named-barrier,32,512,512,4,4,8,8,8,1,0,0,16,65536,64,1,65536,100,50,10.942912,0.393667,10.147712,162574.131567,85.235666,10654458286.402462,0.000000,-1
3,Tesla V100-SXM2-16GB,7.0,fft,fp64,forward,none,out-of-place,0,online-reorder,auto,four-mul,recurrence,direct-strided,2,8x8,512x512,4x4,recurrence,direct-strided,global-scratch,2,512x512,4x4,shared,cufftdx-block,0,named-barrier,32,512,512,4,4,8,8,8,1,0,0,16,65536,64,1,65536,100,50,10.970880,0.393359,10.132192,162701.097284,85.302233,10662779111.620848,0.000000,-1
1,Tesla V100-SXM2-16GB,7.0,fft,fp64,forward,none,out-of-place,0,online-reorder,auto,four-mul,recurrence,direct-strided,2,8x8,512x512,4x8,recurrence,direct-strided,global-scratch,2,512x512,4x8,shared,cufftdx-block,0,named-barrier,32,512,512,4,8,8,16,8,1,0,0,16,65536,64,1,65536,100,50,10.941856,0.409661,10.144768,156226.565237,81.907713,10238464179.345825,0.000000,-1
2,Tesla V100-SXM2-16GB,7.0,fft,fp64,forward,none,out-of-place,0,online-reorder,auto,four-mul,recurrence,direct-strided,2,8x8,512x512,4x8,recurrence,direct-strided,global-scratch,2,512x512,4x8,shared,cufftdx-block,0,named-barrier,32,512,512,4,8,8,16,8,1,0,0,16,65536,64,1,65536,100,50,10.961600,0.409989,10.137472,156101.703924,81.842250,10230281268.360027,0.000000,-1
3,Tesla V100-SXM2-16GB,7.0,fft,fp64,forward,none,out-of-place,0,online-reorder,auto,four-mul,recurrence,direct-strided,2,8x8,512x512,4x8,recurrence,direct-strided,global-scratch,2,512x512,4x8,shared,cufftdx-block,0,named-barrier,32,512,512,4,8,8,16,8,1,0,0,16,65536,64,1,65536,100,50,10.948704,0.410132,10.110752,156047.132043,81.813639,10226704845.543989,0.000000,-1
1,Tesla V100-SXM2-16GB,7.0,fft,fp64,forward,none,out-of-place,0,online-reorder,auto,four-mul,recurrence,direct-strided,2,8x8,512x128,8x4,recurrence,direct-strided,global-scratch,2,512x128,8x4,shared,cufftdx-block,0,named-barrier,32,512,128,8,4,16,2,8,1,0,0,16,65536,64,1,65536,100,50,10.928896,0.497193,10.106176,128722.662140,67.487747,8435968386.032583,0.000000,-1
2,Tesla V100-SXM2-16GB,7.0,fft,fp64,forward,none,out-of-place,0,online-reorder,auto,four-mul,recurrence,direct-strided,2,8x8,512x128,8x4,recurrence,direct-strided,global-scratch,2,512x128,8x4,shared,cufftdx-block,0,named-barrier,32,512,128,8,4,16,2,8,1,0,0,16,65536,64,1,65536,100,50,10.930784,0.498586,10.106944,128363.118267,67.299243,8412405318.722401,0.000000,-1
3,Tesla V100-SXM2-16GB,7.0,fft,fp64,forward,none,out-of-place,0,online-reorder,auto,four-mul,recurrence,direct-strided,2,8x8,512x128,8x4,recurrence,direct-strided,global-scratch,2,512x128,8x4,shared,cufftdx-block,0,named-barrier,32,512,128,8,4,16,2,8,1,0,0,16,65536,64,1,65536,100,50,10.946656,0.499589,10.119296,128105.272972,67.164057,8395507169.525280,0.000000,-1
1,Tesla V100-SXM2-16GB,7.0,fft,fp64,forward,none,out-of-place,0,online-reorder,auto,four-mul,recurrence,direct-strided,2,8x8,512x128,8x8,recurrence,direct-strided,global-scratch,2,512x128,8x8,shared,cufftdx-block,0,named-barrier,32,512,128,8,8,16,4,8,1,0,0,16,65536,64,1,65536,100,50,10.936224,0.476631,10.127680,134275.768701,70.399174,8799896777.590113,0.000000,-1
2,Tesla V100-SXM2-16GB,7.0,fft,fp64,forward,none,out-of-place,0,online-reorder,auto,four-mul,recurrence,direct-strided,2,8x8,512x128,8x8,recurrence,direct-strided,global-scratch,2,512x128,8x8,shared,cufftdx-block,0,named-barrier,32,512,128,8,8,16,4,8,1,0,0,16,65536,64,1,65536,100,50,10.942432,0.476959,10.127936,134183.519589,70.350809,8793851139.783052,0.000000,-1
3,Tesla V100-SXM2-16GB,7.0,fft,fp64,forward,none,out-of-place,0,online-reorder,auto,four-mul,recurrence,direct-strided,2,8x8,512x128,8x8,recurrence,direct-strided,global-scratch,2,512x128,8x8,shared,cufftdx-block,0,named-barrier,32,512,128,8,8,16,4,8,1,0,0,16,65536,64,1,65536,100,50,10.958976,0.476652,10.120480,134269.992595,70.396146,8799518234.680849,0.000000,-1
1,Tesla V100-SXM2-16GB,7.0,fft,fp64,forward,none,out-of-place,0,online-reorder,auto,four-mul,recurrence,direct-strided,2,8x8,512x256,8x4,recurrence,direct-strided,global-scratch,2,512x256,8x4,shared,cufftdx-block,0,named-barrier,32,512,256,8,4,16,4,8,1,0,0,16,65536,64,1,65536,100,50,10.935360,0.478147,10.106656,133850.175418,70.176041,8772005096.213797,0.000000,-1
2,Tesla V100-SXM2-16GB,7.0,fft,fp64,forward,none,out-of-place,0,online-reorder,auto,four-mul,recurrence,direct-strided,2,8x8,512x256,8x4,recurrence,direct-strided,global-scratch,2,512x256,8x4,shared,cufftdx-block,0,named-barrier,32,512,256,8,4,16,4,8,1,0,0,16,65536,64,1,65536,100,50,10.935456,0.478044,10.113472,133878.847168,70.191073,8773884128.008978,0.000000,-1
3,Tesla V100-SXM2-16GB,7.0,fft,fp64,forward,none,out-of-place,0,online-reorder,auto,four-mul,recurrence,direct-strided,2,8x8,512x256,8x4,recurrence,direct-strided,global-scratch,2,512x256,8x4,shared,cufftdx-block,0,named-barrier,32,512,256,8,4,16,4,8,1,0,0,16,65536,64,1,65536,100,50,10.943776,0.478228,10.131264,133827.245191,70.164019,8770502340.846600,0.000000,-1
1,Tesla V100-SXM2-16GB,7.0,fft,fp64,forward,none,out-of-place,0,online-reorder,auto,four-mul,recurrence,direct-strided,2,8x8,512x256,8x8,recurrence,direct-strided,global-scratch,2,512x256,8x8,shared,cufftdx-block,0,named-barrier,32,512,256,8,8,16,8,8,1,0,0,16,65536,64,1,65536,100,50,10.963456,0.482755,10.119776,132572.544156,69.506194,8688274253.803997,0.000000,-1
2,Tesla V100-SXM2-16GB,7.0,fft,fp64,forward,none,out-of-place,0,online-reorder,auto,four-mul,recurrence,direct-strided,2,8x8,512x256,8x8,recurrence,direct-strided,global-scratch,2,512x256,8x8,shared,cufftdx-block,0,named-barrier,32,512,256,8,8,16,8,8,1,0,0,16,65536,64,1,65536,100,50,10.936480,0.483287,10.108096,132426.477801,69.429613,8678701649.187965,0.000000,-1
3,Tesla V100-SXM2-16GB,7.0,fft,fp64,forward,none,out-of-place,0,online-reorder,auto,four-mul,recurrence,direct-strided,2,8x8,512x256,8x8,recurrence,direct-strided,global-scratch,2,512x256,8x8,shared,cufftdx-block,0,named-barrier,32,512,256,8,8,16,8,8,1,0,0,16,65536,64,1,65536,100,50,10.954880,0.482877,10.114432,132538.809202,69.488507,8686063399.848347,0.000000,-1
1,Tesla V100-SXM2-16GB,7.0,fft,fp64,forward,none,out-of-place,0,online-reorder,auto,four-mul,recurrence,direct-strided,2,8x8,512x512,8x4,recurrence,direct-strided,global-scratch,2,512x512,8x4,shared,cufftdx-block,0,named-barrier,32,512,512,8,4,16,8,8,1,0,0,16,65536,64,1,65536,100,50,10.942848,0.482406,10.107712,132668.229415,69.556361,8694545082.912128,0.000000,-1
2,Tesla V100-SXM2-16GB,7.0,fft,fp64,forward,none,out-of-place,0,online-reorder,auto,four-mul,recurrence,direct-strided,2,8x8,512x512,8x4,recurrence,direct-strided,global-scratch,2,512x512,8x4,shared,cufftdx-block,0,named-barrier,32,512,512,8,4,16,8,8,1,0,0,16,65536,64,1,65536,100,50,10.943360,0.482611,10.108000,132611.921949,69.526839,8690854916.841534,0.000000,-1
3,Tesla V100-SXM2-16GB,7.0,fft,fp64,forward,none,out-of-place,0,online-reorder,auto,four-mul,recurrence,direct-strided,2,8x8,512x512,8x4,recurrence,direct-strided,global-scratch,2,512x512,8x4,shared,cufftdx-block,0,named-barrier,32,512,512,8,4,16,8,8,1,0,0,16,65536,64,1,65536,100,50,10.953824,0.482570,10.128704,132623.182894,69.532743,8691592914.152035,0.000000,-1
1,Tesla V100-SXM2-16GB,7.0,fft,fp64,forward,none,out-of-place,0,online-reorder,auto,four-mul,recurrence,direct-strided,2,8x8,512x512,8x8,recurrence,direct-strided,global-scratch,2,512x512,8x8,shared,cufftdx-block,0,named-barrier,32,512,512,8,8,16,16,8,1,0,0,16,65536,64,1,65536,100,50,10.955328,0.498995,10.129120,128257.742989,67.243996,8405499444.550336,0.000000,-1
2,Tesla V100-SXM2-16GB,7.0,fft,fp64,forward,none,out-of-place,0,online-reorder,auto,four-mul,recurrence,direct-strided,2,8x8,512x512,8x8,recurrence,direct-strided,global-scratch,2,512x512,8x8,shared,cufftdx-block,0,named-barrier,32,512,512,8,8,16,16,8,1,0,0,16,65536,64,1,65536,100,50,10.963680,0.498627,10.121344,128352.569112,67.293712,8411713969.326281,0.000000,-1
3,Tesla V100-SXM2-16GB,7.0,fft,fp64,forward,none,out-of-place,0,online-reorder,auto,four-mul,recurrence,direct-strided,2,8x8,512x512,8x8,recurrence,direct-strided,global-scratch,2,512x512,8x8,shared,cufftdx-block,0,named-barrier,32,512,512,8,8,16,16,8,1,0,0,16,65536,64,1,65536,100,50,10.923168,0.498831,10.112160,128299.872332,67.266083,8408260433.178797,0.000000,-1
