rank,operator,precision,direction,normalization,placement,logN,N,batch,element_stride,batch_stride,backend,compute_unit,complex_multiply,stage_space,tile_threads,local_stages,reorder_columns,warp_stages,pipeline_warps,stage_handoff,trials,median_kernel_ms,min_kernel_ms,max_kernel_ms,median_Gbutterfly_s,slowdown_vs_best
1,fft,fp32,forward,inverse,out-of-place,8,256,16384,1,256,temporal-tile,radix8,four-mul,0,64,0,0,0,0,named-barrier,3,0.110551,0.110469,0.110838,151.759905,1.000000
2,fft,fp32,forward,inverse,out-of-place,8,256,16384,1,256,temporal-tile,radix4,four-mul,0,128,0,0,0,0,named-barrier,3,0.110572,0.110469,0.110715,151.731804,1.000190
3,fft,fp32,forward,inverse,out-of-place,8,256,16384,1,256,temporal-tile,radix4,gauss3,0,128,0,0,0,0,named-barrier,3,0.110653,0.110612,0.110735,151.619474,1.000923
4,fft,fp32,forward,inverse,out-of-place,8,256,16384,1,256,temporal-tile,radix8,gauss3,0,64,0,0,0,0,named-barrier,3,0.110899,0.110858,0.110961,151.283468,1.003148
5,fft,fp32,forward,inverse,out-of-place,8,256,16384,1,256,temporal-tile,radix4,four-mul,0,64,0,0,0,0,named-barrier,3,0.111739,0.111636,0.111759,150.146624,1.010746
6,fft,fp32,forward,inverse,out-of-place,8,256,16384,1,256,temporal-tile,radix4,gauss3,0,64,0,0,0,0,named-barrier,3,0.111759,0.111616,0.111800,150.119117,1.010927
7,fft,fp32,forward,inverse,out-of-place,8,256,16384,1,256,temporal-tile,radix4,gauss3,0,256,0,0,0,0,named-barrier,3,0.112517,0.112497,0.112538,149.108120,1.017784
8,fft,fp32,forward,inverse,out-of-place,8,256,16384,1,256,temporal-tile,radix4,four-mul,0,256,0,0,0,0,named-barrier,3,0.112558,0.112415,0.112620,149.053855,1.018155
9,fft,fp32,forward,inverse,out-of-place,8,256,16384,1,256,temporal-tile,radix8,gauss3,0,128,0,0,0,0,named-barrier,3,0.114319,0.114299,0.114381,146.757432,1.034084
10,fft,fp32,forward,inverse,out-of-place,8,256,16384,1,256,temporal-tile,radix8,four-mul,0,128,0,0,0,0,named-barrier,3,0.114340,0.114094,0.114442,146.731153,1.034274
11,fft,fp32,forward,inverse,out-of-place,8,256,16384,1,256,temporal-tile,radix2,four-mul,0,128,0,0,0,0,named-barrier,3,0.130314,0.130273,0.130355,128.744312,1.178768
12,fft,fp32,forward,inverse,out-of-place,8,256,16384,1,256,temporal-tile,radix2,gauss3,0,128,0,0,0,0,named-barrier,3,0.130417,0.130376,0.130437,128.643210,1.179700
13,fft,fp32,forward,inverse,out-of-place,8,256,16384,1,256,temporal-tile,radix2,four-mul,0,64,0,0,0,0,named-barrier,3,0.130458,0.130396,0.130478,128.602831,1.180071
14,fft,fp32,forward,inverse,out-of-place,8,256,16384,1,256,temporal-tile,radix2,gauss3,0,64,0,0,0,0,named-barrier,3,0.130519,0.130499,0.130519,128.542295,1.180623
15,fft,fp32,forward,inverse,out-of-place,8,256,16384,1,256,temporal-tile,radix2,four-mul,0,256,0,0,0,0,named-barrier,3,0.132874,0.132874,0.133038,126.263876,1.201925
16,fft,fp32,forward,inverse,out-of-place,8,256,16384,1,256,temporal-tile,radix2,gauss3,0,256,0,0,0,0,named-barrier,3,0.133243,0.133243,0.133489,125.914531,1.205263
17,fft,fp32,forward,inverse,out-of-place,8,256,16384,1,256,temporal-tile,radix2,four-mul,0,32,0,0,0,0,named-barrier,3,0.139203,0.139182,0.139735,120.523769,1.259174
18,fft,fp32,forward,inverse,out-of-place,8,256,16384,1,256,temporal-tile,radix2,gauss3,0,32,0,0,0,0,named-barrier,3,0.139735,0.139551,0.140042,120.064485,1.263987
19,fft,fp32,forward,inverse,out-of-place,8,256,16384,1,256,temporal-tile,radix8,four-mul,0,256,0,0,0,0,named-barrier,3,0.146760,0.146719,0.146801,114.317604,1.327532
20,fft,fp32,forward,inverse,out-of-place,8,256,16384,1,256,temporal-tile,radix8,gauss3,0,256,0,0,0,0,named-barrier,3,0.147456,0.147436,0.147497,113.777785,1.333828
21,fft,fp32,forward,inverse,out-of-place,8,256,16384,1,256,temporal-tile,radix8,gauss3,0,32,0,0,0,0,named-barrier,3,0.150344,0.148521,0.151695,111.592432,1.359952
22,fft,fp32,forward,inverse,out-of-place,8,256,16384,1,256,temporal-tile,radix8,four-mul,0,32,0,0,0,0,named-barrier,3,0.150589,0.149545,0.150938,111.410311,1.362168
23,fft,fp32,forward,inverse,out-of-place,8,256,16384,1,256,temporal-tile,radix4,gauss3,0,32,0,0,0,0,named-barrier,3,0.156058,0.155996,0.156611,107.506564,1.411638
24,fft,fp32,forward,inverse,out-of-place,8,256,16384,1,256,temporal-tile,radix4,four-mul,0,32,0,0,0,0,named-barrier,3,0.156201,0.155709,0.156652,107.407893,1.412932
1,fwht,fp32,forward,inverse,out-of-place,8,256,16384,1,256,temporal-tile,radix4,four-mul,0,128,0,0,0,0,named-barrier,3,0.051364,0.051343,0.051405,326.634764,1.000000
2,fwht,fp32,forward,inverse,out-of-place,8,256,16384,1,256,temporal-tile,radix4,four-mul,0,256,0,0,0,0,named-barrier,3,0.052101,0.052060,0.052122,322.012576,1.014349
3,fwht,fp32,forward,inverse,out-of-place,8,256,16384,1,256,temporal-tile,radix4,four-mul,0,64,0,0,0,0,named-barrier,3,0.052593,0.052531,0.052613,319.003122,1.023927
4,fwht,fp32,forward,inverse,out-of-place,8,256,16384,1,256,temporal-tile,radix8,four-mul,0,128,0,0,0,0,named-barrier,3,0.053330,0.053309,0.053371,314.592921,1.038276
5,fwht,fp32,forward,inverse,out-of-place,8,256,16384,1,256,temporal-tile,radix8,four-mul,0,256,0,0,0,0,named-barrier,3,0.053985,0.053965,0.054026,310.773884,1.051028
6,fwht,fp32,forward,inverse,out-of-place,8,256,16384,1,256,temporal-tile,radix8,four-mul,0,64,0,0,0,0,named-barrier,3,0.054272,0.054211,0.054292,309.132077,1.056616
7,fwht,fp32,forward,inverse,out-of-place,8,256,16384,1,256,temporal-tile,radix2,four-mul,0,128,0,0,0,0,named-barrier,3,0.055869,0.055849,0.055890,300.293247,1.087707
8,fwht,fp32,forward,inverse,out-of-place,8,256,16384,1,256,temporal-tile,radix2,four-mul,0,64,0,0,0,0,named-barrier,3,0.058900,0.058839,0.058900,284.840059,1.146718
9,fwht,fp32,forward,inverse,out-of-place,8,256,16384,1,256,temporal-tile,radix4,four-mul,0,32,0,0,0,0,named-barrier,3,0.061850,0.061809,0.061870,271.258288,1.204151
10,fwht,fp32,forward,inverse,out-of-place,8,256,16384,1,256,temporal-tile,radix2,four-mul,0,256,0,0,0,0,named-barrier,3,0.063529,0.063488,0.063549,264.087675,1.236839
11,fwht,fp32,forward,inverse,out-of-place,8,256,16384,1,256,temporal-tile,radix8,four-mul,0,32,0,0,0,0,named-barrier,3,0.064102,0.064041,0.064102,261.725224,1.247995
12,fwht,fp32,forward,inverse,out-of-place,8,256,16384,1,256,temporal-tile,radix2,four-mul,0,32,0,0,0,0,named-barrier,3,0.072561,0.072479,0.072724,231.216489,1.412682
1,xor-zeta,uint32,forward,none,out-of-place,8,256,16384,1,256,temporal-tile,radix4,four-mul,0,128,0,0,0,0,named-barrier,3,0.050094,0.050074,0.050094,334.914151,1.000000
2,xor-zeta,uint32,forward,none,out-of-place,8,256,16384,1,256,temporal-tile,radix4,four-mul,0,256,0,0,0,0,named-barrier,3,0.050831,0.050831,0.050872,330.056389,1.014712
3,xor-zeta,uint32,forward,none,out-of-place,8,256,16384,1,256,temporal-tile,radix4,four-mul,0,64,0,0,0,0,named-barrier,3,0.051814,0.051753,0.051814,323.794469,1.034335
4,xor-zeta,uint32,forward,none,out-of-place,8,256,16384,1,256,temporal-tile,radix8,four-mul,0,128,0,0,0,0,named-barrier,3,0.051896,0.051876,0.051999,323.283354,1.035972
5,xor-zeta,uint32,forward,none,out-of-place,8,256,16384,1,256,temporal-tile,radix2,four-mul,0,128,0,0,0,0,named-barrier,3,0.052408,0.052326,0.052408,320.125055,1.046193
6,xor-zeta,uint32,forward,none,out-of-place,8,256,16384,1,256,temporal-tile,radix8,four-mul,0,256,0,0,0,0,named-barrier,3,0.052838,0.052838,0.052859,317.519380,1.054777
7,xor-zeta,uint32,forward,none,out-of-place,8,256,16384,1,256,temporal-tile,radix8,four-mul,0,64,0,0,0,0,named-barrier,3,0.053699,0.053678,0.053760,312.433267,1.071965
8,xor-zeta,uint32,forward,none,out-of-place,8,256,16384,1,256,temporal-tile,radix2,four-mul,0,64,0,0,0,0,named-barrier,3,0.056361,0.056340,0.056443,297.674419,1.125105
9,xor-zeta,uint32,forward,none,out-of-place,8,256,16384,1,256,temporal-tile,radix4,four-mul,0,32,0,0,0,0,named-barrier,3,0.060764,0.060723,0.060887,276.103809,1.213000
10,xor-zeta,uint32,forward,none,out-of-place,8,256,16384,1,256,temporal-tile,radix8,four-mul,0,32,0,0,0,0,named-barrier,3,0.063652,0.063529,0.063713,263.577874,1.270651
11,xor-zeta,uint32,forward,none,out-of-place,8,256,16384,1,256,temporal-tile,radix2,four-mul,0,256,0,0,0,0,named-barrier,3,0.063713,0.063672,0.063734,263.323680,1.271869
12,xor-zeta,uint32,forward,none,out-of-place,8,256,16384,1,256,temporal-tile,radix2,four-mul,0,32,0,0,0,0,named-barrier,3,0.069673,0.069591,0.069693,240.799514,1.390845
