trial,implementation,device,compute_capability,operator,precision,direction,normalization,placement,auto_select,selection_target,selected_implementation,selection_confidence,predicted_kernel_ms,selection_reason,backend,compute_unit,complex_multiply,cross_twiddle,direct_boundary,stage_matrices,decomposition_count,stages_per_decomposition,segment_threads,segment_ept,boundary_twiddles,boundary_layouts,boundary_residencies,execution_group_count,group_threads,group_ept,local_exchange,shared_layout,fft_core,stage_space,stage_handoff,tile_threads,prefix_threads,suffix_threads,prefix_ept,suffix_ept,prefix_units_per_cta,suffix_units_per_cta,local_stages,reorder_columns,warp_stages,pipeline_warps,logN,N,batch,element_stride,batch_stride,warmup,repeat,h2d_ms,kernel_ms,d2h_ms,transforms_s,Gbutterfly_s,points_s,max_error,correct
1,structured-broadcast,"Tesla V100-SXM2-16GB",7.0,structured-2x2,fp32,forward,none,out-of-place,0,"","","",0.000000,"",temporal-tile,radix2,four-mul,table,direct-strided,1:0.25:-0.5:1,1,8,,,,,,0,,,warp-register,linear,scalar,0,named-barrier,32,0,0,8,8,0,0,0,0,0,0,8,256,16384,1,256,20,100,2.778624,0.043459,2.601536,377002807.184305,386.050875,96512718639.182053,0.000000,-1
1,fwht,"Tesla V100-SXM2-16GB",7.0,fwht,fp32,forward,inverse,out-of-place,0,"","","",0.000000,"",temporal-tile,radix2,four-mul,table,direct-strided,,1,8,,,,,,0,,,warp-register,linear,scalar,0,named-barrier,32,0,0,8,8,0,0,0,0,0,0,8,256,16384,1,256,20,100,2.786496,0.043151,2.599776,379686758.379071,388.799241,97199810145.042099,0.000000,-1
2,fwht,"Tesla V100-SXM2-16GB",7.0,fwht,fp32,forward,inverse,out-of-place,0,"","","",0.000000,"",temporal-tile,radix2,four-mul,table,direct-strided,,1,8,,,,,,0,,,warp-register,linear,scalar,0,named-barrier,32,0,0,8,8,0,0,0,0,0,0,8,256,16384,1,256,20,100,2.912224,0.043110,2.655392,380047502.074253,389.168642,97292160531.008713,0.000000,-1
2,structured-broadcast,"Tesla V100-SXM2-16GB",7.0,structured-2x2,fp32,forward,none,out-of-place,0,"","","",0.000000,"",temporal-tile,radix2,four-mul,table,direct-strided,1:0.25:-0.5:1,1,8,,,,,,0,,,warp-register,linear,scalar,0,named-barrier,32,0,0,8,8,0,0,0,0,0,0,8,256,16384,1,256,20,100,2.777664,0.043428,2.602176,377269512.991556,386.323981,96580995325.838348,0.000000,-1
3,structured-broadcast,"Tesla V100-SXM2-16GB",7.0,structured-2x2,fp32,forward,none,out-of-place,0,"","","",0.000000,"",temporal-tile,radix2,four-mul,table,direct-strided,1:0.25:-0.5:1,1,8,,,,,,0,,,warp-register,linear,scalar,0,named-barrier,32,0,0,8,8,0,0,0,0,0,0,8,256,16384,1,256,20,100,2.775008,0.043428,2.611200,377269512.991556,386.323981,96580995325.838348,0.000000,-1
3,fwht,"Tesla V100-SXM2-16GB",7.0,fwht,fp32,forward,inverse,out-of-place,0,"","","",0.000000,"",temporal-tile,radix2,four-mul,table,direct-strided,,1,8,,,,,,0,,,warp-register,linear,scalar,0,named-barrier,32,0,0,8,8,0,0,0,0,0,0,8,256,16384,1,256,20,100,2.779136,0.043162,2.609024,379596671.245485,388.706991,97176747838.844193,0.000000,-1
4,fwht,"Tesla V100-SXM2-16GB",7.0,fwht,fp32,forward,inverse,out-of-place,0,"","","",0.000000,"",temporal-tile,radix2,four-mul,table,direct-strided,,1,8,,,,,,0,,,warp-register,linear,scalar,0,named-barrier,32,0,0,8,8,0,0,0,0,0,0,8,256,16384,1,256,20,100,2.782944,0.043090,2.601344,380228147.539410,389.353623,97338405770.089081,0.000000,-1
4,structured-broadcast,"Tesla V100-SXM2-16GB",7.0,structured-2x2,fp32,forward,none,out-of-place,0,"","","",0.000000,"",temporal-tile,radix2,four-mul,table,direct-strided,1:0.25:-0.5:1,1,8,,,,,,0,,,warp-register,linear,scalar,0,named-barrier,32,0,0,8,8,0,0,0,0,0,0,8,256,16384,1,256,20,100,2.759744,0.043397,2.592416,377536564.012716,386.597442,96649360387.255371,0.000000,-1
5,structured-broadcast,"Tesla V100-SXM2-16GB",7.0,structured-2x2,fp32,forward,none,out-of-place,0,"","","",0.000000,"",temporal-tile,radix2,four-mul,table,direct-strided,1:0.25:-0.5:1,1,8,,,,,,0,,,warp-register,linear,scalar,0,named-barrier,32,0,0,8,8,0,0,0,0,0,0,8,256,16384,1,256,20,100,2.771552,0.043397,2.600896,377536564.012716,386.597442,96649360387.255371,0.000000,-1
5,fwht,"Tesla V100-SXM2-16GB",7.0,fwht,fp32,forward,inverse,out-of-place,0,"","","",0.000000,"",temporal-tile,radix2,four-mul,table,direct-strided,,1,8,,,,,,0,,,warp-register,linear,scalar,0,named-barrier,32,0,0,8,8,0,0,0,0,0,0,8,256,16384,1,256,20,100,2.778272,0.043110,2.591200,380047502.074253,389.168642,97292160531.008713,0.000000,-1
1,structured-broadcast,"Tesla V100-SXM2-16GB",7.0,structured-2x2,fp32,forward,none,out-of-place,0,"","","",0.000000,"",temporal-tile,radix2,four-mul,table,direct-strided,1:0.25:-0.5:1,1,10,,,,,,0,,,warp-register,linear,scalar,0,named-barrier,128,0,0,8,8,0,0,0,0,0,0,10,1024,4096,1,1024,20,100,2.776864,0.043315,2.603936,94562643.392777,484.160734,96832146834.203812,0.000000,-1
1,fwht,"Tesla V100-SXM2-16GB",7.0,fwht,fp32,forward,inverse,out-of-place,0,"","","",0.000000,"",temporal-tile,radix2,four-mul,table,direct-strided,,1,10,,,,,,0,,,warp-register,linear,scalar,0,named-barrier,128,0,0,8,8,0,0,0,0,0,0,10,1024,4096,1,1024,20,100,2.771872,0.044657,2.600416,91722086.084042,469.617081,93923416150.059250,0.000000,-1
2,fwht,"Tesla V100-SXM2-16GB",7.0,fwht,fp32,forward,inverse,out-of-place,0,"","","",0.000000,"",temporal-tile,radix2,four-mul,table,direct-strided,,1,10,,,,,,0,,,warp-register,linear,scalar,0,named-barrier,128,0,0,8,8,0,0,0,0,0,0,10,1024,4096,1,1024,20,100,2.766400,0.044626,2.592992,91785216.331669,469.940308,93988061523.628830,0.000000,-1
2,structured-broadcast,"Tesla V100-SXM2-16GB",7.0,structured-2x2,fp32,forward,none,out-of-place,0,"","","",0.000000,"",temporal-tile,radix2,four-mul,table,direct-strided,1:0.25:-0.5:1,1,10,,,,,,0,,,warp-register,linear,scalar,0,named-barrier,128,0,0,8,8,0,0,0,0,0,0,10,1024,4096,1,1024,20,100,2.773024,0.043325,2.601664,94540299.775651,484.046335,96809266970.266418,0.000000,-1
3,structured-broadcast,"Tesla V100-SXM2-16GB",7.0,structured-2x2,fp32,forward,none,out-of-place,0,"","","",0.000000,"",temporal-tile,radix2,four-mul,table,direct-strided,1:0.25:-0.5:1,1,10,,,,,,0,,,warp-register,linear,scalar,0,named-barrier,128,0,0,8,8,0,0,0,0,0,0,10,1024,4096,1,1024,20,100,2.772928,0.043284,2.607296,94629762.090298,484.504382,96900876380.465286,0.000000,-1
3,fwht,"Tesla V100-SXM2-16GB",7.0,fwht,fp32,forward,inverse,out-of-place,0,"","","",0.000000,"",temporal-tile,radix2,four-mul,table,direct-strided,,1,10,,,,,,0,,,warp-register,linear,scalar,0,named-barrier,128,0,0,8,8,0,0,0,0,0,0,10,1024,4096,1,1024,20,100,2.772704,0.044626,2.601312,91785216.331669,469.940308,93988061523.628830,0.000000,-1
4,fwht,"Tesla V100-SXM2-16GB",7.0,fwht,fp32,forward,inverse,out-of-place,0,"","","",0.000000,"",temporal-tile,radix2,four-mul,table,direct-strided,,1,10,,,,,,0,,,warp-register,linear,scalar,0,named-barrier,128,0,0,8,8,0,0,0,0,0,0,10,1024,4096,1,1024,20,100,2.772256,0.044636,2.602176,91764165.815051,469.832529,93966505794.612015,0.000000,-1
4,structured-broadcast,"Tesla V100-SXM2-16GB",7.0,structured-2x2,fp32,forward,none,out-of-place,0,"","","",0.000000,"",temporal-tile,radix2,four-mul,table,direct-strided,1:0.25:-0.5:1,1,10,,,,,,0,,,warp-register,linear,scalar,0,named-barrier,128,0,0,8,8,0,0,0,0,0,0,10,1024,4096,1,1024,20,100,2.771424,0.043284,2.603776,94629762.090298,484.504382,96900876380.465286,0.000000,-1
5,structured-broadcast,"Tesla V100-SXM2-16GB",7.0,structured-2x2,fp32,forward,none,out-of-place,0,"","","",0.000000,"",temporal-tile,radix2,four-mul,table,direct-strided,1:0.25:-0.5:1,1,10,,,,,,0,,,warp-register,linear,scalar,0,named-barrier,128,0,0,8,8,0,0,0,0,0,0,10,1024,4096,1,1024,20,100,2.768736,0.043254,2.607648,94696967.978639,484.848476,96969695210.125900,0.000000,-1
5,fwht,"Tesla V100-SXM2-16GB",7.0,fwht,fp32,forward,inverse,out-of-place,0,"","","",0.000000,"",temporal-tile,radix2,four-mul,table,direct-strided,,1,10,,,,,,0,,,warp-register,linear,scalar,0,named-barrier,128,0,0,8,8,0,0,0,0,0,0,10,1024,4096,1,1024,20,100,2.786848,0.044626,2.599552,91785216.331669,469.940308,93988061523.628830,0.000000,-1
1,structured-broadcast,"Tesla V100-SXM2-16GB",7.0,structured-2x2,fp32,forward,none,out-of-place,0,"","","",0.000000,"",temporal-tile,radix2,four-mul,table,direct-strided,1:0.25:-0.5:1,1,12,,,,,,0,,,warp-register,linear,scalar,0,named-barrier,256,0,0,8,8,0,0,0,0,0,0,12,4096,1024,1,4096,20,100,2.772064,0.047452,2.602272,21579629.182400,530.340967,88390161131.110275,0.000000,-1
1,fwht,"Tesla V100-SXM2-16GB",7.0,fwht,fp32,forward,inverse,out-of-place,0,"","","",0.000000,"",temporal-tile,radix2,four-mul,table,direct-strided,,1,12,,,,,,0,,,warp-register,linear,scalar,0,named-barrier,256,0,0,8,8,0,0,0,0,0,0,12,4096,1024,1,4096,20,100,2.777888,0.045015,2.599200,22747952.287528,559.053675,93175612569.715088,0.000000,-1
2,fwht,"Tesla V100-SXM2-16GB",7.0,fwht,fp32,forward,inverse,out-of-place,0,"","","",0.000000,"",temporal-tile,radix2,four-mul,table,direct-strided,,1,12,,,,,,0,,,warp-register,linear,scalar,0,named-barrier,256,0,0,8,8,0,0,0,0,0,0,12,4096,1024,1,4096,20,100,2.778816,0.045015,2.599328,22747952.287528,559.053675,93175612569.715088,0.000000,-1
2,structured-broadcast,"Tesla V100-SXM2-16GB",7.0,structured-2x2,fp32,forward,none,out-of-place,0,"","","",0.000000,"",temporal-tile,radix2,four-mul,table,direct-strided,1:0.25:-0.5:1,1,12,,,,,,0,,,warp-register,linear,scalar,0,named-barrier,256,0,0,8,8,0,0,0,0,0,0,12,4096,1024,1,4096,20,100,2.773824,0.047442,2.601696,21584285.671076,530.455405,88409234108.725388,0.000000,-1
3,structured-broadcast,"Tesla V100-SXM2-16GB",7.0,structured-2x2,fp32,forward,none,out-of-place,0,"","","",0.000000,"",temporal-tile,radix2,four-mul,table,direct-strided,1:0.25:-0.5:1,1,12,,,,,,0,,,warp-register,linear,scalar,0,named-barrier,256,0,0,8,8,0,0,0,0,0,0,12,4096,1024,1,4096,20,100,2.758912,0.047483,2.593312,21565666.687562,529.997825,88332970752.253815,0.000000,-1
3,fwht,"Tesla V100-SXM2-16GB",7.0,fwht,fp32,forward,inverse,out-of-place,0,"","","",0.000000,"",temporal-tile,radix2,four-mul,table,direct-strided,,1,12,,,,,,0,,,warp-register,linear,scalar,0,named-barrier,256,0,0,8,8,0,0,0,0,0,0,12,4096,1024,1,4096,20,100,2.778656,0.044974,2.603840,22768671.578877,559.562873,93260478787.080566,0.000000,-1
4,fwht,"Tesla V100-SXM2-16GB",7.0,fwht,fp32,forward,inverse,out-of-place,0,"","","",0.000000,"",temporal-tile,radix2,four-mul,table,direct-strided,,1,12,,,,,,0,,,warp-register,linear,scalar,0,named-barrier,256,0,0,8,8,0,0,0,0,0,0,12,4096,1024,1,4096,20,100,2.771680,0.045015,2.602208,22747952.287528,559.053675,93175612569.715088,0.000000,-1
4,structured-broadcast,"Tesla V100-SXM2-16GB",7.0,structured-2x2,fp32,forward,none,out-of-place,0,"","","",0.000000,"",temporal-tile,radix2,four-mul,table,direct-strided,1:0.25:-0.5:1,1,12,,,,,,0,,,warp-register,linear,scalar,0,named-barrier,256,0,0,8,8,0,0,0,0,0,0,12,4096,1024,1,4096,20,100,2.771040,0.047483,2.599616,21565666.687562,529.997825,88332970752.253815,0.000000,-1
5,structured-broadcast,"Tesla V100-SXM2-16GB",7.0,structured-2x2,fp32,forward,none,out-of-place,0,"","","",0.000000,"",temporal-tile,radix2,four-mul,table,direct-strided,1:0.25:-0.5:1,1,12,,,,,,0,,,warp-register,linear,scalar,0,named-barrier,256,0,0,8,8,0,0,0,0,0,0,12,4096,1024,1,4096,20,100,2.772992,0.047462,2.604224,21574973.009023,530.226537,88371089444.957764,0.000000,-1
5,fwht,"Tesla V100-SXM2-16GB",7.0,fwht,fp32,forward,inverse,out-of-place,0,"","","",0.000000,"",temporal-tile,radix2,four-mul,table,direct-strided,,1,12,,,,,,0,,,warp-register,linear,scalar,0,named-barrier,256,0,0,8,8,0,0,0,0,0,0,12,4096,1024,1,4096,20,100,2.775456,0.044964,2.604896,22773855.413583,559.690271,93281711774.037369,0.000000,-1
1,structured-broadcast,"Tesla V100-SXM2-16GB",7.0,structured-2x2,fp32,forward,none,out-of-place,0,"","","",0.000000,"",temporal-tile,radix2,four-mul,table,direct-strided,1:0.25:-0.5:1,1,15,,,,,,0,,,warp-register,linear,scalar,0,named-barrier,256,0,0,8,8,0,0,0,0,0,0,15,32768,128,1,32768,20,100,2.759936,0.080538,2.591136,1589319.872672,390.591252,52078833587.720070,0.000000,-1
1,fwht,"Tesla V100-SXM2-16GB",7.0,fwht,fp32,forward,inverse,out-of-place,0,"","","",0.000000,"",temporal-tile,radix2,four-mul,table,direct-strided,,1,15,,,,,,0,,,warp-register,linear,scalar,0,named-barrier,256,0,0,8,8,0,0,0,0,0,0,15,32768,128,1,32768,20,100,2.774720,0.069325,2.600896,1846381.122834,453.766625,60502216633.023369,0.000000,-1
2,fwht,"Tesla V100-SXM2-16GB",7.0,fwht,fp32,forward,inverse,out-of-place,0,"","","",0.000000,"",temporal-tile,radix2,four-mul,table,direct-strided,,1,15,,,,,,0,,,warp-register,linear,scalar,0,named-barrier,256,0,0,8,8,0,0,0,0,0,0,15,32768,128,1,32768,20,100,2.773600,0.069253,2.598208,1848292.262202,454.236306,60564840847.840286,0.000000,-1
2,structured-broadcast,"Tesla V100-SXM2-16GB",7.0,structured-2x2,fp32,forward,none,out-of-place,0,"","","",0.000000,"",temporal-tile,radix2,four-mul,table,direct-strided,1:0.25:-0.5:1,1,15,,,,,,0,,,warp-register,linear,scalar,0,named-barrier,256,0,0,8,8,0,0,0,0,0,0,15,32768,128,1,32768,20,100,2.772576,0.080497,2.602688,1590128.501873,390.789981,52105330749.368301,0.000000,-1
3,structured-broadcast,"Tesla V100-SXM2-16GB",7.0,structured-2x2,fp32,forward,none,out-of-place,0,"","","",0.000000,"",temporal-tile,radix2,four-mul,table,direct-strided,1:0.25:-0.5:1,1,15,,,,,,0,,,warp-register,linear,scalar,0,named-barrier,256,0,0,8,8,0,0,0,0,0,0,15,32768,128,1,32768,20,100,2.771104,0.080466,2.598368,1590735.550794,390.939169,52125222528.404709,0.000000,-1
3,fwht,"Tesla V100-SXM2-16GB",7.0,fwht,fp32,forward,inverse,out-of-place,0,"","","",0.000000,"",temporal-tile,radix2,four-mul,table,direct-strided,,1,15,,,,,,0,,,warp-register,linear,scalar,0,named-barrier,256,0,0,8,8,0,0,0,0,0,0,15,32768,128,1,32768,20,100,2.763040,0.069222,2.592224,1849112.476729,454.437882,60591717637.439674,0.000000,-1
4,fwht,"Tesla V100-SXM2-16GB",7.0,fwht,fp32,forward,inverse,out-of-place,0,"","","",0.000000,"",temporal-tile,radix2,four-mul,table,direct-strided,,1,15,,,,,,0,,,warp-register,linear,scalar,0,named-barrier,256,0,0,8,8,0,0,0,0,0,0,15,32768,128,1,32768,20,100,2.770976,0.069294,2.599264,1847199.641653,453.967784,60529037857.700027,0.000000,-1
4,structured-broadcast,"Tesla V100-SXM2-16GB",7.0,structured-2x2,fp32,forward,none,out-of-place,0,"","","",0.000000,"",temporal-tile,radix2,four-mul,table,direct-strided,1:0.25:-0.5:1,1,15,,,,,,0,,,warp-register,linear,scalar,0,named-barrier,256,0,0,8,8,0,0,0,0,0,0,15,32768,128,1,32768,20,100,2.759424,0.080558,2.594944,1588915.645972,390.491909,52065587887.201668,0.000000,-1
5,structured-broadcast,"Tesla V100-SXM2-16GB",7.0,structured-2x2,fp32,forward,none,out-of-place,0,"","","",0.000000,"",temporal-tile,radix2,four-mul,table,direct-strided,1:0.25:-0.5:1,1,15,,,,,,0,,,warp-register,linear,scalar,0,named-barrier,256,0,0,8,8,0,0,0,0,0,0,15,32768,128,1,32768,20,100,2.774208,0.080538,2.601568,1589319.872672,390.591252,52078833587.720070,0.000000,-1
5,fwht,"Tesla V100-SXM2-16GB",7.0,fwht,fp32,forward,inverse,out-of-place,0,"","","",0.000000,"",temporal-tile,radix2,four-mul,table,direct-strided,,1,15,,,,,,0,,,warp-register,linear,scalar,0,named-barrier,256,0,0,8,8,0,0,0,0,0,0,15,32768,128,1,32768,20,100,2.763840,0.069192,2.595488,1849933.419549,454.639637,60618618291.793358,0.000000,-1
