case_id,group,trial,implementation,reference,runner,device,operator,precision,direction,normalization,placement,output_order,logN,N,batch,modulus,modulus_bits,warmup,repeat,backend,kernel_ms,throughput_s,correct
ntt10_u64_v07_pipe_b160,ntt10_u64-batch160,2,v0.7-pipeline-radix2,0,ntt,Tesla V100-SXM2-16GB,ntt,uint64,forward,none,out-of-place,natural,10,1024,160,1152921504606584833,60,30,500,hybrid-dataflow,0.039776,4022500.037931,1
ntt10_u64_v07_pipe_b1,ntt10_u64-batch1,1,v0.7-pipeline-radix2,0,ntt,Tesla V100-SXM2-16GB,ntt,uint64,forward,none,out-of-place,natural,10,1024,1,1152921504606584833,60,30,500,hybrid-dataflow,0.036112,27691.332355,1
ntt12_u64_v06_r4_b16,ntt12_u64-batch16,2,v0.6-hybrid2d-radix4,0,ntt,Tesla V100-SXM2-16GB,ntt,uint64,forward,none,out-of-place,natural,12,4096,16,1152921504606584833,60,30,500,hybrid2d,0.010568,1514050.387417,1
ntt10_u64_v07_pipe_b1,ntt10_u64-batch1,3,v0.7-pipeline-radix2,0,ntt,Tesla V100-SXM2-16GB,ntt,uint64,forward,none,out-of-place,natural,10,1024,1,1152921504606584833,60,30,500,hybrid-dataflow,0.036110,27692.900711,1
ntt12_u64_v07_r4_b1,ntt12_u64-batch1,3,v0.7-resident-radix4,0,ntt,Tesla V100-SXM2-16GB,ntt,uint64,forward,none,out-of-place,natural,12,4096,1,1152921504606584833,60,30,500,hybrid-dataflow,0.022870,43725.375107,1
ntt10_u64_v06_tile_b256,ntt10_u64-batch256,2,v0.6-tile256,1,ntt,Tesla V100-SXM2-16GB,ntt,uint64,forward,none,out-of-place,natural,10,1024,256,1152921504606584833,60,30,500,tile256,0.035598,7191347.790020,1
ntt10_u64_v06_tile_b16,ntt10_u64-batch16,1,v0.6-tile256,1,ntt,Tesla V100-SXM2-16GB,ntt,uint64,forward,none,out-of-place,natural,10,1024,16,1152921504606584833,60,30,500,tile256,0.014399,1111150.583459,1
ntt12_u32_v07_pipe_b160,ntt12_u32-batch160,1,v0.7-pipeline-radix2,0,ntt,Tesla V100-SXM2-16GB,ntt,uint32,forward,none,out-of-place,natural,12,4096,160,1073479681,30,30,500,hybrid-dataflow,0.090034,1777102.885648,1
ntt12_u32_v07_r4_b512,ntt12_u32-batch512,2,v0.7-resident-radix4,0,ntt,Tesla V100-SXM2-16GB,ntt,uint32,forward,none,out-of-place,natural,12,4096,512,1073479681,30,30,500,hybrid-dataflow,0.099580,5141599.835037,1
ntt12_u64_v07_r4_b160,ntt12_u64-batch160,1,v0.7-resident-radix4,0,ntt,Tesla V100-SXM2-16GB,ntt,uint64,forward,none,out-of-place,natural,12,4096,160,1152921504606584833,60,30,500,hybrid-dataflow,0.054725,2923730.419792,1
ntt12_u64_v07_r4_b16,ntt12_u64-batch16,1,v0.7-resident-radix4,0,ntt,Tesla V100-SXM2-16GB,ntt,uint64,forward,none,out-of-place,natural,12,4096,16,1152921504606584833,60,30,500,hybrid-dataflow,0.023036,694567.911349,1
ntt12_u32_v06_r2_b80,ntt12_u32-batch80,3,v0.6-hybrid2d-radix2,1,ntt,Tesla V100-SXM2-16GB,ntt,uint32,forward,none,out-of-place,natural,12,4096,80,1073479681,30,30,500,hybrid2d,0.020967,3815442.484543,1
ntt12_u32_v06_r2_b256,ntt12_u32-batch256,3,v0.6-hybrid2d-radix2,1,ntt,Tesla V100-SXM2-16GB,ntt,uint32,forward,none,out-of-place,natural,12,4096,256,1073479681,30,30,500,hybrid2d,0.055167,4640457.162521,1
ntt12_u64_v06_r4_b80,ntt12_u64-batch80,3,v0.6-hybrid2d-radix4,0,ntt,Tesla V100-SXM2-16GB,ntt,uint64,forward,none,out-of-place,natural,12,4096,80,1152921504606584833,60,30,500,hybrid2d,0.027386,2921215.871675,1
ntt12_u32_v07_pipe_b160,ntt12_u32-batch160,3,v0.7-pipeline-radix2,0,ntt,Tesla V100-SXM2-16GB,ntt,uint32,forward,none,out-of-place,natural,12,4096,160,1073479681,30,30,500,hybrid-dataflow,0.090036,1777062.592055,1
ntt12_u32_v07_r4_b16,ntt12_u32-batch16,1,v0.7-resident-radix4,0,ntt,Tesla V100-SXM2-16GB,ntt,uint32,forward,none,out-of-place,natural,12,4096,16,1073479681,30,30,500,hybrid-dataflow,0.015747,1016061.895319,1
ntt12_u32_v06_r4_b512,ntt12_u32-batch512,1,v0.6-hybrid2d-radix4,0,ntt,Tesla V100-SXM2-16GB,ntt,uint32,forward,none,out-of-place,natural,12,4096,512,1073479681,30,30,500,hybrid2d,0.085217,6008171.484592,1
ntt12_u64_v06_r2_b80,ntt12_u64-batch80,3,v0.6-hybrid2d-radix2,1,ntt,Tesla V100-SXM2-16GB,ntt,uint64,forward,none,out-of-place,natural,12,4096,80,1152921504606584833,60,30,500,hybrid2d,0.028725,2785006.433122,1
ntt12_u32_v06_r4_b16,ntt12_u32-batch16,3,v0.6-hybrid2d-radix4,0,ntt,Tesla V100-SXM2-16GB,ntt,uint32,forward,none,out-of-place,natural,12,4096,16,1073479681,30,30,500,hybrid2d,0.008911,1795564.272807,1
ntt12_u64_v07_r4_b512,ntt12_u64-batch512,2,v0.7-resident-radix4,0,ntt,Tesla V100-SXM2-16GB,ntt,uint64,forward,none,out-of-place,natural,12,4096,512,1152921504606584833,60,30,500,hybrid-dataflow,0.182440,2806403.055638,1
ntt12_u32_v07_r4_b256,ntt12_u32-batch256,2,v0.7-resident-radix4,0,ntt,Tesla V100-SXM2-16GB,ntt,uint32,forward,none,out-of-place,natural,12,4096,256,1073479681,30,30,500,hybrid-dataflow,0.052591,4867790.989687,1
ntt12_u32_v06_r4_b256,ntt12_u32-batch256,2,v0.6-hybrid2d-radix4,0,ntt,Tesla V100-SXM2-16GB,ntt,uint32,forward,none,out-of-place,natural,12,4096,256,1073479681,30,30,500,hybrid2d,0.045158,5668934.098304,1
ntt12_u64_v06_r2_b1,ntt12_u64-batch1,3,v0.6-hybrid2d-radix2,1,ntt,Tesla V100-SXM2-16GB,ntt,uint64,forward,none,out-of-place,natural,12,4096,1,1152921504606584833,60,30,500,hybrid2d,0.008143,122807.161951,1
ntt12_u64_v06_r2_b512,ntt12_u64-batch512,3,v0.6-hybrid2d-radix2,1,ntt,Tesla V100-SXM2-16GB,ntt,uint64,forward,none,out-of-place,natural,12,4096,512,1152921504606584833,60,30,500,hybrid2d,0.132907,3852317.262493,1
ntt12_u64_v07_pipe_b160,ntt12_u64-batch160,1,v0.7-pipeline-radix2,0,ntt,Tesla V100-SXM2-16GB,ntt,uint64,forward,none,out-of-place,natural,12,4096,160,1152921504606584833,60,30,500,hybrid-dataflow,0.137601,1162781.969600,1
ntt12_u32_v06_r2_b256,ntt12_u32-batch256,1,v0.6-hybrid2d-radix2,1,ntt,Tesla V100-SXM2-16GB,ntt,uint32,forward,none,out-of-place,natural,12,4096,256,1073479681,30,30,500,hybrid2d,0.048196,5311690.200576,1
ntt12_u64_v07_r4_b256,ntt12_u64-batch256,2,v0.7-resident-radix4,0,ntt,Tesla V100-SXM2-16GB,ntt,uint64,forward,none,out-of-place,natural,12,4096,256,1152921504606584833,60,30,500,hybrid-dataflow,0.119327,2145370.324145,1
ntt10_u64_v07_pipe_b80,ntt10_u64-batch80,2,v0.7-pipeline-radix2,0,ntt,Tesla V100-SXM2-16GB,ntt,uint64,forward,none,out-of-place,natural,10,1024,80,1152921504606584833,60,30,500,hybrid-dataflow,0.031238,2560971.590529,1
ntt12_u64_v07_pipe_b16,ntt12_u64-batch16,1,v0.7-pipeline-radix2,0,ntt,Tesla V100-SXM2-16GB,ntt,uint64,forward,none,out-of-place,natural,12,4096,16,1152921504606584833,60,30,500,hybrid-dataflow,0.097102,164775.486070,1
ntt12_u32_v06_r4_b80,ntt12_u32-batch80,1,v0.6-hybrid2d-radix4,0,ntt,Tesla V100-SXM2-16GB,ntt,uint32,forward,none,out-of-place,natural,12,4096,80,1073479681,30,30,500,hybrid2d,0.016087,4972947.073083,1
ntt12_u64_v06_r4_b512,ntt12_u64-batch512,2,v0.6-hybrid2d-radix4,0,ntt,Tesla V100-SXM2-16GB,ntt,uint64,forward,none,out-of-place,natural,12,4096,512,1152921504606584833,60,30,500,hybrid2d,0.125809,4069672.755785,1
ntt10_u64_v06_tile_b1,ntt10_u64-batch1,1,v0.6-tile256,1,ntt,Tesla V100-SXM2-16GB,ntt,uint64,forward,none,out-of-place,natural,10,1024,1,1152921504606584833,60,30,500,tile256,0.011057,90439.205945,1
ntt10_u64_v07_pipe_b160,ntt10_u64-batch160,3,v0.7-pipeline-radix2,0,ntt,Tesla V100-SXM2-16GB,ntt,uint64,forward,none,out-of-place,natural,10,1024,160,1152921504606584833,60,30,500,hybrid-dataflow,0.033962,4711150.314810,1
ntt12_u32_v07_pipe_b1,ntt12_u32-batch1,2,v0.7-pipeline-radix2,0,ntt,Tesla V100-SXM2-16GB,ntt,uint32,forward,none,out-of-place,natural,12,4096,1,1073479681,30,30,500,hybrid-dataflow,0.068159,14671.472707,1
ntt10_u64_v07_r4_b256,ntt10_u64-batch256,2,v0.7-resident-radix4,0,ntt,Tesla V100-SXM2-16GB,ntt,uint64,forward,none,out-of-place,natural,10,1024,256,1152921504606584833,60,30,500,hybrid-dataflow,0.014801,17296250.246833,1
ntt12_u64_v07_pipe_b1,ntt12_u64-batch1,2,v0.7-pipeline-radix2,0,ntt,Tesla V100-SXM2-16GB,ntt,uint64,forward,none,out-of-place,natural,12,4096,1,1152921504606584833,60,30,500,hybrid-dataflow,0.096545,10357.888628,1
ntt12_u32_v06_r2_b16,ntt12_u32-batch16,1,v0.6-hybrid2d-radix2,1,ntt,Tesla V100-SXM2-16GB,ntt,uint32,forward,none,out-of-place,natural,12,4096,16,1073479681,30,30,500,hybrid2d,0.008479,1887077.352307,1
ntt12_u32_v07_pipe_b16,ntt12_u32-batch16,2,v0.7-pipeline-radix2,0,ntt,Tesla V100-SXM2-16GB,ntt,uint32,forward,none,out-of-place,natural,12,4096,16,1073479681,30,30,500,hybrid-dataflow,0.068176,234687.124764,1
ntt10_u64_v06_tile_b512,ntt10_u64-batch512,2,v0.6-tile256,1,ntt,Tesla V100-SXM2-16GB,ntt,uint64,forward,none,out-of-place,natural,10,1024,512,1152921504606584833,60,30,500,tile256,0.052978,9664449.874004,1
ntt12_u64_v07_r4_b80,ntt12_u64-batch80,2,v0.7-resident-radix4,0,ntt,Tesla V100-SXM2-16GB,ntt,uint64,forward,none,out-of-place,natural,12,4096,80,1152921504606584833,60,30,500,hybrid-dataflow,0.024222,3302824.052186,1
ntt12_u64_v07_r4_b512,ntt12_u64-batch512,1,v0.7-resident-radix4,0,ntt,Tesla V100-SXM2-16GB,ntt,uint64,forward,none,out-of-place,natural,12,4096,512,1152921504606584833,60,30,500,hybrid-dataflow,0.170301,3006433.814553,1
ntt12_u64_v06_r2_b256,ntt12_u64-batch256,1,v0.6-hybrid2d-radix2,1,ntt,Tesla V100-SXM2-16GB,ntt,uint64,forward,none,out-of-place,natural,12,4096,256,1152921504606584833,60,30,500,hybrid2d,0.069079,3705899.713017,1
ntt10_u64_v07_pipe_b512,ntt10_u64-batch512,3,v0.7-pipeline-radix2,0,ntt,Tesla V100-SXM2-16GB,ntt,uint64,forward,none,out-of-place,natural,10,1024,512,1152921504606584833,60,30,500,hybrid-dataflow,0.085606,5980861.509626,1
ntt12_u32_v07_r4_b1,ntt12_u32-batch1,2,v0.7-resident-radix4,0,ntt,Tesla V100-SXM2-16GB,ntt,uint32,forward,none,out-of-place,natural,12,4096,1,1073479681,30,30,500,hybrid-dataflow,0.013101,76329.723600,1
ntt10_u64_v07_pipe_b16,ntt10_u64-batch16,2,v0.7-pipeline-radix2,0,ntt,Tesla V100-SXM2-16GB,ntt,uint64,forward,none,out-of-place,natural,10,1024,16,1152921504606584833,60,30,500,hybrid-dataflow,0.031060,515132.513121,1
ntt12_u64_v06_r2_b16,ntt12_u64-batch16,1,v0.6-hybrid2d-radix2,1,ntt,Tesla V100-SXM2-16GB,ntt,uint64,forward,none,out-of-place,natural,12,4096,16,1152921504606584833,60,30,500,hybrid2d,0.009515,1681554.032423,1
ntt12_u32_v07_r4_b512,ntt12_u32-batch512,3,v0.7-resident-radix4,0,ntt,Tesla V100-SXM2-16GB,ntt,uint32,forward,none,out-of-place,natural,12,4096,512,1073479681,30,30,500,hybrid-dataflow,0.085965,5955926.220836,1
ntt12_u64_v07_r4_b1,ntt12_u64-batch1,2,v0.7-resident-radix4,0,ntt,Tesla V100-SXM2-16GB,ntt,uint64,forward,none,out-of-place,natural,12,4096,1,1152921504606584833,60,30,500,hybrid-dataflow,0.019503,51273.890663,1
ntt10_u64_v07_r4_b16,ntt10_u64-batch16,1,v0.7-resident-radix4,0,ntt,Tesla V100-SXM2-16GB,ntt,uint64,forward,none,out-of-place,natural,10,1024,16,1152921504606584833,60,30,500,hybrid-dataflow,0.006197,2581791.093489,1
ntt10_u64_v06_tile_b16,ntt10_u64-batch16,2,v0.6-tile256,1,ntt,Tesla V100-SXM2-16GB,ntt,uint64,forward,none,out-of-place,natural,10,1024,16,1152921504606584833,60,30,500,tile256,0.012364,1294102.972211,1
ntt12_u32_v07_pipe_b16,ntt12_u32-batch16,3,v0.7-pipeline-radix2,0,ntt,Tesla V100-SXM2-16GB,ntt,uint32,forward,none,out-of-place,natural,12,4096,16,1073479681,30,30,500,hybrid-dataflow,0.068182,234665.992951,1
ntt10_u64_v07_r4_b160,ntt10_u64-batch160,1,v0.7-resident-radix4,0,ntt,Tesla V100-SXM2-16GB,ntt,uint64,forward,none,out-of-place,natural,10,1024,160,1152921504606584833,60,30,500,hybrid-dataflow,0.009110,17564074.532358,1
ntt12_u32_v06_r4_b256,ntt12_u32-batch256,3,v0.6-hybrid2d-radix4,0,ntt,Tesla V100-SXM2-16GB,ntt,uint32,forward,none,out-of-place,natural,12,4096,256,1073479681,30,30,500,hybrid2d,0.049070,5217028.499754,1
ntt12_u32_v07_r4_b80,ntt12_u32-batch80,3,v0.7-resident-radix4,0,ntt,Tesla V100-SXM2-16GB,ntt,uint32,forward,none,out-of-place,natural,12,4096,80,1073479681,30,30,500,hybrid-dataflow,0.017811,4491491.143538,1
ntt12_u32_v06_r2_b512,ntt12_u32-batch512,2,v0.6-hybrid2d-radix2,1,ntt,Tesla V100-SXM2-16GB,ntt,uint32,forward,none,out-of-place,natural,12,4096,512,1073479681,30,30,500,hybrid2d,0.098038,5222477.704251,1
ntt12_u32_v06_r4_b16,ntt12_u32-batch16,1,v0.6-hybrid2d-radix4,0,ntt,Tesla V100-SXM2-16GB,ntt,uint32,forward,none,out-of-place,natural,12,4096,16,1073479681,30,30,500,hybrid2d,0.008897,1798457.646890,1
ntt10_u64_v07_pipe_b512,ntt10_u64-batch512,1,v0.7-pipeline-radix2,0,ntt,Tesla V100-SXM2-16GB,ntt,uint64,forward,none,out-of-place,natural,10,1024,512,1152921504606584833,60,30,500,hybrid-dataflow,0.097585,5246699.981226,1
ntt12_u64_v06_r4_b512,ntt12_u64-batch512,1,v0.6-hybrid2d-radix4,0,ntt,Tesla V100-SXM2-16GB,ntt,uint64,forward,none,out-of-place,natural,12,4096,512,1152921504606584833,60,30,500,hybrid2d,0.140681,3639434.223399,1
ntt12_u64_v06_r4_b160,ntt12_u64-batch160,2,v0.6-hybrid2d-radix4,0,ntt,Tesla V100-SXM2-16GB,ntt,uint64,forward,none,out-of-place,natural,12,4096,160,1152921504606584833,60,30,500,hybrid2d,0.052077,3072400.467237,1
ntt12_u32_v07_pipe_b256,ntt12_u32-batch256,2,v0.7-pipeline-radix2,0,ntt,Tesla V100-SXM2-16GB,ntt,uint32,forward,none,out-of-place,natural,12,4096,256,1073479681,30,30,500,hybrid-dataflow,0.143450,1784592.367018,1
ntt10_u64_v07_r4_b256,ntt10_u64-batch256,3,v0.7-resident-radix4,0,ntt,Tesla V100-SXM2-16GB,ntt,uint64,forward,none,out-of-place,natural,10,1024,256,1152921504606584833,60,30,500,hybrid-dataflow,0.016435,15576323.657254,1
ntt12_u64_v06_r2_b1,ntt12_u64-batch1,2,v0.6-hybrid2d-radix2,1,ntt,Tesla V100-SXM2-16GB,ntt,uint64,forward,none,out-of-place,natural,12,4096,1,1152921504606584833,60,30,500,hybrid2d,0.008516,117431.754160,1
ntt12_u64_v07_r4_b512,ntt12_u64-batch512,3,v0.7-resident-radix4,0,ntt,Tesla V100-SXM2-16GB,ntt,uint64,forward,none,out-of-place,natural,12,4096,512,1152921504606584833,60,30,500,hybrid-dataflow,0.177195,2889471.845599,1
ntt12_u32_v07_r4_b256,ntt12_u32-batch256,1,v0.7-resident-radix4,0,ntt,Tesla V100-SXM2-16GB,ntt,uint32,forward,none,out-of-place,natural,12,4096,256,1073479681,30,30,500,hybrid-dataflow,0.050289,5090612.913573,1
ntt10_u64_v07_pipe_b256,ntt10_u64-batch256,1,v0.7-pipeline-radix2,0,ntt,Tesla V100-SXM2-16GB,ntt,uint64,forward,none,out-of-place,natural,10,1024,256,1152921504606584833,60,30,500,hybrid-dataflow,0.040747,6282669.695634,1
ntt12_u64_v06_r4_b160,ntt12_u64-batch160,3,v0.6-hybrid2d-radix4,0,ntt,Tesla V100-SXM2-16GB,ntt,uint64,forward,none,out-of-place,natural,12,4096,160,1152921504606584833,60,30,500,hybrid2d,0.047061,3399843.294132,1
ntt10_u64_v06_tile_b16,ntt10_u64-batch16,3,v0.6-tile256,1,ntt,Tesla V100-SXM2-16GB,ntt,uint64,forward,none,out-of-place,natural,10,1024,16,1152921504606584833,60,30,500,tile256,0.012466,1283472.932672,1
ntt12_u64_v07_r4_b256,ntt12_u64-batch256,3,v0.7-resident-radix4,0,ntt,Tesla V100-SXM2-16GB,ntt,uint64,forward,none,out-of-place,natural,12,4096,256,1152921504606584833,60,30,500,hybrid-dataflow,0.119665,2139312.010946,1
ntt12_u64_v07_r4_b160,ntt12_u64-batch160,2,v0.7-resident-radix4,0,ntt,Tesla V100-SXM2-16GB,ntt,uint64,forward,none,out-of-place,natural,12,4096,160,1152921504606584833,60,30,500,hybrid-dataflow,0.049011,3264593.887889,1
ntt12_u32_v07_pipe_b512,ntt12_u32-batch512,1,v0.7-pipeline-radix2,0,ntt,Tesla V100-SXM2-16GB,ntt,uint32,forward,none,out-of-place,natural,12,4096,512,1073479681,30,30,500,hybrid-dataflow,0.227508,2250468.165654,1
ntt10_u64_v06_tile_b256,ntt10_u64-batch256,1,v0.6-tile256,1,ntt,Tesla V100-SXM2-16GB,ntt,uint64,forward,none,out-of-place,natural,10,1024,256,1152921504606584833,60,30,500,tile256,0.030491,8396023.701843,1
ntt12_u32_v06_r4_b80,ntt12_u32-batch80,3,v0.6-hybrid2d-radix4,0,ntt,Tesla V100-SXM2-16GB,ntt,uint32,forward,none,out-of-place,natural,12,4096,80,1073479681,30,30,500,hybrid2d,0.016112,4965361.623278,1
ntt12_u64_v07_r4_b16,ntt12_u64-batch16,3,v0.7-resident-radix4,0,ntt,Tesla V100-SXM2-16GB,ntt,uint64,forward,none,out-of-place,natural,12,4096,16,1152921504606584833,60,30,500,hybrid-dataflow,0.019677,813124.534994,1
ntt12_u64_v07_pipe_b256,ntt12_u64-batch256,3,v0.7-pipeline-radix2,0,ntt,Tesla V100-SXM2-16GB,ntt,uint64,forward,none,out-of-place,natural,12,4096,256,1152921504606584833,60,30,500,hybrid-dataflow,0.256842,996722.694203,1
ntt12_u32_v07_r4_b160,ntt12_u32-batch160,1,v0.7-resident-radix4,0,ntt,Tesla V100-SXM2-16GB,ntt,uint32,forward,none,out-of-place,natural,12,4096,160,1073479681,30,30,500,hybrid-dataflow,0.023687,6754711.814592,1
ntt12_u64_v06_r2_b16,ntt12_u64-batch16,3,v0.6-hybrid2d-radix2,1,ntt,Tesla V100-SXM2-16GB,ntt,uint64,forward,none,out-of-place,natural,12,4096,16,1152921504606584833,60,30,500,hybrid2d,0.009511,1682278.208241,1
ntt12_u32_v07_pipe_b256,ntt12_u32-batch256,1,v0.7-pipeline-radix2,0,ntt,Tesla V100-SXM2-16GB,ntt,uint32,forward,none,out-of-place,natural,12,4096,256,1073479681,30,30,500,hybrid-dataflow,0.124709,2052781.155373,1
ntt12_u64_v06_r4_b16,ntt12_u64-batch16,1,v0.6-hybrid2d-radix4,0,ntt,Tesla V100-SXM2-16GB,ntt,uint64,forward,none,out-of-place,natural,12,4096,16,1152921504606584833,60,30,500,hybrid2d,0.009105,1757197.551729,1
ntt12_u32_v06_r4_b160,ntt12_u32-batch160,3,v0.6-hybrid2d-radix4,0,ntt,Tesla V100-SXM2-16GB,ntt,uint32,forward,none,out-of-place,natural,12,4096,160,1073479681,30,30,500,hybrid2d,0.027066,5911395.145297,1
ntt10_u64_v06_tile_b80,ntt10_u64-batch80,3,v0.6-tile256,1,ntt,Tesla V100-SXM2-16GB,ntt,uint64,forward,none,out-of-place,natural,10,1024,80,1152921504606584833,60,30,500,tile256,0.017154,4663621.947313,1
ntt12_u64_v06_r2_b512,ntt12_u64-batch512,2,v0.6-hybrid2d-radix2,1,ntt,Tesla V100-SXM2-16GB,ntt,uint64,forward,none,out-of-place,natural,12,4096,512,1152921504606584833,60,30,500,hybrid2d,0.126577,4044980.426902,1
ntt12_u64_v06_r2_b16,ntt12_u64-batch16,2,v0.6-hybrid2d-radix2,1,ntt,Tesla V100-SXM2-16GB,ntt,uint64,forward,none,out-of-place,natural,12,4096,16,1152921504606584833,60,30,500,hybrid2d,0.009497,1684817.743012,1
ntt12_u32_v06_r4_b160,ntt12_u32-batch160,1,v0.6-hybrid2d-radix4,0,ntt,Tesla V100-SXM2-16GB,ntt,uint32,forward,none,out-of-place,natural,12,4096,160,1073479681,30,30,500,hybrid2d,0.027068,5910947.689710,1
ntt12_u32_v07_pipe_b80,ntt12_u32-batch80,3,v0.7-pipeline-radix2,0,ntt,Tesla V100-SXM2-16GB,ntt,uint32,forward,none,out-of-place,natural,12,4096,80,1073479681,30,30,500,hybrid-dataflow,0.068352,1170412.003423,1
ntt12_u32_v06_r2_b512,ntt12_u32-batch512,3,v0.6-hybrid2d-radix2,1,ntt,Tesla V100-SXM2-16GB,ntt,uint32,forward,none,out-of-place,natural,12,4096,512,1073479681,30,30,500,hybrid2d,0.085262,6004996.168290,1
ntt10_u64_v07_r4_b512,ntt10_u64-batch512,2,v0.7-resident-radix4,0,ntt,Tesla V100-SXM2-16GB,ntt,uint64,forward,none,out-of-place,natural,10,1024,512,1152921504606584833,60,30,500,hybrid-dataflow,0.025756,19879135.192022,1
ntt12_u32_v06_r2_b256,ntt12_u32-batch256,2,v0.6-hybrid2d-radix2,1,ntt,Tesla V100-SXM2-16GB,ntt,uint32,forward,none,out-of-place,natural,12,4096,256,1073479681,30,30,500,hybrid2d,0.048214,5309659.484278,1
ntt12_u64_v06_r4_b1,ntt12_u64-batch1,2,v0.6-hybrid2d-radix4,0,ntt,Tesla V100-SXM2-16GB,ntt,uint64,forward,none,out-of-place,natural,12,4096,1,1152921504606584833,60,30,500,hybrid2d,0.007707,129758.504020,1
ntt12_u64_v06_r4_b1,ntt12_u64-batch1,3,v0.6-hybrid2d-radix4,0,ntt,Tesla V100-SXM2-16GB,ntt,uint64,forward,none,out-of-place,natural,12,4096,1,1152921504606584833,60,30,500,hybrid2d,0.007692,130000.330406,1
ntt12_u32_v07_pipe_b16,ntt12_u32-batch16,1,v0.7-pipeline-radix2,0,ntt,Tesla V100-SXM2-16GB,ntt,uint32,forward,none,out-of-place,natural,12,4096,16,1073479681,30,30,500,hybrid-dataflow,0.068172,234701.231855,1
ntt10_u64_v07_pipe_b256,ntt10_u64-batch256,2,v0.7-pipeline-radix2,0,ntt,Tesla V100-SXM2-16GB,ntt,uint64,forward,none,out-of-place,natural,10,1024,256,1152921504606584833,60,30,500,hybrid-dataflow,0.040401,6336493.680793,1
ntt10_u64_v07_pipe_b80,ntt10_u64-batch80,3,v0.7-pipeline-radix2,0,ntt,Tesla V100-SXM2-16GB,ntt,uint64,forward,none,out-of-place,natural,10,1024,80,1152921504606584833,60,30,500,hybrid-dataflow,0.031234,2561307.430078,1
ntt12_u32_v07_pipe_b512,ntt12_u32-batch512,3,v0.7-pipeline-radix2,0,ntt,Tesla V100-SXM2-16GB,ntt,uint32,forward,none,out-of-place,natural,12,4096,512,1073479681,30,30,500,hybrid-dataflow,0.224899,2276576.641907,1
ntt12_u64_v07_pipe_b1,ntt12_u64-batch1,3,v0.7-pipeline-radix2,0,ntt,Tesla V100-SXM2-16GB,ntt,uint64,forward,none,out-of-place,natural,12,4096,1,1152921504606584833,60,30,500,hybrid-dataflow,0.096553,10357.010226,1
ntt10_u64_v07_pipe_b80,ntt10_u64-batch80,1,v0.7-pipeline-radix2,0,ntt,Tesla V100-SXM2-16GB,ntt,uint64,forward,none,out-of-place,natural,10,1024,80,1152921504606584833,60,30,500,hybrid-dataflow,0.031240,2560803.627437,1
ntt10_u64_v07_pipe_b256,ntt10_u64-batch256,3,v0.7-pipeline-radix2,0,ntt,Tesla V100-SXM2-16GB,ntt,uint64,forward,none,out-of-place,natural,10,1024,256,1152921504606584833,60,30,500,hybrid-dataflow,0.040401,6336493.680793,1
ntt12_u32_v07_pipe_b1,ntt12_u32-batch1,3,v0.7-pipeline-radix2,0,ntt,Tesla V100-SXM2-16GB,ntt,uint32,forward,none,out-of-place,natural,12,4096,1,1073479681,30,30,500,hybrid-dataflow,0.068139,14675.881145,1
ntt12_u64_v06_r2_b80,ntt12_u64-batch80,2,v0.6-hybrid2d-radix2,1,ntt,Tesla V100-SXM2-16GB,ntt,uint64,forward,none,out-of-place,natural,12,4096,80,1152921504606584833,60,30,500,hybrid2d,0.025309,3160908.075825,1
ntt12_u32_v07_r4_b512,ntt12_u32-batch512,1,v0.7-resident-radix4,0,ntt,Tesla V100-SXM2-16GB,ntt,uint32,forward,none,out-of-place,natural,12,4096,512,1073479681,30,30,500,hybrid-dataflow,0.085901,5960328.019679,1
ntt12_u32_v07_pipe_b1,ntt12_u32-batch1,1,v0.7-pipeline-radix2,0,ntt,Tesla V100-SXM2-16GB,ntt,uint32,forward,none,out-of-place,natural,12,4096,1,1073479681,30,30,500,hybrid-dataflow,0.068157,14671.912148,1
ntt12_u32_v06_r2_b160,ntt12_u32-batch160,2,v0.6-hybrid2d-radix2,1,ntt,Tesla V100-SXM2-16GB,ntt,uint32,forward,none,out-of-place,natural,12,4096,160,1073479681,30,30,500,hybrid2d,0.030843,5187583.037139,1
ntt12_u64_v06_r2_b256,ntt12_u64-batch256,3,v0.6-hybrid2d-radix2,1,ntt,Tesla V100-SXM2-16GB,ntt,uint64,forward,none,out-of-place,natural,12,4096,256,1152921504606584833,60,30,500,hybrid2d,0.069073,3706229.097615,1
ntt12_u64_v06_r4_b256,ntt12_u64-batch256,3,v0.6-hybrid2d-radix4,0,ntt,Tesla V100-SXM2-16GB,ntt,uint64,forward,none,out-of-place,natural,12,4096,256,1152921504606584833,60,30,500,hybrid2d,0.068835,3719020.691702,1
ntt12_u32_v07_r4_b16,ntt12_u32-batch16,3,v0.7-resident-radix4,0,ntt,Tesla V100-SXM2-16GB,ntt,uint32,forward,none,out-of-place,natural,12,4096,16,1073479681,30,30,500,hybrid-dataflow,0.013482,1186768.957811,1
ntt10_u64_v07_r4_b160,ntt10_u64-batch160,2,v0.7-resident-radix4,0,ntt,Tesla V100-SXM2-16GB,ntt,uint64,forward,none,out-of-place,natural,10,1024,160,1152921504606584833,60,30,500,hybrid-dataflow,0.009124,17536475.160027,1
ntt12_u32_v06_r2_b1,ntt12_u32-batch1,3,v0.6-hybrid2d-radix2,1,ntt,Tesla V100-SXM2-16GB,ntt,uint32,forward,none,out-of-place,natural,12,4096,1,1073479681,30,30,500,hybrid2d,0.006861,145755.605050,1
ntt10_u64_v06_tile_b256,ntt10_u64-batch256,3,v0.6-tile256,1,ntt,Tesla V100-SXM2-16GB,ntt,uint64,forward,none,out-of-place,natural,10,1024,256,1152921504606584833,60,30,500,tile256,0.030497,8394331.967086,1
ntt10_u64_v07_pipe_b16,ntt10_u64-batch16,1,v0.7-pipeline-radix2,0,ntt,Tesla V100-SXM2-16GB,ntt,uint64,forward,none,out-of-place,natural,10,1024,16,1152921504606584833,60,30,500,hybrid-dataflow,0.031052,515268.412618,1
ntt10_u64_v07_pipe_b512,ntt10_u64-batch512,2,v0.7-pipeline-radix2,0,ntt,Tesla V100-SXM2-16GB,ntt,uint64,forward,none,out-of-place,natural,10,1024,512,1152921504606584833,60,30,500,hybrid-dataflow,0.085150,6012939.708183,1
ntt12_u32_v06_r2_b16,ntt12_u32-batch16,2,v0.6-hybrid2d-radix2,1,ntt,Tesla V100-SXM2-16GB,ntt,uint32,forward,none,out-of-place,natural,12,4096,16,1073479681,30,30,500,hybrid2d,0.008489,1884800.839763,1
ntt10_u64_v06_tile_b160,ntt10_u64-batch160,3,v0.6-tile256,1,ntt,Tesla V100-SXM2-16GB,ntt,uint64,forward,none,out-of-place,natural,10,1024,160,1152921504606584833,60,30,500,tile256,0.022813,7013645.761652,1
ntt10_u64_v07_r4_b160,ntt10_u64-batch160,3,v0.7-resident-radix4,0,ntt,Tesla V100-SXM2-16GB,ntt,uint64,forward,none,out-of-place,natural,10,1024,160,1152921504606584833,60,30,500,hybrid-dataflow,0.009130,17524674.157927,1
ntt10_u64_v06_tile_b80,ntt10_u64-batch80,1,v0.6-tile256,1,ntt,Tesla V100-SXM2-16GB,ntt,uint64,forward,none,out-of-place,natural,10,1024,80,1152921504606584833,60,30,500,tile256,0.017175,4658060.806865,1
ntt12_u32_v06_r2_b160,ntt12_u32-batch160,1,v0.6-hybrid2d-radix2,1,ntt,Tesla V100-SXM2-16GB,ntt,uint32,forward,none,out-of-place,natural,12,4096,160,1073479681,30,30,500,hybrid2d,0.030849,5186549.714212,1
ntt12_u32_v06_r4_b80,ntt12_u32-batch80,2,v0.6-hybrid2d-radix4,0,ntt,Tesla V100-SXM2-16GB,ntt,uint32,forward,none,out-of-place,natural,12,4096,80,1073479681,30,30,500,hybrid2d,0.016073,4977382.919647,1
ntt12_u64_v07_pipe_b512,ntt12_u64-batch512,1,v0.7-pipeline-radix2,0,ntt,Tesla V100-SXM2-16GB,ntt,uint64,forward,none,out-of-place,natural,12,4096,512,1152921504606584833,60,30,500,hybrid-dataflow,0.512705,998625.814383,1
ntt10_u64_v07_pipe_b16,ntt10_u64-batch16,3,v0.7-pipeline-radix2,0,ntt,Tesla V100-SXM2-16GB,ntt,uint64,forward,none,out-of-place,natural,10,1024,16,1152921504606584833,60,30,500,hybrid-dataflow,0.031236,512227.915131,1
ntt12_u32_v06_r4_b160,ntt12_u32-batch160,2,v0.6-hybrid2d-radix4,0,ntt,Tesla V100-SXM2-16GB,ntt,uint32,forward,none,out-of-place,natural,12,4096,160,1073479681,30,30,500,hybrid2d,0.027052,5914528.010530,1
ntt12_u64_v06_r2_b256,ntt12_u64-batch256,2,v0.6-hybrid2d-radix2,1,ntt,Tesla V100-SXM2-16GB,ntt,uint64,forward,none,out-of-place,natural,12,4096,256,1152921504606584833,60,30,500,hybrid2d,0.069087,3705460.091805,1
ntt12_u64_v07_pipe_b16,ntt12_u64-batch16,2,v0.7-pipeline-radix2,0,ntt,Tesla V100-SXM2-16GB,ntt,uint64,forward,none,out-of-place,natural,12,4096,16,1152921504606584833,60,30,500,hybrid-dataflow,0.097065,164838.068143,1
ntt12_u32_v07_r4_b160,ntt12_u32-batch160,2,v0.7-resident-radix4,0,ntt,Tesla V100-SXM2-16GB,ntt,uint32,forward,none,out-of-place,natural,12,4096,160,1073479681,30,30,500,hybrid-dataflow,0.023710,6748294.092110,1
ntt12_u64_v07_pipe_b512,ntt12_u64-batch512,3,v0.7-pipeline-radix2,0,ntt,Tesla V100-SXM2-16GB,ntt,uint64,forward,none,out-of-place,natural,12,4096,512,1152921504606584833,60,30,500,hybrid-dataflow,0.512985,998079.651313,1
ntt12_u32_v06_r2_b80,ntt12_u32-batch80,2,v0.6-hybrid2d-radix2,1,ntt,Tesla V100-SXM2-16GB,ntt,uint32,forward,none,out-of-place,natural,12,4096,80,1073479681,30,30,500,hybrid2d,0.017922,4463775.222731,1
ntt12_u64_v06_r4_b256,ntt12_u64-batch256,2,v0.6-hybrid2d-radix4,0,ntt,Tesla V100-SXM2-16GB,ntt,uint64,forward,none,out-of-place,natural,12,4096,256,1152921504606584833,60,30,500,hybrid2d,0.068856,3717914.442736,1
ntt10_u64_v06_tile_b512,ntt10_u64-batch512,1,v0.6-tile256,1,ntt,Tesla V100-SXM2-16GB,ntt,uint64,forward,none,out-of-place,natural,10,1024,512,1152921504606584833,60,30,500,tile256,0.052951,9669309.997737,1
ntt12_u64_v07_pipe_b256,ntt12_u64-batch256,1,v0.7-pipeline-radix2,0,ntt,Tesla V100-SXM2-16GB,ntt,uint64,forward,none,out-of-place,natural,12,4096,256,1152921504606584833,60,30,500,hybrid-dataflow,0.256881,996571.789216,1
ntt12_u64_v07_r4_b16,ntt12_u64-batch16,2,v0.7-resident-radix4,0,ntt,Tesla V100-SXM2-16GB,ntt,uint64,forward,none,out-of-place,natural,12,4096,16,1152921504606584833,60,30,500,hybrid-dataflow,0.019683,812870.611684,1
ntt10_u64_v06_tile_b80,ntt10_u64-batch80,2,v0.6-tile256,1,ntt,Tesla V100-SXM2-16GB,ntt,uint64,forward,none,out-of-place,natural,10,1024,80,1152921504606584833,60,30,500,tile256,0.017220,4645872.860692,1
ntt12_u64_v06_r4_b512,ntt12_u64-batch512,3,v0.6-hybrid2d-radix4,0,ntt,Tesla V100-SXM2-16GB,ntt,uint64,forward,none,out-of-place,natural,12,4096,512,1152921504606584833,60,30,500,hybrid2d,0.125776,4070733.003849,1
ntt12_u32_v07_r4_b160,ntt12_u32-batch160,3,v0.7-resident-radix4,0,ntt,Tesla V100-SXM2-16GB,ntt,uint32,forward,none,out-of-place,natural,12,4096,160,1073479681,30,30,500,hybrid-dataflow,0.023699,6751210.112148,1
ntt12_u64_v07_r4_b160,ntt12_u64-batch160,3,v0.7-resident-radix4,0,ntt,Tesla V100-SXM2-16GB,ntt,uint64,forward,none,out-of-place,natural,12,4096,160,1152921504606584833,60,30,500,hybrid-dataflow,0.048878,3273485.356319,1
ntt12_u32_v07_r4_b80,ntt12_u32-batch80,1,v0.7-resident-radix4,0,ntt,Tesla V100-SXM2-16GB,ntt,uint32,forward,none,out-of-place,natural,12,4096,80,1073479681,30,30,500,hybrid-dataflow,0.015268,5239771.763808,1
ntt12_u32_v07_r4_b1,ntt12_u32-batch1,3,v0.7-resident-radix4,0,ntt,Tesla V100-SXM2-16GB,ntt,uint32,forward,none,out-of-place,natural,12,4096,1,1073479681,30,30,500,hybrid-dataflow,0.013101,76329.723600,1
ntt10_u64_v07_r4_b16,ntt10_u64-batch16,3,v0.7-resident-radix4,0,ntt,Tesla V100-SXM2-16GB,ntt,uint64,forward,none,out-of-place,natural,10,1024,16,1152921504606584833,60,30,500,hybrid-dataflow,0.006195,2582644.569103,1
ntt10_u64_v07_r4_b16,ntt10_u64-batch16,2,v0.7-resident-radix4,0,ntt,Tesla V100-SXM2-16GB,ntt,uint64,forward,none,out-of-place,natural,10,1024,16,1152921504606584833,60,30,500,hybrid-dataflow,0.006199,2580938.181778,1
ntt12_u32_v06_r2_b160,ntt12_u32-batch160,3,v0.6-hybrid2d-radix2,1,ntt,Tesla V100-SXM2-16GB,ntt,uint32,forward,none,out-of-place,natural,12,4096,160,1073479681,30,30,500,hybrid2d,0.030843,5187583.037139,1
ntt10_u64_v07_pipe_b1,ntt10_u64-batch1,2,v0.7-pipeline-radix2,0,ntt,Tesla V100-SXM2-16GB,ntt,uint64,forward,none,out-of-place,natural,10,1024,1,1152921504606584833,60,30,500,hybrid-dataflow,0.030839,32426.700271,1
ntt12_u64_v07_pipe_b16,ntt12_u64-batch16,3,v0.7-pipeline-radix2,0,ntt,Tesla V100-SXM2-16GB,ntt,uint64,forward,none,out-of-place,natural,12,4096,16,1152921504606584833,60,30,500,hybrid-dataflow,0.097083,164806.771166,1
ntt12_u32_v07_pipe_b160,ntt12_u32-batch160,2,v0.7-pipeline-radix2,0,ntt,Tesla V100-SXM2-16GB,ntt,uint32,forward,none,out-of-place,natural,12,4096,160,1073479681,30,30,500,hybrid-dataflow,0.076937,2079617.614723,1
ntt10_u64_v07_r4_b512,ntt10_u64-batch512,1,v0.7-resident-radix4,0,ntt,Tesla V100-SXM2-16GB,ntt,uint64,forward,none,out-of-place,natural,10,1024,512,1152921504606584833,60,30,500,hybrid-dataflow,0.025704,19918730.767188,1
ntt12_u32_v06_r4_b1,ntt12_u32-batch1,1,v0.6-hybrid2d-radix4,0,ntt,Tesla V100-SXM2-16GB,ntt,uint32,forward,none,out-of-place,natural,12,4096,1,1073479681,30,30,500,hybrid2d,0.005978,167276.889721,1
ntt12_u64_v06_r2_b80,ntt12_u64-batch80,1,v0.6-hybrid2d-radix2,1,ntt,Tesla V100-SXM2-16GB,ntt,uint64,forward,none,out-of-place,natural,12,4096,80,1152921504606584833,60,30,500,hybrid2d,0.025397,3149947.745673,1
ntt12_u64_v07_r4_b80,ntt12_u64-batch80,3,v0.7-resident-radix4,0,ntt,Tesla V100-SXM2-16GB,ntt,uint64,forward,none,out-of-place,natural,12,4096,80,1152921504606584833,60,30,500,hybrid-dataflow,0.023560,3395558.003925,1
ntt10_u64_v07_pipe_b160,ntt10_u64-batch160,1,v0.7-pipeline-radix2,0,ntt,Tesla V100-SXM2-16GB,ntt,uint64,forward,none,out-of-place,natural,10,1024,160,1152921504606584833,60,30,500,hybrid-dataflow,0.033976,4709162.121295,1
ntt12_u64_v07_pipe_b256,ntt12_u64-batch256,2,v0.7-pipeline-radix2,0,ntt,Tesla V100-SXM2-16GB,ntt,uint64,forward,none,out-of-place,natural,12,4096,256,1152921504606584833,60,30,500,hybrid-dataflow,0.256723,997184.018188,1
ntt10_u64_v07_r4_b80,ntt10_u64-batch80,1,v0.7-resident-radix4,0,ntt,Tesla V100-SXM2-16GB,ntt,uint64,forward,none,out-of-place,natural,10,1024,80,1152921504606584833,60,30,500,hybrid-dataflow,0.007051,11345483.693087,1
ntt10_u64_v07_r4_b1,ntt10_u64-batch1,3,v0.7-resident-radix4,0,ntt,Tesla V100-SXM2-16GB,ntt,uint64,forward,none,out-of-place,natural,10,1024,1,1152921504606584833,60,30,500,hybrid-dataflow,0.006103,163852.763494,1
ntt12_u64_v07_r4_b1,ntt12_u64-batch1,1,v0.7-resident-radix4,0,ntt,Tesla V100-SXM2-16GB,ntt,uint64,forward,none,out-of-place,natural,12,4096,1,1152921504606584833,60,30,500,hybrid-dataflow,0.019569,51102.174573,1
ntt12_u64_v07_pipe_b1,ntt12_u64-batch1,1,v0.7-pipeline-radix2,0,ntt,Tesla V100-SXM2-16GB,ntt,uint64,forward,none,out-of-place,natural,12,4096,1,1152921504606584833,60,30,500,hybrid-dataflow,0.096496,10363.165373,1
ntt12_u32_v07_r4_b16,ntt12_u32-batch16,2,v0.7-resident-radix4,0,ntt,Tesla V100-SXM2-16GB,ntt,uint32,forward,none,out-of-place,natural,12,4096,16,1073479681,30,30,500,hybrid-dataflow,0.013478,1187129.619234,1
ntt12_u32_v06_r4_b512,ntt12_u32-batch512,2,v0.6-hybrid2d-radix4,0,ntt,Tesla V100-SXM2-16GB,ntt,uint32,forward,none,out-of-place,natural,12,4096,512,1073479681,30,30,500,hybrid2d,0.074924,6833588.010661,1
ntt12_u64_v06_r2_b160,ntt12_u64-batch160,2,v0.6-hybrid2d-radix2,1,ntt,Tesla V100-SXM2-16GB,ntt,uint64,forward,none,out-of-place,natural,12,4096,160,1152921504606584833,60,30,500,hybrid2d,0.046918,3410231.770485,1
ntt12_u32_v07_pipe_b80,ntt12_u32-batch80,1,v0.7-pipeline-radix2,0,ntt,Tesla V100-SXM2-16GB,ntt,uint32,forward,none,out-of-place,natural,12,4096,80,1073479681,30,30,500,hybrid-dataflow,0.068360,1170271.683842,1
ntt10_u64_v07_r4_b1,ntt10_u64-batch1,1,v0.7-resident-radix4,0,ntt,Tesla V100-SXM2-16GB,ntt,uint64,forward,none,out-of-place,natural,10,1024,1,1152921504606584833,60,30,500,hybrid-dataflow,0.006103,163852.763494,1
ntt12_u64_v06_r2_b160,ntt12_u64-batch160,1,v0.6-hybrid2d-radix2,1,ntt,Tesla V100-SXM2-16GB,ntt,uint64,forward,none,out-of-place,natural,12,4096,160,1152921504606584833,60,30,500,hybrid2d,0.046821,3417242.427468,1
ntt10_u64_v06_tile_b512,ntt10_u64-batch512,3,v0.6-tile256,1,ntt,Tesla V100-SXM2-16GB,ntt,uint64,forward,none,out-of-place,natural,10,1024,512,1152921504606584833,60,30,500,tile256,0.053002,9659969.402742,1
ntt12_u64_v06_r4_b256,ntt12_u64-batch256,1,v0.6-hybrid2d-radix4,0,ntt,Tesla V100-SXM2-16GB,ntt,uint64,forward,none,out-of-place,natural,12,4096,256,1152921504606584833,60,30,500,hybrid2d,0.068846,3718467.686151,1
ntt10_u64_v07_r4_b1,ntt10_u64-batch1,2,v0.7-resident-radix4,0,ntt,Tesla V100-SXM2-16GB,ntt,uint64,forward,none,out-of-place,natural,10,1024,1,1152921504606584833,60,30,500,hybrid-dataflow,0.006099,163962.804478,1
ntt12_u64_v06_r4_b160,ntt12_u64-batch160,1,v0.6-hybrid2d-radix4,0,ntt,Tesla V100-SXM2-16GB,ntt,uint64,forward,none,out-of-place,natural,12,4096,160,1152921504606584833,60,30,500,hybrid2d,0.046815,3417691.103304,1
ntt12_u64_v07_pipe_b512,ntt12_u64-batch512,2,v0.7-pipeline-radix2,0,ntt,Tesla V100-SXM2-16GB,ntt,uint64,forward,none,out-of-place,natural,12,4096,512,1152921504606584833,60,30,500,hybrid-dataflow,0.512645,998741.575103,1
ntt10_u64_v06_tile_b1,ntt10_u64-batch1,2,v0.6-tile256,1,ntt,Tesla V100-SXM2-16GB,ntt,uint64,forward,none,out-of-place,natural,10,1024,1,1152921504606584833,60,30,500,tile256,0.011051,90489.479038,1
ntt12_u32_v07_pipe_b512,ntt12_u32-batch512,2,v0.7-pipeline-radix2,0,ntt,Tesla V100-SXM2-16GB,ntt,uint32,forward,none,out-of-place,natural,12,4096,512,1073479681,30,30,500,hybrid-dataflow,0.224711,2278485.605080,1
ntt12_u32_v06_r4_b256,ntt12_u32-batch256,1,v0.6-hybrid2d-radix4,0,ntt,Tesla V100-SXM2-16GB,ntt,uint32,forward,none,out-of-place,natural,12,4096,256,1073479681,30,30,500,hybrid2d,0.043002,5953231.323349,1
ntt12_u64_v06_r2_b512,ntt12_u64-batch512,1,v0.6-hybrid2d-radix2,1,ntt,Tesla V100-SXM2-16GB,ntt,uint64,forward,none,out-of-place,natural,12,4096,512,1152921504606584833,60,30,500,hybrid2d,0.126892,4034926.378238,1
ntt12_u32_v06_r2_b1,ntt12_u32-batch1,1,v0.6-hybrid2d-radix2,1,ntt,Tesla V100-SXM2-16GB,ntt,uint32,forward,none,out-of-place,natural,12,4096,1,1073479681,30,30,500,hybrid2d,0.006873,145495.009839,1
ntt12_u64_v06_r2_b160,ntt12_u64-batch160,3,v0.6-hybrid2d-radix2,1,ntt,Tesla V100-SXM2-16GB,ntt,uint64,forward,none,out-of-place,natural,12,4096,160,1152921504606584833,60,30,500,hybrid2d,0.047053,3400435.208350,1
ntt12_u32_v06_r4_b512,ntt12_u32-batch512,3,v0.6-hybrid2d-radix4,0,ntt,Tesla V100-SXM2-16GB,ntt,uint32,forward,none,out-of-place,natural,12,4096,512,1073479681,30,30,500,hybrid2d,0.074902,6835643.570597,1
ntt12_u64_v06_r4_b80,ntt12_u64-batch80,2,v0.6-hybrid2d-radix4,0,ntt,Tesla V100-SXM2-16GB,ntt,uint64,forward,none,out-of-place,natural,12,4096,80,1152921504606584833,60,30,500,hybrid2d,0.024224,3302544.944365,1
ntt10_u64_v07_r4_b512,ntt10_u64-batch512,3,v0.7-resident-radix4,0,ntt,Tesla V100-SXM2-16GB,ntt,uint64,forward,none,out-of-place,natural,10,1024,512,1152921504606584833,60,30,500,hybrid-dataflow,0.025723,19904458.663393,1
ntt12_u32_v07_pipe_b256,ntt12_u32-batch256,3,v0.7-pipeline-radix2,0,ntt,Tesla V100-SXM2-16GB,ntt,uint32,forward,none,out-of-place,natural,12,4096,256,1073479681,30,30,500,hybrid-dataflow,0.124750,2052107.096916,1
ntt10_u64_v07_r4_b256,ntt10_u64-batch256,1,v0.7-resident-radix4,0,ntt,Tesla V100-SXM2-16GB,ntt,uint64,forward,none,out-of-place,natural,10,1024,256,1152921504606584833,60,30,500,hybrid-dataflow,0.014791,17308224.815705,1
ntt10_u64_v07_r4_b80,ntt10_u64-batch80,2,v0.7-resident-radix4,0,ntt,Tesla V100-SXM2-16GB,ntt,uint64,forward,none,out-of-place,natural,10,1024,80,1152921504606584833,60,30,500,hybrid-dataflow,0.007057,11335606.707669,1
ntt10_u64_v06_tile_b160,ntt10_u64-batch160,2,v0.6-tile256,1,ntt,Tesla V100-SXM2-16GB,ntt,uint64,forward,none,out-of-place,natural,10,1024,160,1152921504606584833,60,30,500,tile256,0.022813,7013645.761652,1
ntt12_u32_v07_r4_b256,ntt12_u32-batch256,3,v0.7-resident-radix4,0,ntt,Tesla V100-SXM2-16GB,ntt,uint32,forward,none,out-of-place,natural,12,4096,256,1073479681,30,30,500,hybrid-dataflow,0.050006,5119383.924237,1
ntt12_u32_v06_r2_b16,ntt12_u32-batch16,3,v0.6-hybrid2d-radix2,1,ntt,Tesla V100-SXM2-16GB,ntt,uint32,forward,none,out-of-place,natural,12,4096,16,1073479681,30,30,500,hybrid2d,0.008475,1887989.414870,1
ntt10_u64_v06_tile_b1,ntt10_u64-batch1,3,v0.6-tile256,1,ntt,Tesla V100-SXM2-16GB,ntt,uint64,forward,none,out-of-place,natural,10,1024,1,1152921504606584833,60,30,500,tile256,0.011061,90405.716497,1
ntt10_u64_v07_r4_b80,ntt10_u64-batch80,3,v0.7-resident-radix4,0,ntt,Tesla V100-SXM2-16GB,ntt,uint64,forward,none,out-of-place,natural,10,1024,80,1152921504606584833,60,30,500,hybrid-dataflow,0.007053,11342189.452713,1
ntt12_u64_v07_r4_b80,ntt12_u64-batch80,1,v0.7-resident-radix4,0,ntt,Tesla V100-SXM2-16GB,ntt,uint64,forward,none,out-of-place,natural,12,4096,80,1152921504606584833,60,30,500,hybrid-dataflow,0.023552,3396739.055062,1
ntt12_u32_v07_r4_b1,ntt12_u32-batch1,1,v0.7-resident-radix4,0,ntt,Tesla V100-SXM2-16GB,ntt,uint32,forward,none,out-of-place,natural,12,4096,1,1073479681,30,30,500,hybrid-dataflow,0.013103,76317.798903,1
ntt12_u32_v06_r4_b16,ntt12_u32-batch16,2,v0.6-hybrid2d-radix4,0,ntt,Tesla V100-SXM2-16GB,ntt,uint32,forward,none,out-of-place,natural,12,4096,16,1073479681,30,30,500,hybrid2d,0.007641,2093942.583121,1
ntt12_u64_v06_r4_b16,ntt12_u64-batch16,3,v0.6-hybrid2d-radix4,0,ntt,Tesla V100-SXM2-16GB,ntt,uint64,forward,none,out-of-place,natural,12,4096,16,1152921504606584833,60,30,500,hybrid2d,0.009107,1756802.233999,1
ntt12_u32_v06_r4_b1,ntt12_u32-batch1,3,v0.6-hybrid2d-radix4,0,ntt,Tesla V100-SXM2-16GB,ntt,uint32,forward,none,out-of-place,natural,12,4096,1,1073479681,30,30,500,hybrid2d,0.005962,167736.594600,1
ntt12_u64_v07_pipe_b80,ntt12_u64-batch80,3,v0.7-pipeline-radix2,0,ntt,Tesla V100-SXM2-16GB,ntt,uint64,forward,none,out-of-place,natural,12,4096,80,1152921504606584833,60,30,500,hybrid-dataflow,0.101263,790019.219594,1
ntt12_u32_v07_r4_b80,ntt12_u32-batch80,2,v0.7-resident-radix4,0,ntt,Tesla V100-SXM2-16GB,ntt,uint32,forward,none,out-of-place,natural,12,4096,80,1073479681,30,30,500,hybrid-dataflow,0.015256,5243992.235902,1
ntt12_u64_v07_r4_b256,ntt12_u64-batch256,1,v0.7-resident-radix4,0,ntt,Tesla V100-SXM2-16GB,ntt,uint64,forward,none,out-of-place,natural,12,4096,256,1152921504606584833,60,30,500,hybrid-dataflow,0.119343,2145075.800414,1
ntt12_u64_v06_r2_b1,ntt12_u64-batch1,1,v0.6-hybrid2d-radix2,1,ntt,Tesla V100-SXM2-16GB,ntt,uint64,forward,none,out-of-place,natural,12,4096,1,1152921504606584833,60,30,500,hybrid2d,0.007684,130138.929926,1
ntt12_u64_v07_pipe_b80,ntt12_u64-batch80,1,v0.7-pipeline-radix2,0,ntt,Tesla V100-SXM2-16GB,ntt,uint64,forward,none,out-of-place,natural,12,4096,80,1152921504606584833,60,30,500,hybrid-dataflow,0.101190,790594.860251,1
ntt12_u64_v07_pipe_b160,ntt12_u64-batch160,2,v0.7-pipeline-radix2,0,ntt,Tesla V100-SXM2-16GB,ntt,uint64,forward,none,out-of-place,natural,12,4096,160,1152921504606584833,60,30,500,hybrid-dataflow,0.137511,1163544.036373,1
ntt12_u32_v06_r2_b80,ntt12_u32-batch80,1,v0.6-hybrid2d-radix2,1,ntt,Tesla V100-SXM2-16GB,ntt,uint32,forward,none,out-of-place,natural,12,4096,80,1073479681,30,30,500,hybrid2d,0.017930,4461735.826869,1
ntt12_u64_v07_pipe_b160,ntt12_u64-batch160,3,v0.7-pipeline-radix2,0,ntt,Tesla V100-SXM2-16GB,ntt,uint64,forward,none,out-of-place,natural,12,4096,160,1152921504606584833,60,30,500,hybrid-dataflow,0.136790,1169676.083044,1
ntt12_u64_v06_r4_b1,ntt12_u64-batch1,1,v0.6-hybrid2d-radix4,0,ntt,Tesla V100-SXM2-16GB,ntt,uint64,forward,none,out-of-place,natural,12,4096,1,1152921504606584833,60,30,500,hybrid2d,0.007684,130138.929926,1
ntt12_u64_v06_r4_b80,ntt12_u64-batch80,1,v0.6-hybrid2d-radix4,0,ntt,Tesla V100-SXM2-16GB,ntt,uint64,forward,none,out-of-place,natural,12,4096,80,1152921504606584833,60,30,500,hybrid2d,0.024205,3305059.631579,1
ntt12_u32_v06_r2_b1,ntt12_u32-batch1,2,v0.6-hybrid2d-radix2,1,ntt,Tesla V100-SXM2-16GB,ntt,uint32,forward,none,out-of-place,natural,12,4096,1,1073479681,30,30,500,hybrid2d,0.006859,145799.126719,1
ntt12_u32_v06_r4_b1,ntt12_u32-batch1,2,v0.6-hybrid2d-radix4,0,ntt,Tesla V100-SXM2-16GB,ntt,uint32,forward,none,out-of-place,natural,12,4096,1,1073479681,30,30,500,hybrid2d,0.005956,167909.649143,1
ntt12_u32_v06_r2_b512,ntt12_u32-batch512,1,v0.6-hybrid2d-radix2,1,ntt,Tesla V100-SXM2-16GB,ntt,uint32,forward,none,out-of-place,natural,12,4096,512,1073479681,30,30,500,hybrid2d,0.085242,6006438.504990,1
ntt12_u64_v07_pipe_b80,ntt12_u64-batch80,2,v0.7-pipeline-radix2,0,ntt,Tesla V100-SXM2-16GB,ntt,uint64,forward,none,out-of-place,natural,12,4096,80,1152921504606584833,60,30,500,hybrid-dataflow,0.101265,790003.235083,1
ntt10_u64_v06_tile_b160,ntt10_u64-batch160,1,v0.6-tile256,1,ntt,Tesla V100-SXM2-16GB,ntt,uint64,forward,none,out-of-place,natural,10,1024,160,1152921504606584833,60,30,500,tile256,0.022815,7013015.890848,1
ntt12_u32_v07_pipe_b80,ntt12_u32-batch80,2,v0.7-pipeline-radix2,0,ntt,Tesla V100-SXM2-16GB,ntt,uint32,forward,none,out-of-place,natural,12,4096,80,1073479681,30,30,500,hybrid-dataflow,0.068352,1170412.003423,1
